date,crop_name,category,min_price,max_price,avg_price
2023-01-01,Wheat,Grains,6.4,35.4,25.15
2023-01-01,Guava,Fruits,6.0,54.0,19.33
2023-01-01,Lemon,Fruits,12.0,80.0,34.16
2023-01-01,Mint,Herbs & Spices,15.54,23.31,19.42
2023-01-01,Okra,Vegetables,4.0,90.0,31.33
2023-01-01,Onion,Vegetables,14.51,21.76,18.13
2023-01-01,Orange,Fruits,10.0,100.0,38.63
2023-01-01,Pomegranate,Fruits,18.0,160.0,64.97
2023-01-01,Green Onion,Vegetables,7.71,11.57,9.64
2023-01-01,Rice,Grains,17.1,56.01,29.4
2023-01-01,Tomato,Vegetables,9.8,14.7,12.25
2023-01-01,Turmeric,Herbs & Spices,70.0,95.5,83.95
2023-01-01,Watermelon,Fruits,5.0,25.0,14.12
2023-01-01,Pear,Fruits,70.0,90.0,80.0
2023-01-01,Potato,Vegetables,10.47,15.7,13.08
2023-01-01,Mango,Fruits,40.0,71.0,60.17
2023-01-01,Grapes,Fruits,25.0,150.0,62.29
2023-01-01,Green Beans,Vegetables,8.0,60.0,39.65
2023-01-01,Apple,Fruits,12.5,220.0,56.02
2023-01-01,Banana,Fruits,6.0,65.0,24.19
2023-01-01,Barley,Grains,16.0,30.3,26.14
2023-01-01,Bell Pepper,Vegetables,10.0,70.0,29.36
2023-01-01,Black pepper,Herbs & Spices,438.0,482.0,463.33
2023-01-01,Cabbage,Vegetables,2.0,45.0,10.83
2023-01-01,Green Hot Pepper,Vegetables,4.0,110.0,27.71
2023-01-01,Carrot,Vegetables,13.38,20.06,16.72
2023-01-01,Coriander Leaves,Herbs & Spices,11.76,17.63,14.7
2023-01-01,Corn,Grains,14.0,28.0,20.78
2023-01-01,Cucumber,Vegetables,3.0,60.0,20.87
2023-01-01,Eggplant,Vegetables,11.38,17.07,14.23
2023-01-01,Garlic,Vegetables,2.0,83.0,28.01
2023-01-01,Ginger,Herbs & Spices,7.5,100.0,39.82
2023-01-01,Cantaloupe,Fruits,5.0,31.0,18.29
2023-01-02,Guava,Fruits,5.0,1900.0,35.99
2023-01-02,Lemon,Fruits,3.5,124.0,32.05
2023-01-02,Mango,Fruits,20.0,200.0,73.88
2023-01-02,Mint,Herbs & Spices,16.59,24.88,20.74
2023-01-02,Okra,Vegetables,4.0,7000.0,69.59
2023-01-02,Onion,Vegetables,14.32,21.48,17.9
2023-01-02,Orange,Fruits,7.5,100.0,42.9
2023-01-02,Rice,Grains,8.0,75.0,29.71
2023-01-02,Pomegranate,Fruits,6.0,160.0,70.89
2023-01-02,Potato,Vegetables,10.43,15.64,13.03
2023-01-02,Tomato,Vegetables,10.0,14.99,12.49
2023-01-02,Turmeric,Herbs & Spices,45.29,100.0,65.08
2023-01-02,Watermelon,Fruits,3.0,30.0,12.77
2023-01-02,Green Onion,Vegetables,8.55,12.83,10.69
2023-01-02,Pear,Fruits,70.0,200.0,115.0
2023-01-02,Wheat,Grains,11.59,58.0,26.15
2023-01-02,Green Hot Pepper,Vegetables,22.64,33.95,28.3
2023-01-02,Grapes,Fruits,10.0,155.0,63.73
2023-01-02,Apple,Fruits,6.0,7000.0,77.39
2023-01-02,Banana,Fruits,4.4,5000.0,39.97
2023-01-02,Barley,Grains,16.0,32.03,27.58
2023-01-02,Bell Pepper,Vegetables,5.0,70.5,26.58
2023-01-02,Black pepper,Herbs & Spices,300.0,510.0,468.05
2023-01-02,Cabbage,Vegetables,8.75,13.13,10.94
2023-01-02,Cantaloupe,Fruits,5.0,65.0,21.5
2023-01-02,Green Beans,Vegetables,20.0,92.0,46.38
2023-01-02,Coriander Leaves,Herbs & Spices,15.12,22.68,18.9
2023-01-02,Corn,Grains,2.1,35.0,21.47
2023-01-02,Cucumber,Vegetables,4.0,61.0,22.25
2023-01-02,Cumin,Herbs & Spices,25.0,350.0,268.66
2023-01-02,Eggplant,Vegetables,2.0,140.0,14.85
2023-01-02,Garlic,Vegetables,22.98,34.47,28.72
2023-01-02,Ginger,Herbs & Spices,5.0,180.4,44.03
2023-01-02,Carrot,Vegetables,16.88,25.33,21.11
2023-01-03,Guava,Fruits,4.0,3000.0,41.34
2023-01-03,Lemon,Fruits,5.0,70.0,32.7
2023-01-03,Mango,Fruits,40.0,200.0,79.14
2023-01-03,Mint,Herbs & Spices,14.78,22.16,18.47
2023-01-03,Okra,Vegetables,4.0,8000.0,71.99
2023-01-03,Onion,Vegetables,15.07,22.6,18.83
2023-01-03,Orange,Fruits,12.5,90.0,45.26
2023-01-03,Rice,Grains,12.0,75.0,29.89
2023-01-03,Pomegranate,Fruits,10.0,160.0,72.58
2023-01-03,Potato,Vegetables,10.74,16.11,13.42
2023-01-03,Tomato,Vegetables,10.3,15.45,12.87
2023-01-03,Turmeric,Herbs & Spices,47.89,140.0,71.78
2023-01-03,Watermelon,Fruits,4.0,30.0,14.21
2023-01-03,Wheat,Grains,15.0,58.0,26.34
2023-01-03,Green Onion,Vegetables,8.18,12.27,10.23
2023-01-03,Pear,Fruits,70.0,90.0,80.0
2023-01-03,Green Hot Pepper,Vegetables,24.41,36.61,30.51
2023-01-03,Green Beans,Vegetables,7.0,87.0,46.72
2023-01-03,Grapes,Fruits,12.5,180.0,76.5
2023-01-03,Banana,Fruits,5.0,4000.0,40.21
2023-01-03,Barley,Grains,16.0,31.0,27.15
2023-01-03,Bell Pepper,Vegetables,4.0,100.0,28.52
2023-01-03,Black pepper,Herbs & Spices,350.0,556.69,474.4
2023-01-03,Cabbage,Vegetables,9.28,13.92,11.6
2023-01-03,Cantaloupe,Fruits,6.0,31.25,17.14
2023-01-03,Carrot,Vegetables,2.5,1500.0,22.59
2023-01-03,Apple,Fruits,6.0,7000.0,76.96
2023-01-03,Corn,Grains,2.0,35.0,21.18
2023-01-03,Cucumber,Vegetables,3.0,70.0,22.56
2023-01-03,Cumin,Herbs & Spices,150.01,362.55,281.33
2023-01-03,Eggplant,Vegetables,2.0,70.0,15.33
2023-01-03,Garlic,Vegetables,24.27,36.4,30.33
2023-01-03,Ginger,Herbs & Spices,8.0,100.0,45.16
2023-01-03,Coriander Leaves,Herbs & Spices,14.78,22.17,18.47
2023-01-04,Guava,Fruits,4.0,2500.0,38.82
2023-01-04,Lemon,Fruits,4.5,80.0,32.94
2023-01-04,Mango,Fruits,20.0,200.0,80.41
2023-01-04,Mint,Herbs & Spices,16.41,24.61,20.51
2023-01-04,Okra,Vegetables,4.0,8000.0,72.08
2023-01-04,Onion,Vegetables,15.05,22.57,18.81
2023-01-04,Orange,Fruits,8.0,80.0,44.48
2023-01-04,Potato,Vegetables,10.55,15.83,13.19
2023-01-04,Pomegranate,Fruits,10.0,180.0,73.22
2023-01-04,Rice,Grains,13.0,68.0,29.86
2023-01-04,Tomato,Vegetables,10.03,15.05,12.54
2023-01-04,Turmeric,Herbs & Spices,38.88,130.0,65.02
2023-01-04,Wheat,Grains,15.8,277.51,26.33
2023-01-04,Green Onion,Vegetables,7.9,11.85,9.87
2023-01-04,Pear,Fruits,70.0,113.0,90.75
2023-01-04,Green Hot Pepper,Vegetables,2.76,150.0,29.99
2023-01-04,Watermelon,Fruits,3.0,25.0,12.75
2023-01-04,Grapes,Fruits,10.0,170.0,68.99
2023-01-04,Apple,Fruits,4.0,8000.0,102.59
2023-01-04,Banana,Fruits,4.4,4000.0,38.36
2023-01-04,Barley,Grains,15.0,31.87,27.21
2023-01-04,Bell Pepper,Vegetables,5.0,100.0,28.91
2023-01-04,Black pepper,Herbs & Spices,400.0,550.0,476.54
2023-01-04,Cabbage,Vegetables,9.09,13.64,11.36
2023-01-04,Cantaloupe,Fruits,3.0,50.0,21.0
2023-01-04,Green Beans,Vegetables,7.0,82.0,45.8
2023-01-04,Coriander Leaves,Herbs & Spices,14.66,21.99,18.32
2023-01-04,Corn,Grains,2.0,37.0,21.34
2023-01-04,Cucumber,Vegetables,3.0,105.7,23.16
2023-01-04,Cumin,Herbs & Spices,85.5,350.0,270.17
2023-01-04,Eggplant,Vegetables,2.0,60.0,14.98
2023-01-04,Garlic,Vegetables,24.17,36.26,30.22
2023-01-04,Ginger,Herbs & Spices,8.0,100.0,44.16
2023-01-04,Carrot,Vegetables,2.5,1500.0,22.25
2023-01-05,Green Onion,Vegetables,9.68,14.51,12.1
2023-01-05,Guava,Fruits,4.0,2500.0,37.82
2023-01-05,Lemon,Fruits,4.25,650.0,36.43
2023-01-05,Mango,Fruits,25.0,850.0,160.72
2023-01-05,Mint,Herbs & Spices,5.0,62.0,30.0
2023-01-05,Okra,Vegetables,4.0,8000.0,80.42
2023-01-05,Onion,Vegetables,15.34,23.01,19.18
2023-01-05,Rice,Grains,19.0,81.0,29.81
2023-01-05,Pomegranate,Fruits,10.0,160.0,71.54
2023-01-05,Potato,Vegetables,10.94,16.41,13.67
2023-01-05,Tomato,Vegetables,10.73,16.1,13.41
2023-01-05,Turmeric,Herbs & Spices,40.04,140.0,71.87
2023-01-05,Watermelon,Fruits,3.0,32.0,14.78
2023-01-05,Green Hot Pepper,Vegetables,26.06,39.09,32.57
2023-01-05,Orange,Fruits,7.0,100.0,44.04
2023-01-05,Green Beans,Vegetables,15.0,82.0,47.28
2023-01-05,Wheat,Grains,16.0,48.2,26.1
2023-01-05,Ginger,Herbs & Spices,4.0,750.0,48.63
2023-01-05,Apple,Fruits,10.0,8000.0,103.68
2023-01-05,Banana,Fruits,4.4,4000.0,43.56
2023-01-05,Barley,Grains,18.5,32.0,27.33
2023-01-05,Bell Pepper,Vegetables,5.0,110.0,28.93
2023-01-05,Black pepper,Herbs & Spices,400.0,540.0,475.51
2023-01-05,Cabbage,Vegetables,9.91,14.86,12.39
2023-01-05,Cantaloupe,Fruits,6.0,74.0,25.05
2023-01-05,Grapes,Fruits,12.5,200.0,75.05
2023-01-05,Coriander Leaves,Herbs & Spices,20.68,31.02,25.85
2023-01-05,Corn,Grains,10.0,35.0,21.41
2023-01-05,Cucumber,Vegetables,19.67,29.51,24.59
2023-01-05,Cumin,Herbs & Spices,144.5,355.0,287.68
2023-01-05,Eggplant,Vegetables,2.0,450.0,16.23
2023-01-05,Garlic,Vegetables,29.62,44.43,37.02
2023-01-05,Carrot,Vegetables,2.5,2000.0,25.35
2023-01-06,Green Onion,Vegetables,8.9,13.35,11.13
2023-01-06,Guava,Fruits,5.0,80.0,20.27
2023-01-06,Lemon,Fruits,7.5,650.0,36.49
2023-01-06,Mango,Fruits,22.5,850.0,135.17
2023-01-06,Mint,Herbs & Spices,19.88,29.82,24.85
2023-01-06,Okra,Vegetables,4.0,650.0,43.68
2023-01-06,Onion,Vegetables,15.66,23.5,19.58
2023-01-06,Potato,Vegetables,11.16,16.74,13.95
2023-01-06,Pomegranate,Fruits,6.0,160.0,68.97
2023-01-06,Rice,Grains,17.0,155.0,29.77
2023-01-06,Tomato,Vegetables,10.96,16.45,13.71
2023-01-06,Turmeric,Herbs & Spices,17.0,115.0,71.0
2023-01-06,Watermelon,Fruits,3.0,30.0,13.95
2023-01-06,Green Hot Pepper,Vegetables,26.05,39.07,32.56
2023-01-06,Orange,Fruits,8.0,100.0,48.72
2023-01-06,Wheat,Grains,17.65,42.0,26.1
2023-01-06,Green Beans,Vegetables,8.0,550.0,55.5
2023-01-06,Ginger,Herbs & Spices,12.0,750.0,49.07
2023-01-06,Grapes,Fruits,12.5,200.0,76.54
2023-01-06,Apple,Fruits,6.0,175.0,54.09
2023-01-06,Banana,Fruits,4.4,500.0,32.01
2023-01-06,Barley,Grains,16.0,32.0,27.3
2023-01-06,Black pepper,Herbs & Spices,300.0,540.0,472.46
2023-01-06,Cabbage,Vegetables,10.3,15.45,12.88
2023-01-06,Cantaloupe,Fruits,6.0,43.75,19.41
2023-01-06,Bell Pepper,Vegetables,4.0,110.0,29.32
2023-01-06,Coriander Leaves,Herbs & Spices,15.98,23.97,19.97
2023-01-06,Corn,Grains,2.1,55.62,21.43
2023-01-06,Cucumber,Vegetables,3.0,350.0,24.96
2023-01-06,Cumin,Herbs & Spices,136.5,331.75,282.81
2023-01-06,Eggplant,Vegetables,2.0,450.0,16.75
2023-01-06,Garlic,Vegetables,29.04,43.55,36.29
2023-01-06,Carrot,Vegetables,2.0,450.0,20.6
2023-01-07,Okra,Vegetables,4.0,650.0,42.37
2023-01-07,Green Onion,Vegetables,7.49,11.24,9.37
2023-01-07,Guava,Fruits,4.0,80.0,19.96
2023-01-07,Lemon,Fruits,5.0,650.0,36.57
2023-01-07,Mango,Fruits,3.0,850.0,148.14
2023-01-07,Mint,Herbs & Spices,12.58,18.87,15.73
2023-01-07,Onion,Vegetables,14.96,22.44,18.7
2023-01-07,Watermelon,Fruits,3.0,30.0,13.62
2023-01-07,Pear,Fruits,170.0,170.0,170.0
2023-01-07,Pomegranate,Fruits,5.0,190.0,71.73
2023-01-07,Potato,Vegetables,11.29,16.93,14.11
2023-01-07,Rice,Grains,17.0,83.0,29.79
2023-01-07,Tomato,Vegetables,10.55,15.83,13.19
2023-01-07,Turmeric,Herbs & Spices,45.6,95.6,71.91
2023-01-07,Wheat,Grains,17.0,75.0,26.33
2023-01-07,Orange,Fruits,8.0,116.0,43.55
2023-01-07,Green Hot Pepper,Vegetables,25.67,38.5,32.08
2023-01-07,Grapes,Fruits,12.5,220.0,70.03
2023-01-07,Ginger,Herbs & Spices,3.5,650.0,46.41
2023-01-07,Apple,Fruits,6.0,220.0,55.76
2023-01-07,Banana,Fruits,4.4,500.0,31.18
2023-01-07,Barley,Grains,16.0,32.0,27.49
2023-01-07,Bell Pepper,Vegetables,5.0,110.0,26.69
2023-01-07,Black pepper,Herbs & Spices,250.0,560.0,461.71
2023-01-07,Cabbage,Vegetables,9.4,14.1,11.75
2023-01-07,Cantaloupe,Fruits,7.0,50.0,20.37
2023-01-07,Green Beans,Vegetables,7.0,550.0,55.7
2023-01-07,Coriander Leaves,Herbs & Spices,14.88,22.31,18.6
2023-01-07,Corn,Grains,2.11,31.0,21.02
2023-01-07,Cucumber,Vegetables,3.0,350.0,24.03
2023-01-07,Cumin,Herbs & Spices,79.5,333.25,277.07
2023-01-07,Eggplant,Vegetables,12.98,19.47,16.22
2023-01-07,Garlic,Vegetables,29.26,43.89,36.57
2023-01-07,Carrot,Vegetables,2.0,550.0,19.93
2023-01-08,Lemon,Fruits,4.5,70.0,32.36
2023-01-08,Mango,Fruits,30.0,125.0,66.67
2023-01-08,Mint,Herbs & Spices,7.96,11.95,9.96
2023-01-08,Okra,Vegetables,4.0,100.0,35.78
2023-01-08,Onion,Vegetables,14.26,21.38,17.82
2023-01-08,Orange,Fruits,8.0,95.0,39.21
2023-01-08,Pear,Fruits,75.0,85.0,80.0
2023-01-08,Rice,Grains,17.1,76.0,29.54
2023-01-08,Potato,Vegetables,2.81,48.0,12.13
2023-01-08,Tomato,Vegetables,9.49,14.24,11.87
2023-01-08,Turmeric,Herbs & Spices,94.3,95.6,95.0
2023-01-08,Watermelon,Fruits,3.0,24.0,11.88
2023-01-08,Wheat,Grains,18.5,33.65,25.33
2023-01-08,Guava,Fruits,7.3,48.0,18.03
2023-01-08,Pomegranate,Fruits,7.0,160.0,65.03
2023-01-08,Green Onion,Vegetables,6.14,9.21,7.68
2023-01-08,Green Hot Pepper,Vegetables,2.29,120.0,29.1
2023-01-08,Green Beans,Vegetables,8.0,70.0,44.53
2023-01-08,Apple,Fruits,10.0,150.0,54.44
2023-01-08,Banana,Fruits,4.4,65.0,23.32
2023-01-08,Barley,Grains,16.0,30.2,26.36
2023-01-08,Bell Pepper,Vegetables,8.0,60.0,24.82
2023-01-08,Cabbage,Vegetables,8.52,12.77,10.65
2023-01-08,Cantaloupe,Fruits,5.5,20.0,13.22
2023-01-08,Carrot,Vegetables,2.0,100.0,16.48
2023-01-08,Black pepper,Herbs & Spices,428.0,495.0,466.67
2023-01-08,Corn,Grains,12.0,26.01,20.5
2023-01-08,Cucumber,Vegetables,3.0,50.0,21.76
2023-01-08,Eggplant,Vegetables,2.0,50.0,14.6
2023-01-08,Garlic,Vegetables,2.0,60.0,26.71
2023-01-08,Ginger,Herbs & Spices,3.5,100.0,40.49
2023-01-08,Grapes,Fruits,12.5,180.0,70.82
2023-01-08,Coriander Leaves,Herbs & Spices,12.35,18.53,15.44
2023-01-09,Onion,Vegetables,15.86,23.8,19.83
2023-01-09,Guava,Fruits,5.0,80.0,22.36
2023-01-09,Lemon,Fruits,5.0,650.0,37.86
2023-01-09,Mango,Fruits,30.0,850.0,128.83
2023-01-09,Mint,Herbs & Spices,4.0,400.0,70.14
2023-01-09,Okra,Vegetables,2.0,550.0,44.56
2023-01-09,Orange,Fruits,8.0,90.0,43.6
2023-01-09,Wheat,Grains,18.0,42.12,26.21
2023-01-09,Pomegranate,Fruits,4.0,190.0,71.66
2023-01-09,Potato,Vegetables,10.94,16.41,13.68
2023-01-09,Rice,Grains,14.0,88.0,30.05
2023-01-09,Tomato,Vegetables,11.25,16.88,14.06
2023-01-09,Turmeric,Herbs & Spices,8.0,115.0,66.23
2023-01-09,Watermelon,Fruits,3.0,30.0,14.09
2023-01-09,Green Onion,Vegetables,2.0,22.0,11.25
2023-01-09,Pear,Fruits,150.0,180.0,165.0
2023-01-09,Green Hot Pepper,Vegetables,26.51,39.76,33.13
2023-01-09,Apple,Fruits,6.0,220.0,56.61
2023-01-09,Grapes,Fruits,12.5,220.0,72.94
2023-01-09,Green Beans,Vegetables,22.0,450.0,53.97
2023-01-09,Banana,Fruits,4.4,500.0,33.08
2023-01-09,Barley,Grains,16.0,32.5,27.21
2023-01-09,Bell Pepper,Vegetables,5.0,100.0,29.56
2023-01-09,Cabbage,Vegetables,9.98,14.97,12.47
2023-01-09,Cantaloupe,Fruits,5.5,45.0,20.73
2023-01-09,Carrot,Vegetables,2.5,550.0,20.3
2023-01-09,Black pepper,Herbs & Spices,400.0,580.0,481.78
2023-01-09,Corn,Grains,2.14,31.0,21.13
2023-01-09,Cucumber,Vegetables,3.0,350.0,25.88
2023-01-09,Cumin,Herbs & Spices,80.0,355.0,300.45
2023-01-09,Eggplant,Vegetables,13.45,20.18,16.82
2023-01-09,Garlic,Vegetables,29.14,43.7,36.42
2023-01-09,Ginger,Herbs & Spices,4.5,750.0,51.01
2023-01-09,Coriander Leaves,Herbs & Spices,20.59,30.88,25.73
2023-01-10,Onion,Vegetables,15.28,22.92,19.1
2023-01-10,Guava,Fruits,4.1,80.0,21.48
2023-01-10,Lemon,Fruits,4.5,650.0,35.94
2023-01-10,Mango,Fruits,25.0,850.0,137.5
2023-01-10,Mint,Herbs & Spices,5.0,61.0,28.25
2023-01-10,Okra,Vegetables,4.0,550.0,43.68
2023-01-10,Orange,Fruits,8.0,120.0,45.51
2023-01-10,Wheat,Grains,15.2,47.1,26.3
2023-01-10,Pomegranate,Fruits,10.0,200.0,69.4
2023-01-10,Potato,Vegetables,10.66,15.99,13.32
2023-01-10,Rice,Grains,15.5,90.0,29.92
2023-01-10,Tomato,Vegetables,10.83,16.25,13.54
2023-01-10,Turmeric,Herbs & Spices,40.25,95.6,61.56
2023-01-10,Watermelon,Fruits,3.0,30.0,16.33
2023-01-10,Green Onion,Vegetables,2.5,27.0,11.5
2023-01-10,Pear,Fruits,130.0,130.0,130.0
2023-01-10,Green Hot Pepper,Vegetables,2.0,650.0,32.42
2023-01-10,Apple,Fruits,6.0,220.0,56.73
2023-01-10,Grapes,Fruits,12.5,200.0,75.7
2023-01-10,Banana,Fruits,5.5,500.0,31.74
2023-01-10,Barley,Grains,16.0,32.6,27.46
2023-01-10,Bell Pepper,Vegetables,5.0,100.0,28.31
2023-01-10,Black pepper,Herbs & Spices,400.0,560.0,472.09
2023-01-10,Cabbage,Vegetables,9.22,13.83,11.52
2023-01-10,Cantaloupe,Fruits,6.0,50.0,22.68
2023-01-10,Carrot,Vegetables,2.0,550.0,20.07
2023-01-10,Green Beans,Vegetables,7.0,450.0,50.77
2023-01-10,Corn,Grains,2.16,45.4,21.39
2023-01-10,Cucumber,Vegetables,2.0,350.0,24.2
2023-01-10,Cumin,Herbs & Spices,142.5,350.0,294.14
2023-01-10,Eggplant,Vegetables,13.38,20.07,16.73
2023-01-10,Garlic,Vegetables,28.53,42.79,35.66
2023-01-10,Ginger,Herbs & Spices,10.0,750.0,47.67
2023-01-10,Coriander Leaves,Herbs & Spices,17.11,25.67,21.39
2023-01-11,Guava,Fruits,3.0,80.0,21.5
2023-01-11,Lemon,Fruits,4.7,650.0,36.09
2023-01-11,Mango,Fruits,18.5,850.0,138.8
2023-01-11,Mint,Herbs & Spices,12.9,19.35,16.12
2023-01-11,Okra,Vegetables,4.0,550.0,44.9
2023-01-11,Onion,Vegetables,15.04,22.57,18.81
2023-01-11,Orange,Fruits,8.0,110.0,47.01
2023-01-11,Potato,Vegetables,10.58,15.86,13.22
2023-01-11,Pomegranate,Fruits,10.0,250.0,73.46
2023-01-11,Rice,Grains,17.1,68.0,29.86
2023-01-11,Tomato,Vegetables,10.5,15.75,13.12
2023-01-11,Turmeric,Herbs & Spices,40.0,130.0,66.89
2023-01-11,Watermelon,Fruits,3.0,30.0,13.73
2023-01-11,Green Onion,Vegetables,8.64,12.97,10.81
2023-01-11,Pear,Fruits,75.0,150.0,115.0
2023-01-11,Wheat,Grains,15.05,59.6,26.46
2023-01-11,Green Hot Pepper,Vegetables,25.74,38.61,32.17
2023-01-11,Grapes,Fruits,53.96,80.94,67.45
2023-01-11,Green Beans,Vegetables,7.0,450.0,52.18
2023-01-11,Apple,Fruits,3.0,175.0,55.23
2023-01-11,Banana,Fruits,4.4,550.0,32.17
2023-01-11,Barley,Grains,16.0,32.8,27.27
2023-01-11,Bell Pepper,Vegetables,5.0,100.0,28.06
2023-01-11,Cabbage,Vegetables,9.18,13.77,11.48
2023-01-11,Cantaloupe,Fruits,5.0,43.0,21.9
2023-01-11,Black pepper,Herbs & Spices,428.0,560.0,474.3
2023-01-11,Coriander Leaves,Herbs & Spices,14.1,21.15,17.63
2023-01-11,Corn,Grains,2.15,35.0,21.33
2023-01-11,Cucumber,Vegetables,3.0,350.0,24.46
2023-01-11,Cumin,Herbs & Spices,141.5,350.0,302.61
2023-01-11,Eggplant,Vegetables,14.02,21.02,17.52
2023-01-11,Garlic,Vegetables,28.66,42.99,35.83
2023-01-11,Ginger,Herbs & Spices,3.5,750.0,46.81
2023-01-11,Carrot,Vegetables,2.0,450.0,19.34
2023-01-12,Onion,Vegetables,14.96,22.43,18.69
2023-01-12,Guava,Fruits,4.0,2500.0,38.61
2023-01-12,Lemon,Fruits,7.5,650.0,36.06
2023-01-12,Mango,Fruits,15.0,850.0,149.95
2023-01-12,Mint,Herbs & Spices,16.67,25.01,20.84
2023-01-12,Okra,Vegetables,4.0,8000.0,78.64
2023-01-12,Orange,Fruits,7.5,100.0,47.52
2023-01-12,Green Onion,Vegetables,8.42,12.63,10.53
2023-01-12,Pomegranate,Fruits,5.0,200.0,69.64
2023-01-12,Potato,Vegetables,10.02,15.02,12.52
2023-01-12,Rice,Grains,10.0,75.7,29.6
2023-01-12,Tomato,Vegetables,10.41,15.61,13.01
2023-01-12,Turmeric,Herbs & Spices,32.8,130.0,66.61
2023-01-12,Watermelon,Fruits,4.0,60.0,14.88
2023-01-12,Wheat,Grains,10.63,58.0,26.47
2023-01-12,Pear,Fruits,123.33,123.33,123.33
2023-01-12,Green Hot Pepper,Vegetables,25.66,38.49,32.07
2023-01-12,Green Beans,Vegetables,7.0,450.0,51.45
2023-01-12,Grapes,Fruits,58.63,87.94,73.28
2023-01-12,Banana,Fruits,3.5,550.0,32.84
2023-01-12,Barley,Grains,16.0,33.11,27.45
2023-01-12,Bell Pepper,Vegetables,5.0,100.0,28.21
2023-01-12,Black pepper,Herbs & Spices,48.6,560.0,448.57
2023-01-12,Cabbage,Vegetables,9.49,14.23,11.86
2023-01-12,Cantaloupe,Fruits,5.0,50.0,19.95
2023-01-12,Carrot,Vegetables,2.0,1500.0,23.16
2023-01-12,Apple,Fruits,4.0,175.0,56.12
2023-01-12,Corn,Grains,2.05,35.0,21.43
2023-01-12,Cucumber,Vegetables,3.0,350.0,24.51
2023-01-12,Cumin,Herbs & Spices,89.44,367.5,292.25
2023-01-12,Eggplant,Vegetables,14.64,21.96,18.3
2023-01-12,Garlic,Vegetables,28.29,42.43,35.36
2023-01-12,Ginger,Herbs & Spices,4.5,750.0,47.38
2023-01-12,Coriander Leaves,Herbs & Spices,13.24,19.85,16.55
2023-01-13,Guava,Fruits,4.0,80.0,19.14
2023-01-13,Lemon,Fruits,6.0,550.0,34.84
2023-01-13,Mango,Fruits,57.0,850.0,139.39
2023-01-13,Mint,Herbs & Spices,4.0,61.0,29.14
2023-01-13,Okra,Vegetables,4.0,650.0,48.35
2023-01-13,Onion,Vegetables,15.27,22.91,19.09
2023-01-13,Orange,Fruits,7.5,128.0,48.89
2023-01-13,Rice,Grains,17.0,77.0,29.39
2023-01-13,Potato,Vegetables,10.98,16.47,13.73
2023-01-13,Tomato,Vegetables,2.0,350.0,14.24
2023-01-13,Turmeric,Herbs & Spices,34.0,117.0,73.99
2023-01-13,Watermelon,Fruits,3.0,40.0,15.42
2023-01-13,Wheat,Grains,5.75,51.25,26.32
2023-01-13,Green Onion,Vegetables,7.94,11.92,9.93
2023-01-13,Pomegranate,Fruits,8.0,180.0,69.09
2023-01-13,Green Hot Pepper,Vegetables,26.31,39.47,32.89
2023-01-13,Green Beans,Vegetables,8.0,550.0,54.96
2023-01-13,Grapes,Fruits,12.5,220.0,68.47
2023-01-13,Apple,Fruits,7.0,220.0,57.56
2023-01-13,Banana,Fruits,4.4,550.0,33.71
2023-01-13,Barley,Grains,16.0,33.0,27.41
2023-01-13,Bell Pepper,Vegetables,4.0,121.0,29.42
2023-01-13,Cabbage,Vegetables,10.18,15.27,12.72
2023-01-13,Cantaloupe,Fruits,7.0,40.0,24.81
2023-01-13,Carrot,Vegetables,2.0,450.0,21.1
2023-01-13,Black pepper,Herbs & Spices,48.8,560.0,441.92
2023-01-13,Corn,Grains,14.0,35.0,21.45
2023-01-13,Cucumber,Vegetables,3.0,350.0,24.9
2023-01-13,Cumin,Herbs & Spices,90.0,348.5,286.46
2023-01-13,Eggplant,Vegetables,15.08,22.61,18.84
2023-01-13,Garlic,Vegetables,2.0,1750.0,40.13
2023-01-13,Ginger,Herbs & Spices,11.5,750.0,47.85
2023-01-13,Coriander Leaves,Herbs & Spices,14.75,22.12,18.43
2023-01-14,Onion,Vegetables,15.02,22.54,18.78
2023-01-14,Guava,Fruits,3.1,80.0,19.81
2023-01-14,Lemon,Fruits,5.25,550.0,39.54
2023-01-14,Mango,Fruits,70.0,850.0,266.25
2023-01-14,Mint,Herbs & Spices,18.52,27.79,23.15
2023-01-14,Okra,Vegetables,4.0,650.0,46.35
2023-01-14,Orange,Fruits,8.0,140.0,41.79
2023-01-14,Wheat,Grains,16.0,52.0,26.04
2023-01-14,Pomegranate,Fruits,10.0,160.0,68.33
2023-01-14,Potato,Vegetables,10.1,15.16,12.63
2023-01-14,Rice,Grains,7.2,74.35,29.6
2023-01-14,Tomato,Vegetables,10.7,16.06,13.38
2023-01-14,Turmeric,Herbs & Spices,53.0,95.6,69.65
2023-01-14,Watermelon,Fruits,3.0,30.0,14.56
2023-01-14,Green Onion,Vegetables,7.59,11.39,9.49
2023-01-14,Pear,Fruits,123.0,123.0,123.0
2023-01-14,Green Hot Pepper,Vegetables,4.0,650.0,32.36
2023-01-14,Apple,Fruits,6.0,162.0,57.6
2023-01-14,Grapes,Fruits,14.0,220.0,66.32
2023-01-14,Green Beans,Vegetables,8.0,550.0,55.49
2023-01-14,Banana,Fruits,4.4,550.0,32.13
2023-01-14,Barley,Grains,16.0,36.6,27.61
2023-01-14,Bell Pepper,Vegetables,6.0,70.0,26.9
2023-01-14,Cabbage,Vegetables,9.49,14.24,11.87
2023-01-14,Cantaloupe,Fruits,5.5,40.0,21.37
2023-01-14,Carrot,Vegetables,2.0,450.0,18.24
2023-01-14,Black pepper,Herbs & Spices,428.0,513.99,466.65
2023-01-14,Corn,Grains,14.0,27.5,21.17
2023-01-14,Cucumber,Vegetables,3.0,350.0,23.56
2023-01-14,Cumin,Herbs & Spices,268.9,343.36,313.88
2023-01-14,Eggplant,Vegetables,14.62,21.93,18.27
2023-01-14,Garlic,Vegetables,2.0,1750.0,42.14
2023-01-14,Ginger,Herbs & Spices,13.5,750.0,47.17
2023-01-14,Coriander Leaves,Herbs & Spices,12.6,18.91,15.76
2023-01-15,Onion,Vegetables,14.42,21.63,18.02
2023-01-15,Guava,Fruits,4.0,40.0,16.84
2023-01-15,Lemon,Fruits,9.5,70.0,33.51
2023-01-15,Mango,Fruits,79.0,81.0,80.0
2023-01-15,Mint,Herbs & Spices,8.25,12.37,10.31
2023-01-15,Okra,Vegetables,4.0,90.0,40.11
2023-01-15,Orange,Fruits,8.0,80.0,37.97
2023-01-15,Wheat,Grains,18.4,35.0,25.77
2023-01-15,Pomegranate,Fruits,10.0,245.0,67.23
2023-01-15,Potato,Vegetables,9.26,13.89,11.57
2023-01-15,Rice,Grains,10.0,77.0,29.44
2023-01-15,Tomato,Vegetables,10.73,16.1,13.42
2023-01-15,Turmeric,Herbs & Spices,94.45,95.7,95.0
2023-01-15,Watermelon,Fruits,5.0,29.0,15.88
2023-01-15,Green Onion,Vegetables,6.61,9.91,8.26
2023-01-15,Pear,Fruits,70.0,85.0,78.0
2023-01-15,Green Hot Pepper,Vegetables,4.0,100.0,31.79
2023-01-15,Apple,Fruits,10.0,162.0,56.87
2023-01-15,Grapes,Fruits,30.0,152.0,65.58
2023-01-15,Banana,Fruits,6.0,70.0,24.3
2023-01-15,Barley,Grains,16.0,30.2,26.52
2023-01-15,Bell Pepper,Vegetables,5.0,62.0,27.04
2023-01-15,Black pepper,Herbs & Spices,438.0,450.0,445.0
2023-01-15,Cabbage,Vegetables,8.85,13.28,11.06
2023-01-15,Cantaloupe,Fruits,10.0,25.0,21.0
2023-01-15,Carrot,Vegetables,3.0,90.0,17.16
2023-01-15,Green Beans,Vegetables,7.0,65.0,42.73
2023-01-15,Corn,Grains,14.0,25.6,20.9
2023-01-15,Cucumber,Vegetables,3.0,43.0,21.52
2023-01-15,Cumin,Herbs & Spices,272.0,333.0,302.5
2023-01-15,Eggplant,Vegetables,2.0,113.0,17.61
2023-01-15,Garlic,Vegetables,2.0,69.5,28.01
2023-01-15,Ginger,Herbs & Spices,9.5,100.0,39.69
2023-01-15,Coriander Leaves,Herbs & Spices,12.05,18.08,15.07
2023-01-16,Green Onion,Vegetables,11.44,17.16,14.3
2023-01-16,Guava,Fruits,5.0,80.0,20.33
2023-01-16,Lemon,Fruits,4.9,138.6,34.61
2023-01-16,Mango,Fruits,25.0,100.0,71.7
2023-01-16,Mint,Herbs & Spices,7.0,50.0,20.38
2023-01-16,Okra,Vegetables,4.0,458.0,47.65
2023-01-16,Onion,Vegetables,15.01,22.52,18.76
2023-01-16,Potato,Vegetables,9.67,14.51,12.09
2023-01-16,Pomegranate,Fruits,10.0,211.0,69.14
2023-01-16,Rice,Grains,14.0,77.0,29.32
2023-01-16,Tomato,Vegetables,11.77,17.66,14.71
2023-01-16,Turmeric,Herbs & Spices,60.39,95.7,81.41
2023-01-16,Watermelon,Fruits,3.0,30.0,15.16
2023-01-16,Green Hot Pepper,Vegetables,25.95,38.92,32.44
2023-01-16,Orange,Fruits,7.5,104.0,48.49
2023-01-16,Wheat,Grains,16.77,48.39,26.56
2023-01-16,Green Beans,Vegetables,17.5,85.0,48.15
2023-01-16,Ginger,Herbs & Spices,7.5,164.0,45.41
2023-01-16,Grapes,Fruits,12.5,333.0,79.47
2023-01-16,Apple,Fruits,6.0,250.0,58.69
2023-01-16,Banana,Fruits,4.4,148.5,29.81
2023-01-16,Barley,Grains,20.0,33.0,28.02
2023-01-16,Black pepper,Herbs & Spices,48.3,531.99,444.75
2023-01-16,Cabbage,Vegetables,9.51,14.26,11.88
2023-01-16,Cantaloupe,Fruits,5.0,27.0,18.75
2023-01-16,Bell Pepper,Vegetables,7.0,100.0,29.12
2023-01-16,Coriander Leaves,Herbs & Spices,17.83,26.75,22.29
2023-01-16,Corn,Grains,2.15,35.0,21.34
2023-01-16,Cucumber,Vegetables,3.0,121.0,24.73
2023-01-16,Cumin,Herbs & Spices,89.12,400.0,290.32
2023-01-16,Eggplant,Vegetables,14.03,21.04,17.54
2023-01-16,Garlic,Vegetables,24.87,37.31,31.09
2023-01-16,Carrot,Vegetables,2.0,100.0,18.64
2023-01-17,Onion,Vegetables,14.52,21.77,18.14
2023-01-17,Guava,Fruits,5.0,60.0,21.21
2023-01-17,Lemon,Fruits,10.0,650.0,42.47
2023-01-17,Mango,Fruits,45.0,850.0,168.31
2023-01-17,Mint,Herbs & Spices,9.01,13.52,11.26
2023-01-17,Okra,Vegetables,2.0,550.0,48.69
2023-01-17,Orange,Fruits,8.0,104.0,48.05
2023-01-17,Wheat,Grains,11.17,58.0,26.93
2023-01-17,Pomegranate,Fruits,5.0,211.0,72.95
2023-01-17,Potato,Vegetables,10.58,15.87,13.22
2023-01-17,Rice,Grains,10.0,85.0,29.83
2023-01-17,Tomato,Vegetables,12.07,18.11,15.09
2023-01-17,Turmeric,Herbs & Spices,45.06,130.0,79.19
2023-01-17,Watermelon,Fruits,4.0,40.0,14.28
2023-01-17,Green Onion,Vegetables,7.79,11.69,9.74
2023-01-17,Pear,Fruits,70.0,85.0,78.0
2023-01-17,Green Hot Pepper,Vegetables,28.57,42.86,35.72
2023-01-17,Green Beans,Vegetables,8.0,550.0,56.99
2023-01-17,Grapes,Fruits,10.0,210.0,62.02
2023-01-17,Banana,Fruits,6.0,550.0,34.21
2023-01-17,Barley,Grains,20.0,33.0,27.7
2023-01-17,Bell Pepper,Vegetables,5.0,100.0,30.75
2023-01-17,Black pepper,Herbs & Spices,300.0,558.96,467.54
2023-01-17,Cabbage,Vegetables,10.45,15.68,13.06
2023-01-17,Cantaloupe,Fruits,5.0,40.0,20.5
2023-01-17,Carrot,Vegetables,3.0,550.0,21.17
2023-01-17,Apple,Fruits,13.0,220.0,58.34
2023-01-17,Corn,Grains,2.13,35.0,21.36
2023-01-17,Cucumber,Vegetables,20.12,30.17,25.15
2023-01-17,Cumin,Herbs & Spices,91.69,350.0,283.42
2023-01-17,Eggplant,Vegetables,16.29,24.43,20.36
2023-01-17,Garlic,Vegetables,32.5,48.75,40.62
2023-01-17,Ginger,Herbs & Spices,5.0,550.0,46.66
2023-01-17,Coriander Leaves,Herbs & Spices,14.59,21.89,18.24
2023-01-18,Guava,Fruits,5.0,80.0,20.31
2023-01-18,Lemon,Fruits,5.2,650.0,39.95
2023-01-18,Mango,Fruits,28.75,850.0,134.69
2023-01-18,Mint,Herbs & Spices,51.2,76.81,64.01
2023-01-18,Okra,Vegetables,4.0,550.0,48.14
2023-01-18,Onion,Vegetables,14.81,22.22,18.52
2023-01-18,Orange,Fruits,4.0,104.0,45.4
2023-01-18,Potato,Vegetables,10.13,15.19,12.66
2023-01-18,Pomegranate,Fruits,6.0,200.0,72.22
2023-01-18,Rice,Grains,10.0,68.0,29.59
2023-01-18,Tomato,Vegetables,12.2,18.3,15.25
2023-01-18,Turmeric,Herbs & Spices,46.0,95.65,66.47
2023-01-18,Watermelon,Fruits,4.0,30.0,17.17
2023-01-18,Green Onion,Vegetables,8.75,13.13,10.94
2023-01-18,Pear,Fruits,150.0,164.0,157.0
2023-01-18,Green Hot Pepper,Vegetables,28.63,42.94,35.78
2023-01-18,Wheat,Grains,2.45,46.15,26.76
2023-01-18,Grapes,Fruits,12.0,220.0,59.52
2023-01-18,Apple,Fruits,6.0,205.0,56.89
2023-01-18,Banana,Fruits,5.5,550.0,33.27
2023-01-18,Barley,Grains,18.0,33.0,27.71
2023-01-18,Bell Pepper,Vegetables,5.0,100.0,29.84
2023-01-18,Black pepper,Herbs & Spices,250.0,560.0,457.89
2023-01-18,Cabbage,Vegetables,9.71,14.57,12.14
2023-01-18,Cantaloupe,Fruits,6.0,50.0,23.08
2023-01-18,Green Beans,Vegetables,7.0,550.0,53.69
2023-01-18,Coriander Leaves,Herbs & Spices,19.81,29.71,24.76
2023-01-18,Corn,Grains,2.1,35.0,21.14
2023-01-18,Cucumber,Vegetables,3.0,350.0,25.17
2023-01-18,Cumin,Herbs & Spices,91.19,345.0,288.28
2023-01-18,Eggplant,Vegetables,15.39,23.08,19.24
2023-01-18,Garlic,Vegetables,31.32,46.99,39.16
2023-01-18,Ginger,Herbs & Spices,8.0,550.0,47.85
2023-01-18,Carrot,Vegetables,4.0,550.0,21.19
2023-01-19,Green Onion,Vegetables,8.41,12.61,10.51
2023-01-19,Guava,Fruits,4.0,80.0,20.38
2023-01-19,Lemon,Fruits,4.5,650.0,41.49
2023-01-19,Mango,Fruits,32.5,850.0,147.75
2023-01-19,Mint,Herbs & Spices,14.77,22.16,18.46
2023-01-19,Okra,Vegetables,4.0,650.0,48.21
2023-01-19,Onion,Vegetables,15.38,23.07,19.23
2023-01-19,Rice,Grains,16.0,79.0,29.45
2023-01-19,Pomegranate,Fruits,10.0,160.0,71.72
2023-01-19,Potato,Vegetables,10.12,15.19,12.65
2023-01-19,Tomato,Vegetables,12.44,18.66,15.55
2023-01-19,Turmeric,Herbs & Spices,30.0,95.9,63.09
2023-01-19,Watermelon,Fruits,3.0,40.0,15.53
2023-01-19,Green Hot Pepper,Vegetables,2.0,650.0,34.38
2023-01-19,Orange,Fruits,6.0,100.0,46.24
2023-01-19,Wheat,Grains,16.5,380.0,27.82
2023-01-19,Green Beans,Vegetables,8.0,450.0,51.61
2023-01-19,Ginger,Herbs & Spices,4.0,750.0,48.31
2023-01-19,Grapes,Fruits,12.5,220.0,63.51
2023-01-19,Apple,Fruits,10.5,220.0,58.96
2023-01-19,Banana,Fruits,5.5,550.0,33.69
2023-01-19,Barley,Grains,22.25,32.8,27.96
2023-01-19,Black pepper,Herbs & Spices,250.0,550.0,468.05
2023-01-19,Cabbage,Vegetables,9.95,14.93,12.44
2023-01-19,Cantaloupe,Fruits,5.0,50.0,22.87
2023-01-19,Bell Pepper,Vegetables,4.0,100.0,29.16
2023-01-19,Coriander Leaves,Herbs & Spices,16.76,25.14,20.95
2023-01-19,Corn,Grains,2.19,37.8,21.52
2023-01-19,Cucumber,Vegetables,3.0,350.0,25.65
2023-01-19,Cumin,Herbs & Spices,86.14,338.05,276.1
2023-01-19,Eggplant,Vegetables,15.38,23.07,19.22
2023-01-19,Garlic,Vegetables,32.5,48.75,40.62
2023-01-19,Carrot,Vegetables,2.0,550.0,20.85
2023-01-20,Onion,Vegetables,15.12,22.68,18.9
2023-01-20,Guava,Fruits,3.5,2800.0,44.2
2023-01-20,Lemon,Fruits,7.5,650.0,41.72
2023-01-20,Mango,Fruits,32.5,850.0,128.82
2023-01-20,Mint,Herbs & Spices,17.94,26.92,22.43
2023-01-20,Okra,Vegetables,4.0,550.0,48.12
2023-01-20,Orange,Fruits,4.0,100.0,48.78
2023-01-20,Wheat,Grains,8.75,58.0,27.15
2023-01-20,Pomegranate,Fruits,10.0,225.0,72.79
2023-01-20,Potato,Vegetables,10.18,15.27,12.73
2023-01-20,Rice,Grains,10.0,79.0,29.56
2023-01-20,Tomato,Vegetables,12.39,18.59,15.49
2023-01-20,Turmeric,Herbs & Spices,46.6,113.0,73.48
2023-01-20,Watermelon,Fruits,2.0,25.0,12.14
2023-01-20,Green Onion,Vegetables,11.67,17.51,14.59
2023-01-20,Pear,Fruits,120.0,120.0,120.0
2023-01-20,Green Hot Pepper,Vegetables,27.79,41.68,34.74
2023-01-20,Apple,Fruits,13.0,205.0,59.35
2023-01-20,Grapes,Fruits,12.5,215.0,66.71
2023-01-20,Banana,Fruits,5.5,4000.0,42.7
2023-01-20,Barley,Grains,24.0,33.0,27.93
2023-01-20,Bell Pepper,Vegetables,4.0,100.0,30.52
2023-01-20,Black pepper,Herbs & Spices,250.0,560.0,468.34
2023-01-20,Cabbage,Vegetables,10.04,15.07,12.55
2023-01-20,Cantaloupe,Fruits,5.0,48.0,21.37
2023-01-20,Carrot,Vegetables,2.0,1500.0,24.43
2023-01-20,Green Beans,Vegetables,8.0,450.0,53.49
2023-01-20,Corn,Grains,2.1,45.0,21.5
2023-01-20,Cucumber,Vegetables,4.0,350.0,25.13
2023-01-20,Cumin,Herbs & Spices,87.5,330.0,279.1
2023-01-20,Eggplant,Vegetables,15.76,23.64,19.7
2023-01-20,Garlic,Vegetables,31.06,46.59,38.82
2023-01-20,Ginger,Herbs & Spices,4.0,750.0,49.85
2023-01-20,Coriander Leaves,Herbs & Spices,15.09,22.64,18.87
2023-01-21,Green Onion,Vegetables,8.05,12.07,10.06
2023-01-21,Guava,Fruits,5.0,2500.0,57.34
2023-01-21,Lemon,Fruits,6.4,650.0,41.01
2023-01-21,Mango,Fruits,20.0,850.0,159.67
2023-01-21,Mint,Herbs & Spices,15.89,23.84,19.87
2023-01-21,Okra,Vegetables,4.0,550.0,51.65
2023-01-21,Onion,Vegetables,14.56,21.84,18.2
2023-01-21,Potato,Vegetables,10.72,16.08,13.4
2023-01-21,Pomegranate,Fruits,5.0,200.0,72.3
2023-01-21,Rice,Grains,10.0,79.0,29.6
2023-01-21,Tomato,Vegetables,12.18,18.27,15.23
2023-01-21,Turmeric,Herbs & Spices,46.7,130.0,83.58
2023-01-21,Watermelon,Fruits,4.0,30.0,13.31
2023-01-21,Green Hot Pepper,Vegetables,2.5,650.0,33.7
2023-01-21,Orange,Fruits,5.0,100.0,42.78
2023-01-21,Wheat,Grains,17.0,58.0,27.15
2023-01-21,Green Beans,Vegetables,8.0,113.0,45.11
2023-01-21,Ginger,Herbs & Spices,10.0,750.0,48.44
2023-01-21,Grapes,Fruits,138.62,207.93,173.28
2023-01-21,Apple,Fruits,12.5,7000.0,107.31
2023-01-21,Banana,Fruits,4.4,3000.0,41.42
2023-01-21,Barley,Grains,16.0,33.25,27.38
2023-01-21,Black pepper,Herbs & Spices,250.0,560.0,467.35
2023-01-21,Cabbage,Vegetables,10.16,15.24,12.7
2023-01-21,Cantaloupe,Fruits,5.0,45.0,19.45
2023-01-21,Bell Pepper,Vegetables,5.0,151.0,31.42
2023-01-21,Coriander Leaves,Herbs & Spices,15.07,22.6,18.84
2023-01-21,Corn,Grains,14.0,35.0,21.56
2023-01-21,Cucumber,Vegetables,4.0,150.8,23.5
2023-01-21,Cumin,Herbs & Spices,125.0,350.0,273.13
2023-01-21,Eggplant,Vegetables,16.1,24.16,20.13
2023-01-21,Garlic,Vegetables,3.0,1650.0,40.22
2023-01-21,Carrot,Vegetables,2.0,1500.0,26.07
2023-01-22,Onion,Vegetables,14.44,21.66,18.05
2023-01-22,Guava,Fruits,4.0,80.0,20.73
2023-01-22,Lemon,Fruits,13.0,70.0,36.02
2023-01-22,Mango,Fruits,60.0,70.0,66.0
2023-01-22,Mint,Herbs & Spices,16.81,25.22,21.01
2023-01-22,Okra,Vegetables,4.0,100.0,43.39
2023-01-22,Orange,Fruits,6.0,166.0,39.86
2023-01-22,Wheat,Grains,18.0,41.0,26.59
2023-01-22,Pomegranate,Fruits,10.0,225.0,67.87
2023-01-22,Potato,Vegetables,9.05,13.57,11.31
2023-01-22,Rice,Grains,18.7,80.5,30.14
2023-01-22,Tomato,Vegetables,10.22,15.33,12.77
2023-01-22,Turmeric,Herbs & Spices,94.6,100.0,98.43
2023-01-22,Watermelon,Fruits,3.0,30.0,14.56
2023-01-22,Green Onion,Vegetables,8.95,13.42,11.18
2023-01-22,Pear,Fruits,75.0,100.0,88.0
2023-01-22,Green Hot Pepper,Vegetables,4.0,150.0,32.58
2023-01-22,Green Beans,Vegetables,8.0,70.0,41.19
2023-01-22,Grapes,Fruits,12.5,145.0,64.03
2023-01-22,Apple,Fruits,12.5,205.0,59.91
2023-01-22,Banana,Fruits,4.4,65.0,25.56
2023-01-22,Barley,Grains,16.0,30.5,26.82
2023-01-22,Bell Pepper,Vegetables,7.0,65.0,27.09
2023-01-22,Cabbage,Vegetables,2.0,40.0,10.28
2023-01-22,Cantaloupe,Fruits,8.0,29.0,19.25
2023-01-22,Carrot,Vegetables,2.0,79.0,16.78
2023-01-22,Black pepper,Herbs & Spices,438.0,495.0,463.4
2023-01-22,Corn,Grains,14.0,27.0,20.69
2023-01-22,Cucumber,Vegetables,4.0,60.0,21.44
2023-01-22,Cumin,Herbs & Spices,200.0,350.0,275.0
2023-01-22,Eggplant,Vegetables,2.0,70.0,18.29
2023-01-22,Garlic,Vegetables,2.0,160.0,29.62
2023-01-22,Ginger,Herbs & Spices,6.5,100.0,42.18
2023-01-22,Coriander Leaves,Herbs & Spices,11.29,16.93,14.11
2023-01-23,Onion,Vegetables,14.5,21.75,18.12
2023-01-23,Guava,Fruits,4.0,82.0,21.89
2023-01-23,Lemon,Fruits,5.5,170.5,36.24
2023-01-23,Mango,Fruits,35.0,200.0,78.31
2023-01-23,Mint,Herbs & Spices,15.32,22.98,19.15
2023-01-23,Okra,Vegetables,4.0,200.0,48.04
2023-01-23,Orange,Fruits,8.0,140.0,52.43
2023-01-23,Wheat,Grains,8.77,320.0,27.69
2023-01-23,Pomegranate,Fruits,2.0,211.0,72.42
2023-01-23,Potato,Vegetables,9.32,13.98,11.65
2023-01-23,Rice,Grains,10.0,115.0,30.2
2023-01-23,Tomato,Vegetables,11.18,16.77,13.98
2023-01-23,Turmeric,Herbs & Spices,35.0,135.0,66.14
2023-01-23,Watermelon,Fruits,3.0,26.5,13.11
2023-01-23,Green Onion,Vegetables,8.6,12.91,10.76
2023-01-23,Pear,Fruits,80.0,90.0,85.0
2023-01-23,Green Hot Pepper,Vegetables,2.0,400.0,33.3
2023-01-23,Green Beans,Vegetables,15.0,160.0,47.03
2023-01-23,Grapes,Fruits,51.91,77.87,64.89
2023-01-23,Banana,Fruits,4.4,132.0,29.47
2023-01-23,Barley,Grains,16.0,33.0,27.68
2023-01-23,Bell Pepper,Vegetables,6.0,100.8,28.22
2023-01-23,Black pepper,Herbs & Spices,250.0,580.0,464.83
2023-01-23,Cabbage,Vegetables,9.1,13.65,11.38
2023-01-23,Cantaloupe,Fruits,8.0,50.0,25.47
2023-01-23,Carrot,Vegetables,14.39,21.58,17.98
2023-01-23,Apple,Fruits,4.0,220.0,60.19
2023-01-23,Corn,Grains,2.0,35.0,21.2
2023-01-23,Cucumber,Vegetables,4.0,140.0,23.61
2023-01-23,Cumin,Herbs & Spices,87.75,325.55,268.28
2023-01-23,Eggplant,Vegetables,2.0,220.0,19.22
2023-01-23,Garlic,Vegetables,24.25,36.38,30.32
2023-01-23,Ginger,Herbs & Spices,5.5,400.0,47.02
2023-01-23,Coriander Leaves,Herbs & Spices,15.67,23.51,19.59
2023-01-24,Guava,Fruits,4.0,80.0,21.6
2023-01-24,Lemon,Fruits,6.0,550.0,38.99
2023-01-24,Mango,Fruits,20.0,850.0,134.92
2023-01-24,Mint,Herbs & Spices,15.64,23.47,19.56
2023-01-24,Okra,Vegetables,3.9,650.0,50.33
2023-01-24,Onion,Vegetables,14.49,21.73,18.11
2023-01-24,Orange,Fruits,7.5,110.0,49.72
2023-01-24,Potato,Vegetables,9.86,14.79,12.32
2023-01-24,Pomegranate,Fruits,5.0,200.0,72.6
2023-01-24,Rice,Grains,10.0,85.0,30.19
2023-01-24,Tomato,Vegetables,11.45,17.17,14.31
2023-01-24,Turmeric,Herbs & Spices,41.4,130.0,69.42
2023-01-24,Wheat,Grains,9.39,61.6,27.91
2023-01-24,Green Onion,Vegetables,7.97,11.95,9.96
2023-01-24,Pear,Fruits,90.0,110.0,100.0
2023-01-24,Green Hot Pepper,Vegetables,2.0,650.0,34.65
2023-01-24,Watermelon,Fruits,3.0,35.0,14.46
2023-01-24,Grapes,Fruits,49.84,74.77,62.31
2023-01-24,Green Beans,Vegetables,7.0,450.0,50.33
2023-01-24,Banana,Fruits,4.5,550.0,32.66
2023-01-24,Barley,Grains,16.0,33.15,27.81
2023-01-24,Bell Pepper,Vegetables,6.0,100.8,29.72
2023-01-24,Black pepper,Herbs & Spices,250.0,550.0,461.02
2023-01-24,Cabbage,Vegetables,9.4,14.1,11.75
2023-01-24,Cantaloupe,Fruits,5.0,48.0,22.4
2023-01-24,Apple,Fruits,8.0,205.0,59.52
2023-01-24,Coriander Leaves,Herbs & Spices,15.56,23.34,19.45
2023-01-24,Corn,Grains,2.12,82.39,21.39
2023-01-24,Cucumber,Vegetables,3.0,350.0,24.37
2023-01-24,Cumin,Herbs & Spices,44.44,350.0,258.65
2023-01-24,Eggplant,Vegetables,2.0,450.0,19.71
2023-01-24,Garlic,Vegetables,31.17,46.75,38.96
2023-01-24,Ginger,Herbs & Spices,7.5,100.0,45.05
2023-01-24,Carrot,Vegetables,2.0,550.0,19.58
2023-01-25,Guava,Fruits,6.67,80.0,21.03
2023-01-25,Lemon,Fruits,4.8,550.0,38.88
2023-01-25,Mango,Fruits,3.0,850.0,131.79
2023-01-25,Mint,Herbs & Spices,35.14,52.72,43.93
2023-01-25,Okra,Vegetables,4.0,650.0,50.81
2023-01-25,Onion,Vegetables,14.55,21.82,18.19
2023-01-25,Orange,Fruits,6.0,100.0,48.29
2023-01-25,Rice,Grains,10.0,82.0,29.93
2023-01-25,Pomegranate,Fruits,5.0,180.0,70.04
2023-01-25,Potato,Vegetables,9.69,14.53,12.11
2023-01-25,Tomato,Vegetables,2.0,350.0,14.42
2023-01-25,Turmeric,Herbs & Spices,35.0,130.0,64.15
2023-01-25,Green Onion,Vegetables,9.02,13.53,11.27
2023-01-25,Wheat,Grains,16.0,58.0,28.14
2023-01-25,Pear,Fruits,70.0,120.0,99.0
2023-01-25,Green Hot Pepper,Vegetables,27.64,41.47,34.55
2023-01-25,Watermelon,Fruits,4.0,40.0,14.45
2023-01-25,Grapes,Fruits,48.39,72.58,60.48
2023-01-25,Apple,Fruits,12.5,220.0,60.03
2023-01-25,Banana,Fruits,4.4,550.0,33.16
2023-01-25,Barley,Grains,18.0,33.4,27.63
2023-01-25,Bell Pepper,Vegetables,5.0,150.8,30.44
2023-01-25,Black pepper,Herbs & Spices,250.0,550.0,459.21
2023-01-25,Cabbage,Vegetables,9.57,14.36,11.96
2023-01-25,Cantaloupe,Fruits,5.0,100.0,24.93
2023-01-25,Green Beans,Vegetables,7.0,450.0,52.17
2023-01-25,Coriander Leaves,Herbs & Spices,16.98,25.47,21.22
2023-01-25,Corn,Grains,2.1,35.0,21.34
2023-01-25,Cucumber,Vegetables,3.0,350.0,24.93
2023-01-25,Cumin,Herbs & Spices,88.1,325.05,246.74
2023-01-25,Eggplant,Vegetables,2.0,450.0,20.28
2023-01-25,Garlic,Vegetables,32.2,48.3,40.25
2023-01-25,Ginger,Herbs & Spices,5.0,750.0,49.31
2023-01-25,Carrot,Vegetables,2.0,550.0,19.81
2023-01-26,Green Onion,Vegetables,8.44,12.67,10.55
2023-01-26,Guava,Fruits,5.0,110.0,22.54
2023-01-26,Lemon,Fruits,9.0,550.0,41.9
2023-01-26,Mango,Fruits,50.0,850.0,167.5
2023-01-26,Mint,Herbs & Spices,20.07,30.11,25.09
2023-01-26,Okra,Vegetables,38.69,58.03,48.36
2023-01-26,Onion,Vegetables,2.0,96.0,18.89
2023-01-26,Rice,Grains,10.0,80.5,30.51
2023-01-26,Pomegranate,Fruits,10.0,200.0,73.83
2023-01-26,Potato,Vegetables,9.8,14.7,12.25
2023-01-26,Tomato,Vegetables,11.48,17.22,14.35
2023-01-26,Turmeric,Herbs & Spices,44.75,50.01,47.38
2023-01-26,Watermelon,Fruits,5.0,50.0,16.89
2023-01-26,Green Hot Pepper,Vegetables,4.0,650.0,35.74
2023-01-26,Orange,Fruits,6.0,92.0,43.68
2023-01-26,Wheat,Grains,21.25,31.87,26.56
2023-01-26,Green Beans,Vegetables,8.0,450.0,52.67
2023-01-26,Ginger,Herbs & Spices,9.0,650.0,49.91
2023-01-26,Grapes,Fruits,7.0,200.0,62.19
2023-01-26,Apple,Fruits,11.5,205.0,61.3
2023-01-26,Banana,Fruits,5.5,550.0,36.76
2023-01-26,Barley,Grains,20.0,31.0,28.5
2023-01-26,Black pepper,Herbs & Spices,438.0,495.0,468.14
2023-01-26,Cabbage,Vegetables,9.49,14.24,11.87
2023-01-26,Bell Pepper,Vegetables,8.0,70.2,27.76
2023-01-26,Carrot,Vegetables,2.0,500.0,19.38
2023-01-26,Coriander Leaves,Herbs & Spices,12.11,18.16,15.13
2023-01-26,Corn,Grains,14.0,25.5,21.32
2023-01-26,Cucumber,Vegetables,3.0,350.0,25.12
2023-01-26,Eggplant,Vegetables,2.0,450.0,20.0
2023-01-26,Garlic,Vegetables,2.0,1650.0,49.11
2023-01-26,Cantaloupe,Fruits,5.5,53.0,25.26
2023-01-27,Onion,Vegetables,14.59,21.88,18.23
2023-01-27,Wheat,Grains,16.0,56.0,27.57
2023-01-27,Lemon,Fruits,7.0,77.0,35.84
2023-01-27,Mango,Fruits,20.0,116.0,68.95
2023-01-27,Mint,Herbs & Spices,17.85,26.77,22.31
2023-01-27,Okra,Vegetables,2.01,236.0,49.03
2023-01-27,Orange,Fruits,6.0,170.0,49.94
2023-01-27,Watermelon,Fruits,4.0,30.0,13.73
2023-01-27,Pomegranate,Fruits,10.0,200.0,70.92
2023-01-27,Potato,Vegetables,9.4,14.1,11.75
2023-01-27,Rice,Grains,10.0,85.0,29.89
2023-01-27,Tomato,Vegetables,10.99,16.49,13.74
2023-01-27,Turmeric,Herbs & Spices,30.0,130.0,69.41
2023-01-27,Green Onion,Vegetables,8.83,13.25,11.04
2023-01-27,Pear,Fruits,70.0,167.0,122.5
2023-01-27,Green Hot Pepper,Vegetables,2.0,400.0,33.72
2023-01-27,Guava,Fruits,7.0,3000.0,45.84
2023-01-27,Grapes,Fruits,52.79,79.19,65.99
2023-01-27,Apple,Fruits,4.0,6500.0,84.52
2023-01-27,Banana,Fruits,4.4,3200.0,37.96
2023-01-27,Barley,Grains,18.0,32.75,27.89
2023-01-27,Bell Pepper,Vegetables,8.0,100.8,30.53
2023-01-27,Black pepper,Herbs & Spices,250.0,502.08,460.09
2023-01-27,Cabbage,Vegetables,9.42,14.14,11.78
2023-01-27,Cantaloupe,Fruits,7.0,45.0,21.49
2023-01-27,Green Beans,Vegetables,7.0,160.0,47.36
2023-01-27,Coriander Leaves,Herbs & Spices,14.89,22.33,18.61
2023-01-27,Corn,Grains,2.1,35.0,21.13
2023-01-27,Cucumber,Vegetables,19.5,29.25,24.38
2023-01-27,Cumin,Herbs & Spices,95.69,350.0,243.25
2023-01-27,Eggplant,Vegetables,15.74,23.61,19.67
2023-01-27,Garlic,Vegetables,27.55,41.33,34.44
2023-01-27,Ginger,Herbs & Spices,9.5,400.0,48.14
2023-01-27,Carrot,Vegetables,2.0,1200.0,21.76
2023-01-28,Guava,Fruits,5.0,2600.0,62.32
2023-01-28,Lemon,Fruits,5.1,550.0,38.3
2023-01-28,Mango,Fruits,40.0,850.0,147.95
2023-01-28,Mint,Herbs & Spices,16.35,24.53,20.44
2023-01-28,Okra,Vegetables,4.0,6000.0,81.63
2023-01-28,Onion,Vegetables,14.32,21.49,17.91
2023-01-28,Orange,Fruits,7.0,100.0,45.92
2023-01-28,Rice,Grains,10.0,115.0,29.42
2023-01-28,Pomegranate,Fruits,10.0,200.0,72.17
2023-01-28,Potato,Vegetables,9.36,14.05,11.7
2023-01-28,Tomato,Vegetables,10.95,16.43,13.69
2023-01-28,Turmeric,Herbs & Spices,46.7,130.0,70.36
2023-01-28,Watermelon,Fruits,4.0,30.0,14.33
2023-01-28,Wheat,Grains,16.0,56.0,27.02
2023-01-28,Green Onion,Vegetables,8.1,12.15,10.13
2023-01-28,Pear,Fruits,100.0,100.0,100.0
2023-01-28,Green Hot Pepper,Vegetables,2.0,550.0,33.66
2023-01-28,Green Beans,Vegetables,8.0,450.0,50.86
2023-01-28,Grapes,Fruits,141.56,212.34,176.95
2023-01-28,Apple,Fruits,12.5,10000.0,155.52
2023-01-28,Banana,Fruits,4.4,4000.0,43.35
2023-01-28,Barley,Grains,16.0,33.5,28.14
2023-01-28,Bell Pepper,Vegetables,8.0,150.8,29.17
2023-01-28,Cabbage,Vegetables,9.38,14.07,11.73
2023-01-28,Cantaloupe,Fruits,7.0,50.0,23.19
2023-01-28,Carrot,Vegetables,2.0,1500.0,23.24
2023-01-28,Black pepper,Herbs & Spices,438.0,580.0,472.28
2023-01-28,Corn,Grains,14.0,73.89,21.69
2023-01-28,Cucumber,Vegetables,3.0,350.0,24.57
2023-01-28,Cumin,Herbs & Spices,152.55,294.0,244.49
2023-01-28,Eggplant,Vegetables,15.45,23.18,19.31
2023-01-28,Garlic,Vegetables,2.15,1650.0,40.83
2023-01-28,Ginger,Herbs & Spices,10.0,750.0,49.67
2023-01-28,Coriander Leaves,Herbs & Spices,13.09,19.63,16.36
2023-01-29,Onion,Vegetables,13.23,19.84,16.53
2023-01-29,Guava,Fruits,5.0,82.0,18.95
2023-01-29,Lemon,Fruits,11.0,70.0,33.73
2023-01-29,Mango,Fruits,60.0,85.0,71.38
2023-01-29,Mint,Herbs & Spices,10.61,15.92,13.27
2023-01-29,Okra,Vegetables,4.0,110.0,44.26
2023-01-29,Orange,Fruits,6.0,74.0,34.59
2023-01-29,Watermelon,Fruits,2.5,25.0,10.08
2023-01-29,Pear,Fruits,70.0,85.0,78.0
2023-01-29,Pomegranate,Fruits,7.5,190.0,66.23
2023-01-29,Potato,Vegetables,2.0,70.0,10.79
2023-01-29,Rice,Grains,10.0,81.0,29.87
2023-01-29,Tomato,Vegetables,9.38,14.07,11.72
2023-01-29,Turmeric,Herbs & Spices,36.0,47.25,41.62
2023-01-29,Green Onion,Vegetables,6.69,10.04,8.36
2023-01-29,Peach,Fruits,50.0,100.0,75.0
2023-01-29,Green Hot Pepper,Vegetables,4.0,150.0,31.09
2023-01-29,Wheat,Grains,20.79,31.18,25.98
2023-01-29,Grapes,Fruits,13.0,130.0,51.93
2023-01-29,Apple,Fruits,10.0,180.0,59.12
2023-01-29,Banana,Fruits,4.4,82.0,26.14
2023-01-29,Barley,Grains,16.0,31.5,26.77
2023-01-29,Bell Pepper,Vegetables,6.0,58.0,27.46
2023-01-29,Black pepper,Herbs & Spices,428.0,500.0,464.0
2023-01-29,Cabbage,Vegetables,7.82,11.73,9.78
2023-01-29,Cantaloupe,Fruits,7.0,30.0,19.86
2023-01-29,Green Beans,Vegetables,7.0,65.0,37.4
2023-01-29,Coriander Leaves,Herbs & Spices,9.33,13.99,11.66
2023-01-29,Corn,Grains,14.0,28.0,20.9
2023-01-29,Cucumber,Vegetables,3.0,65.0,19.88
2023-01-29,Cumin,Herbs & Spices,250.0,269.0,259.5
2023-01-29,Eggplant,Vegetables,2.0,70.0,17.82
2023-01-29,Garlic,Vegetables,2.0,150.0,30.57
2023-01-29,Ginger,Herbs & Spices,10.0,85.0,40.86
2023-01-29,Carrot,Vegetables,4.0,100.0,17.77
2023-01-30,Guava,Fruits,4.0,80.0,22.92
2023-01-30,Lemon,Fruits,6.0,550.0,37.85
2023-01-30,Mango,Fruits,32.5,850.0,147.73
2023-01-30,Mint,Herbs & Spices,20.33,30.5,25.42
2023-01-30,Okra,Vegetables,4.0,650.0,51.36
2023-01-30,Onion,Vegetables,14.06,21.09,17.58
2023-01-30,Orange,Fruits,7.5,100.0,48.69
2023-01-30,Rice,Grains,14.3,81.0,30.53
2023-01-30,Pomegranate,Fruits,10.0,200.0,70.6
2023-01-30,Potato,Vegetables,9.58,14.36,11.97
2023-01-30,Tomato,Vegetables,11.1,16.66,13.88
2023-01-30,Turmeric,Herbs & Spices,30.0,135.0,61.8
2023-01-30,Watermelon,Fruits,3.0,28.0,13.69
2023-01-30,Green Onion,Vegetables,8.27,12.41,10.34
2023-01-30,Pear,Fruits,160.0,160.0,160.0
2023-01-30,Green Hot Pepper,Vegetables,27.58,41.37,34.48
2023-01-30,Wheat,Grains,16.0,56.0,26.79
2023-01-30,Grapes,Fruits,47.99,71.98,59.99
2023-01-30,Apple,Fruits,12.5,220.0,62.13
2023-01-30,Banana,Fruits,4.4,550.0,33.43
2023-01-30,Barley,Grains,16.0,33.5,27.71
2023-01-30,Bell Pepper,Vegetables,6.0,100.8,30.72
2023-01-30,Black pepper,Herbs & Spices,250.0,550.0,467.77
2023-01-30,Cabbage,Vegetables,9.75,14.62,12.19
2023-01-30,Cantaloupe,Fruits,5.0,50.0,22.12
2023-01-30,Green Beans,Vegetables,16.0,450.0,51.11
2023-01-30,Coriander Leaves,Herbs & Spices,14.35,21.53,17.94
2023-01-30,Corn,Grains,2.11,35.0,21.11
2023-01-30,Cucumber,Vegetables,2.0,350.0,24.55
2023-01-30,Cumin,Herbs & Spices,26.0,302.5,228.55
2023-01-30,Eggplant,Vegetables,15.56,23.34,19.45
2023-01-30,Garlic,Vegetables,32.86,49.29,41.07
2023-01-30,Ginger,Herbs & Spices,8.0,750.0,50.63
2023-01-30,Carrot,Vegetables,2.0,550.0,20.0
2023-01-31,Green Onion,Vegetables,8.64,12.97,10.81
2023-01-31,Guava,Fruits,4.0,80.0,23.77
2023-01-31,Lemon,Fruits,6.0,750.0,41.2
2023-01-31,Mango,Fruits,20.0,850.0,130.62
2023-01-31,Mint,Herbs & Spices,14.64,21.96,18.3
2023-01-31,Okra,Vegetables,4.0,550.0,50.32
2023-01-31,Onion,Vegetables,14.01,21.02,17.52
2023-01-31,Potato,Vegetables,9.68,14.52,12.1
2023-01-31,Pear,Fruits,70.0,135.0,107.5
2023-01-31,Pomegranate,Fruits,10.0,200.0,73.92
2023-01-31,Rice,Grains,10.0,85.0,30.28
2023-01-31,Tomato,Vegetables,10.94,16.42,13.68
2023-01-31,Turmeric,Herbs & Spices,10.0,135.0,65.28
2023-01-31,Watermelon,Fruits,3.0,40.0,14.54
2023-01-31,Green Hot Pepper,Vegetables,27.0,40.5,33.75
2023-01-31,Orange,Fruits,5.0,110.0,45.38
2023-01-31,Wheat,Grains,18.0,56.0,26.5
2023-01-31,Green Beans,Vegetables,7.0,450.0,49.07
2023-01-31,Ginger,Herbs & Spices,10.0,750.0,49.75
2023-01-31,Grapes,Fruits,50.46,75.68,63.07
2023-01-31,Apple,Fruits,7.0,220.0,64.3
2023-01-31,Banana,Fruits,4.5,550.0,32.73
2023-01-31,Barley,Grains,16.0,33.5,27.27
2023-01-31,Black pepper,Herbs & Spices,250.0,550.0,463.54
2023-01-31,Cabbage,Vegetables,9.21,13.82,11.52
2023-01-31,Cantaloupe,Fruits,7.0,50.0,23.4
2023-01-31,Bell Pepper,Vegetables,4.0,100.8,30.48
2023-01-31,Coriander Leaves,Herbs & Spices,13.54,20.3,16.92
2023-01-31,Corn,Grains,2.13,77.75,21.09
2023-01-31,Cucumber,Vegetables,3.0,350.0,24.48
2023-01-31,Cumin,Herbs & Spices,150.0,350.0,260.74
2023-01-31,Eggplant,Vegetables,2.0,350.0,18.85
2023-01-31,Garlic,Vegetables,33.44,50.16,41.8
2023-01-31,Carrot,Vegetables,15.46,23.19,19.33
2023-02-01,Okra,Vegetables,5.0,550.0,51.28
2023-02-01,Green Onion,Vegetables,7.61,11.41,9.51
2023-02-01,Guava,Fruits,5.0,3200.0,49.71
2023-02-01,Lemon,Fruits,5.9,650.0,39.76
2023-02-01,Mango,Fruits,15.0,850.0,119.96
2023-02-01,Mint,Herbs & Spices,20.1,30.14,25.12
2023-02-01,Onion,Vegetables,14.41,21.61,18.01
2023-02-01,Watermelon,Fruits,3.0,50.0,14.56
2023-02-01,Pear,Fruits,70.0,125.0,101.5
2023-02-01,Pomegranate,Fruits,10.0,200.0,72.97
2023-02-01,Potato,Vegetables,9.51,14.27,11.89
2023-02-01,Rice,Grains,14.0,83.0,30.48
2023-02-01,Tomato,Vegetables,10.96,16.44,13.7
2023-02-01,Turmeric,Herbs & Spices,13.0,96.2,58.22
2023-02-01,Wheat,Grains,15.0,50.0,26.81
2023-02-01,Orange,Fruits,5.0,110.0,47.7
2023-02-01,Green Hot Pepper,Vegetables,27.31,40.97,34.14
2023-02-01,Grapes,Fruits,182.46,273.68,228.07
2023-02-01,Ginger,Herbs & Spices,9.5,750.0,49.64
2023-02-01,Green Beans,Vegetables,7.0,450.0,49.59
2023-02-01,Apple,Fruits,7.0,10000.0,127.66
2023-02-01,Banana,Fruits,4.4,550.0,32.54
2023-02-01,Barley,Grains,20.0,33.5,28.27
2023-02-01,Black pepper,Herbs & Spices,300.0,550.0,460.16
2023-02-01,Cabbage,Vegetables,9.39,14.09,11.74
2023-02-01,Cantaloupe,Fruits,7.0,50.0,20.88
2023-02-01,Bell Pepper,Vegetables,4.0,120.8,29.85
2023-02-01,Coriander Leaves,Herbs & Spices,12.54,18.82,15.68
2023-02-01,Corn,Grains,2.1,80.05,21.27
2023-02-01,Cucumber,Vegetables,3.0,450.0,24.25
2023-02-01,Cumin,Herbs & Spices,75.0,308.25,240.28
2023-02-01,Eggplant,Vegetables,2.0,350.0,18.9
2023-02-01,Garlic,Vegetables,33.65,50.48,42.07
2023-02-01,Carrot,Vegetables,2.0,1800.0,24.9
2023-02-02,Onion,Vegetables,13.47,20.2,16.83
2023-02-02,Guava,Fruits,5.0,3500.0,51.28
2023-02-02,Lemon,Fruits,4.0,650.0,39.92
2023-02-02,Mango,Fruits,60.0,850.0,148.09
2023-02-02,Mint,Herbs & Spices,38.41,57.61,48.01
2023-02-02,Okra,Vegetables,5.0,550.0,50.19
2023-02-02,Orange,Fruits,5.0,110.0,46.13
2023-02-02,Wheat,Grains,16.0,56.0,26.64
2023-02-02,Pomegranate,Fruits,10.0,170.0,72.17
2023-02-02,Potato,Vegetables,9.21,13.82,11.52
2023-02-02,Rice,Grains,10.0,115.0,30.83
2023-02-02,Tomato,Vegetables,10.6,15.9,13.25
2023-02-02,Turmeric,Herbs & Spices,13.0,100.0,62.85
2023-02-02,Watermelon,Fruits,3.0,30.0,14.57
2023-02-02,Green Onion,Vegetables,8.18,12.27,10.22
2023-02-02,Pear,Fruits,70.0,85.0,78.0
2023-02-02,Green Hot Pepper,Vegetables,2.1,550.0,33.91
2023-02-02,Green Beans,Vegetables,15.5,450.0,50.85
2023-02-02,Grapes,Fruits,159.46,239.18,199.32
2023-02-02,Banana,Fruits,3.8,550.0,33.1
2023-02-02,Barley,Grains,20.0,33.5,27.89
2023-02-02,Bell Pepper,Vegetables,3.0,100.0,29.6
2023-02-02,Black pepper,Herbs & Spices,400.0,550.0,468.66
2023-02-02,Cabbage,Vegetables,9.08,13.62,11.35
2023-02-02,Cantaloupe,Fruits,5.0,50.0,23.3
2023-02-02,Carrot,Vegetables,2.0,1500.0,23.25
2023-02-02,Apple,Fruits,11.0,200.0,63.59
2023-02-02,Corn,Grains,2.06,35.0,21.19
2023-02-02,Cucumber,Vegetables,3.0,350.0,23.13
2023-02-02,Cumin,Herbs & Spices,96.8,350.0,247.77
2023-02-02,Eggplant,Vegetables,14.84,22.27,18.56
2023-02-02,Garlic,Vegetables,32.83,49.25,41.04
2023-02-02,Ginger,Herbs & Spices,6.5,750.0,49.02
2023-02-02,Coriander Leaves,Herbs & Spices,15.22,22.83,19.03
2023-02-03,Guava,Fruits,5.0,83.0,24.98
2023-02-03,Lemon,Fruits,9.0,650.0,39.73
2023-02-03,Mango,Fruits,12.0,850.0,122.93
2023-02-03,Mint,Herbs & Spices,17.17,25.75,21.46
2023-02-03,Okra,Vegetables,4.0,550.0,49.96
2023-02-03,Onion,Vegetables,13.91,20.87,17.39
2023-02-03,Orange,Fruits,5.0,120.0,46.78
2023-02-03,Potato,Vegetables,9.05,13.57,11.31
2023-02-03,Pomegranate,Fruits,10.0,225.0,70.57
2023-02-03,Rice,Grains,10.0,115.0,30.46
2023-02-03,Tomato,Vegetables,10.77,16.15,13.46
2023-02-03,Turmeric,Herbs & Spices,13.0,130.0,67.58
2023-02-03,Watermelon,Fruits,3.0,35.0,14.44
2023-02-03,Green Onion,Vegetables,6.52,9.79,8.16
2023-02-03,Pear,Fruits,60.0,80.0,70.0
2023-02-03,Green Hot Pepper,Vegetables,27.26,40.89,34.08
2023-02-03,Wheat,Grains,16.8,56.0,26.55
2023-02-03,Grapes,Fruits,47.34,71.01,59.18
2023-02-03,Apple,Fruits,8.0,205.0,64.37
2023-02-03,Banana,Fruits,4.4,550.0,32.83
2023-02-03,Barley,Grains,20.0,33.0,28.14
2023-02-03,Bell Pepper,Vegetables,4.0,100.0,27.55
2023-02-03,Black pepper,Herbs & Spices,400.0,560.0,472.42
2023-02-03,Cabbage,Vegetables,9.6,14.4,12.0
2023-02-03,Cantaloupe,Fruits,5.0,50.0,21.61
2023-02-03,Green Beans,Vegetables,8.0,450.0,49.5
2023-02-03,Coriander Leaves,Herbs & Spices,12.08,18.11,15.1
2023-02-03,Corn,Grains,2.06,35.0,21.13
2023-02-03,Cucumber,Vegetables,18.72,28.07,23.39
2023-02-03,Cumin,Herbs & Spices,82.0,350.0,245.81
2023-02-03,Eggplant,Vegetables,14.93,22.39,18.66
2023-02-03,Garlic,Vegetables,32.16,48.25,40.21
2023-02-03,Ginger,Herbs & Spices,3.5,750.0,50.58
2023-02-03,Carrot,Vegetables,3.0,550.0,19.81
2023-02-04,Guava,Fruits,5.0,76.0,24.38
2023-02-04,Lemon,Fruits,7.5,650.0,40.46
2023-02-04,Mango,Fruits,20.0,850.0,138.38
2023-02-04,Mint,Herbs & Spices,20.33,30.49,25.41
2023-02-04,Okra,Vegetables,5.0,550.0,49.56
2023-02-04,Onion,Vegetables,13.51,20.26,16.89
2023-02-04,Orange,Fruits,5.0,100.0,44.09
2023-02-04,Rice,Grains,10.0,81.0,29.96
2023-02-04,Pomegranate,Fruits,2.0,160.0,69.66
2023-02-04,Potato,Vegetables,9.11,13.67,11.39
2023-02-04,Tomato,Vegetables,10.27,15.4,12.83
2023-02-04,Turmeric,Herbs & Spices,40.0,135.0,79.17
2023-02-04,Watermelon,Fruits,3.0,30.0,13.01
2023-02-04,Green Onion,Vegetables,7.97,11.96,9.97
2023-02-04,Pear,Fruits,140.0,150.0,145.0
2023-02-04,Green Hot Pepper,Vegetables,25.89,38.83,32.36
2023-02-04,Wheat,Grains,21.0,31.5,26.25
2023-02-04,Grapes,Fruits,119.0,178.49,148.74
2023-02-04,Apple,Fruits,12.5,10000.0,93.83
2023-02-04,Banana,Fruits,4.4,550.0,33.74
2023-02-04,Barley,Grains,16.0,33.5,27.83
2023-02-04,Bell Pepper,Vegetables,7.0,100.0,28.65
2023-02-04,Black pepper,Herbs & Spices,400.0,560.0,473.33
2023-02-04,Cabbage,Vegetables,9.01,13.51,11.26
2023-02-04,Cantaloupe,Fruits,5.0,90.0,24.79
2023-02-04,Green Beans,Vegetables,7.0,450.0,50.32
2023-02-04,Coriander Leaves,Herbs & Spices,12.36,18.53,15.44
2023-02-04,Corn,Grains,2.06,40.0,21.1
2023-02-04,Cucumber,Vegetables,3.0,350.0,23.14
2023-02-04,Cumin,Herbs & Spices,87.14,350.0,271.73
2023-02-04,Eggplant,Vegetables,14.35,21.52,17.93
2023-02-04,Garlic,Vegetables,33.5,50.25,41.88
2023-02-04,Ginger,Herbs & Spices,5.0,750.0,49.68
2023-02-04,Carrot,Vegetables,2.0,1500.0,22.77
2023-02-05,Guava,Fruits,10.0,50.0,20.51
2023-02-05,Lemon,Fruits,15.0,91.0,38.03
2023-02-05,Mango,Fruits,12.0,90.0,54.17
2023-02-05,Mint,Herbs & Spices,9.47,14.2,11.83
2023-02-05,Okra,Vegetables,5.0,120.0,43.72
2023-02-05,Onion,Vegetables,12.91,19.37,16.14
2023-02-05,Orange,Fruits,5.0,85.0,35.28
2023-02-05,Rice,Grains,10.0,56.0,30.25
2023-02-05,Pomegranate,Fruits,10.0,160.0,66.24
2023-02-05,Potato,Vegetables,2.5,45.0,9.93
2023-02-05,Tomato,Vegetables,8.53,12.79,10.66
2023-02-05,Turmeric,Herbs & Spices,55.0,100.0,85.13
2023-02-05,Watermelon,Fruits,2.0,28.0,12.28
2023-02-05,Green Onion,Vegetables,6.21,9.31,7.76
2023-02-05,Pear,Fruits,70.0,90.0,80.0
2023-02-05,Wheat,Grains,20.56,30.83,25.69
2023-02-05,Green Hot Pepper,Vegetables,4.0,120.0,31.08
2023-02-05,Grapes,Fruits,18.0,120.0,52.7
2023-02-05,Green Beans,Vegetables,8.0,62.0,37.08
2023-02-05,Apple,Fruits,10.5,200.0,62.0
2023-02-05,Banana,Fruits,4.4,70.0,25.28
2023-02-05,Barley,Grains,16.0,31.25,26.74
2023-02-05,Black pepper,Herbs & Spices,428.0,465.0,447.25
2023-02-05,Cabbage,Vegetables,7.47,11.2,9.34
2023-02-05,Cantaloupe,Fruits,5.0,50.0,19.69
2023-02-05,Bell Pepper,Vegetables,5.0,80.0,26.77
2023-02-05,Coriander Leaves,Herbs & Spices,8.31,12.47,10.39
2023-02-05,Corn,Grains,14.0,54.01,20.94
2023-02-05,Cucumber,Vegetables,3.0,55.0,19.85
2023-02-05,Eggplant,Vegetables,13.02,19.53,16.27
2023-02-05,Garlic,Vegetables,25.86,38.78,32.32
2023-02-05,Ginger,Herbs & Spices,10.0,80.0,41.02
2023-02-05,Carrot,Vegetables,4.0,100.0,16.11
2023-02-06,Okra,Vegetables,5.0,550.0,50.95
2023-02-06,Green Onion,Vegetables,9.19,13.78,11.49
2023-02-06,Guava,Fruits,5.0,91.0,26.45
2023-02-06,Lemon,Fruits,5.6,650.0,40.61
2023-02-06,Mango,Fruits,30.0,850.0,137.72
2023-02-06,Mint,Herbs & Spices,16.91,25.36,21.13
2023-02-06,Onion,Vegetables,13.47,20.21,16.84
2023-02-06,Watermelon,Fruits,2.0,40.0,14.51
2023-02-06,Pear,Fruits,70.0,90.0,80.0
2023-02-06,Pomegranate,Fruits,10.0,180.0,70.31
2023-02-06,Potato,Vegetables,9.19,13.79,11.49
2023-02-06,Rice,Grains,10.0,163.63,30.66
2023-02-06,Tomato,Vegetables,10.54,15.82,13.18
2023-02-06,Turmeric,Herbs & Spices,28.11,100.0,62.1
2023-02-06,Wheat,Grains,2.35,85.21,26.25
2023-02-06,Orange,Fruits,7.5,120.0,47.53
2023-02-06,Green Hot Pepper,Vegetables,26.42,39.63,33.02
2023-02-06,Grapes,Fruits,115.2,172.8,144.0
2023-02-06,Ginger,Herbs & Spices,41.24,61.86,51.55
2023-02-06,Apple,Fruits,12.5,220.0,64.22
2023-02-06,Banana,Fruits,4.4,550.0,33.58
2023-02-06,Barley,Grains,16.0,34.0,27.69
2023-02-06,Bell Pepper,Vegetables,5.0,120.8,28.91
2023-02-06,Black pepper,Herbs & Spices,400.0,560.0,470.14
2023-02-06,Cabbage,Vegetables,9.48,14.23,11.86
2023-02-06,Cantaloupe,Fruits,16.39,24.59,20.49
2023-02-06,Green Beans,Vegetables,10.7,450.0,51.0
2023-02-06,Coriander Leaves,Herbs & Spices,12.14,18.2,15.17
2023-02-06,Corn,Grains,12.65,67.41,21.22
2023-02-06,Cucumber,Vegetables,3.0,350.0,24.23
2023-02-06,Cumin,Herbs & Spices,96.5,350.0,262.11
2023-02-06,Eggplant,Vegetables,14.81,22.21,18.51
2023-02-06,Garlic,Vegetables,34.16,51.24,42.7
2023-02-06,Carrot,Vegetables,2.0,1000.0,21.53
2023-02-07,Lemon,Fruits,4.0,750.0,41.67
2023-02-07,Mango,Fruits,22.5,850.0,143.62
2023-02-07,Mint,Herbs & Spices,16.27,24.4,20.33
2023-02-07,Okra,Vegetables,5.0,550.0,52.06
2023-02-07,Onion,Vegetables,13.22,19.84,16.53
2023-02-07,Orange,Fruits,7.5,120.0,44.36
2023-02-07,Pear,Fruits,70.0,90.0,80.0
2023-02-07,Rice,Grains,10.0,90.0,29.88
2023-02-07,Potato,Vegetables,8.89,13.34,11.11
2023-02-07,Tomato,Vegetables,9.99,14.98,12.49
2023-02-07,Turmeric,Herbs & Spices,32.0,130.0,65.95
2023-02-07,Watermelon,Fruits,4.0,40.0,15.32
2023-02-07,Wheat,Grains,16.0,56.0,26.27
2023-02-07,Guava,Fruits,5.0,4200.0,65.81
2023-02-07,Pomegranate,Fruits,10.0,160.0,70.21
2023-02-07,Green Onion,Vegetables,8.37,12.55,10.46
2023-02-07,Green Hot Pepper,Vegetables,25.98,38.98,32.48
2023-02-07,Apple,Fruits,10.5,10000.0,100.12
2023-02-07,Green Beans,Vegetables,8.0,450.0,48.46
2023-02-07,Banana,Fruits,4.5,550.0,32.44
2023-02-07,Barley,Grains,16.0,34.0,28.11
2023-02-07,Bell Pepper,Vegetables,4.0,100.0,27.51
2023-02-07,Black pepper,Herbs & Spices,300.0,600.0,475.33
2023-02-07,Cantaloupe,Fruits,5.0,45.0,20.39
2023-02-07,Carrot,Vegetables,2.0,1500.0,21.97
2023-02-07,Cabbage,Vegetables,8.91,13.37,11.14
2023-02-07,Corn,Grains,10.51,35.0,21.07
2023-02-07,Cucumber,Vegetables,2.5,350.0,23.29
2023-02-07,Cumin,Herbs & Spices,84.5,350.05,257.81
2023-02-07,Eggplant,Vegetables,2.0,350.0,17.74
2023-02-07,Garlic,Vegetables,32.41,48.62,40.52
2023-02-07,Ginger,Herbs & Spices,3.0,750.0,49.36
2023-02-07,Grapes,Fruits,4.0,10000.0,192.65
2023-02-07,Coriander Leaves,Herbs & Spices,12.4,18.59,15.49
2023-02-08,Onion,Vegetables,13.3,19.95,16.62
2023-02-08,Guava,Fruits,5.0,117.0,28.36
2023-02-08,Lemon,Fruits,5.4,750.0,40.8
2023-02-08,Mango,Fruits,16.0,850.0,135.4
2023-02-08,Mint,Herbs & Spices,19.74,29.61,24.67
2023-02-08,Okra,Vegetables,5.0,550.0,51.39
2023-02-08,Orange,Fruits,6.0,120.0,44.65
2023-02-08,Green Onion,Vegetables,7.59,11.38,9.48
2023-02-08,Pomegranate,Fruits,10.0,160.0,70.2
2023-02-08,Potato,Vegetables,8.83,13.24,11.03
2023-02-08,Rice,Grains,10.0,75.12,30.31
2023-02-08,Tomato,Vegetables,10.09,15.13,12.61
2023-02-08,Turmeric,Herbs & Spices,25.0,135.0,64.47
2023-02-08,Watermelon,Fruits,2.0,35.0,13.89
2023-02-08,Wheat,Grains,2.44,56.0,26.28
2023-02-08,Pear,Fruits,75.0,166.0,119.0
2023-02-08,Green Hot Pepper,Vegetables,25.24,37.86,31.55
2023-02-08,Apple,Fruits,9.0,205.0,65.54
2023-02-08,Grapes,Fruits,45.71,68.57,57.14
2023-02-08,Green Beans,Vegetables,8.0,450.0,49.45
2023-02-08,Banana,Fruits,4.4,550.0,32.44
2023-02-08,Barley,Grains,16.0,33.5,27.93
2023-02-08,Bell Pepper,Vegetables,4.0,100.0,28.55
2023-02-08,Cabbage,Vegetables,9.21,13.82,11.51
2023-02-08,Cantaloupe,Fruits,5.0,50.0,23.3
2023-02-08,Carrot,Vegetables,2.0,550.0,19.17
2023-02-08,Black pepper,Herbs & Spices,100.0,550.0,435.44
2023-02-08,Corn,Grains,10.0,35.0,21.02
2023-02-08,Cucumber,Vegetables,2.0,350.0,23.42
2023-02-08,Cumin,Herbs & Spices,92.7,330.0,252.3
2023-02-08,Eggplant,Vegetables,2.0,350.0,17.86
2023-02-08,Garlic,Vegetables,32.41,48.62,40.52
2023-02-08,Ginger,Herbs & Spices,10.0,750.0,48.9
2023-02-08,Coriander Leaves,Herbs & Spices,11.5,17.25,14.37
2023-02-09,Onion,Vegetables,13.16,19.73,16.44
2023-02-09,Guava,Fruits,5.0,81.0,29.05
2023-02-09,Lemon,Fruits,8.0,750.0,41.72
2023-02-09,Mango,Fruits,12.0,850.0,131.78
2023-02-09,Mint,Herbs & Spices,14.17,21.25,17.71
2023-02-09,Okra,Vegetables,5.0,450.0,50.42
2023-02-09,Orange,Fruits,6.0,120.0,46.85
2023-02-09,Wheat,Grains,16.0,72.89,26.14
2023-02-09,Pomegranate,Fruits,10.0,160.0,69.57
2023-02-09,Potato,Vegetables,8.87,13.31,11.09
2023-02-09,Rice,Grains,10.0,81.5,30.2
2023-02-09,Tomato,Vegetables,9.99,14.98,12.48
2023-02-09,Turmeric,Herbs & Spices,27.0,135.0,65.83
2023-02-09,Watermelon,Fruits,2.0,56.6,14.92
2023-02-09,Green Onion,Vegetables,8.24,12.36,10.3
2023-02-09,Pear,Fruits,70.0,210.0,121.17
2023-02-09,Green Hot Pepper,Vegetables,25.54,38.31,31.93
2023-02-09,Apple,Fruits,10.52,200.0,65.41
2023-02-09,Grapes,Fruits,8.0,220.0,56.45
2023-02-09,Banana,Fruits,4.4,550.0,32.71
2023-02-09,Barley,Grains,16.0,33.0,27.96
2023-02-09,Bell Pepper,Vegetables,4.0,180.0,28.88
2023-02-09,Black pepper,Herbs & Spices,400.0,600.0,469.8
2023-02-09,Cabbage,Vegetables,8.6,12.9,10.75
2023-02-09,Cantaloupe,Fruits,3.0,60.0,24.44
2023-02-09,Carrot,Vegetables,2.0,550.0,18.23
2023-02-09,Green Beans,Vegetables,8.0,450.0,49.44
2023-02-09,Corn,Grains,13.01,35.0,21.14
2023-02-09,Cucumber,Vegetables,3.0,350.0,23.9
2023-02-09,Cumin,Herbs & Spices,95.12,327.55,253.29
2023-02-09,Eggplant,Vegetables,14.05,21.08,17.57
2023-02-09,Garlic,Vegetables,33.97,50.95,42.46
2023-02-09,Ginger,Herbs & Spices,10.0,750.0,49.03
2023-02-09,Coriander Leaves,Herbs & Spices,12.36,18.53,15.45
2023-02-10,Guava,Fruits,5.0,76.0,28.22
2023-02-10,Lemon,Fruits,4.0,82.0,37.83
2023-02-10,Mango,Fruits,12.0,300.0,71.57
2023-02-10,Mint,Herbs & Spices,14.84,22.27,18.56
2023-02-10,Okra,Vegetables,2.0,251.0,50.32
2023-02-10,Onion,Vegetables,13.07,19.6,16.33
2023-02-10,Orange,Fruits,7.0,120.0,47.02
2023-02-10,Potato,Vegetables,8.46,12.69,10.57
2023-02-10,Pomegranate,Fruits,10.0,160.0,70.93
2023-02-10,Rice,Grains,10.0,258.0,30.38
2023-02-10,Tomato,Vegetables,10.0,15.0,12.5
2023-02-10,Turmeric,Herbs & Spices,16.0,135.0,71.54
2023-02-10,Watermelon,Fruits,2.0,60.0,14.36
2023-02-10,Green Onion,Vegetables,7.71,11.57,9.64
2023-02-10,Pear,Fruits,75.0,90.0,83.0
2023-02-10,Wheat,Grains,15.0,56.0,26.06
2023-02-10,Green Hot Pepper,Vegetables,24.72,37.09,30.9
2023-02-10,Grapes,Fruits,104.13,156.2,130.16
2023-02-10,Green Beans,Vegetables,7.0,160.0,44.41
2023-02-10,Apple,Fruits,12.5,8000.0,95.0
2023-02-10,Banana,Fruits,4.4,120.0,28.97
2023-02-10,Barley,Grains,20.0,33.0,28.25
2023-02-10,Bell Pepper,Vegetables,4.0,180.0,28.26
2023-02-10,Cabbage,Vegetables,8.22,12.33,10.27
2023-02-10,Cantaloupe,Fruits,4.2,50.0,20.93
2023-02-10,Black pepper,Herbs & Spices,350.0,600.0,465.77
2023-02-10,Coriander Leaves,Herbs & Spices,10.69,16.03,13.36
2023-02-10,Corn,Grains,2.09,48.0,20.98
2023-02-10,Cucumber,Vegetables,3.0,280.8,22.64
2023-02-10,Cumin,Herbs & Spices,20.5,337.55,247.71
2023-02-10,Eggplant,Vegetables,13.52,20.28,16.9
2023-02-10,Garlic,Vegetables,28.22,42.33,35.28
2023-02-10,Ginger,Herbs & Spices,9.6,400.0,47.54
2023-02-10,Carrot,Vegetables,13.93,20.89,17.41
2023-02-11,Okra,Vegetables,4.0,450.0,47.39
2023-02-11,Green Onion,Vegetables,7.94,11.91,9.93
2023-02-11,Guava,Fruits,5.0,80.0,24.44
2023-02-11,Lemon,Fruits,5.25,750.0,42.54
2023-02-11,Mango,Fruits,12.0,850.0,146.64
2023-02-11,Mint,Herbs & Spices,12.64,18.96,15.8
2023-02-11,Onion,Vegetables,12.75,19.13,15.94
2023-02-11,Wheat,Grains,15.0,69.15,25.71
2023-02-11,Pear,Fruits,120.0,257.0,188.5
2023-02-11,Pomegranate,Fruits,10.0,150.0,67.07
2023-02-11,Potato,Vegetables,8.41,12.62,10.52
2023-02-11,Rice,Grains,10.0,61.7,29.97
2023-02-11,Tomato,Vegetables,9.66,14.48,12.07
2023-02-11,Turmeric,Herbs & Spices,30.32,130.0,72.8
2023-02-11,Watermelon,Fruits,2.0,29.0,13.04
2023-02-11,Orange,Fruits,5.0,92.0,40.34
2023-02-11,Green Hot Pepper,Vegetables,4.0,650.0,31.84
2023-02-11,Grapes,Fruits,42.34,63.51,52.92
2023-02-11,Ginger,Herbs & Spices,10.0,750.0,47.94
2023-02-11,Apple,Fruits,12.5,235.0,68.39
2023-02-11,Banana,Fruits,4.4,550.0,33.41
2023-02-11,Barley,Grains,16.0,33.5,27.47
2023-02-11,Bell Pepper,Vegetables,6.0,65.0,26.11
2023-02-11,Black pepper,Herbs & Spices,365.0,550.0,461.79
2023-02-11,Cabbage,Vegetables,8.52,12.77,10.64
2023-02-11,Cantaloupe,Fruits,3.0,45.0,21.35
2023-02-11,Green Beans,Vegetables,9.0,450.0,51.76
2023-02-11,Coriander Leaves,Herbs & Spices,9.57,14.35,11.96
2023-02-11,Corn,Grains,9.59,33.0,21.17
2023-02-11,Cucumber,Vegetables,3.0,450.0,21.64
2023-02-11,Cumin,Herbs & Spices,96.0,345.0,260.05
2023-02-11,Eggplant,Vegetables,13.39,20.09,16.74
2023-02-11,Garlic,Vegetables,2.05,1250.0,39.35
2023-02-11,Carrot,Vegetables,2.0,550.0,18.35
2023-02-12,Lemon,Fruits,12.0,80.0,37.67
2023-02-12,Mango,Fruits,60.0,70.0,65.75
2023-02-12,Mint,Herbs & Spices,10.16,15.25,12.7
2023-02-12,Okra,Vegetables,5.0,100.0,42.16
2023-02-12,Onion,Vegetables,12.43,18.64,15.54
2023-02-12,Orange,Fruits,7.0,85.0,38.19
2023-02-12,Pear,Fruits,70.0,85.0,78.0
2023-02-12,Rice,Grains,10.0,81.0,30.43
2023-02-12,Potato,Vegetables,2.0,35.0,9.52
2023-02-12,Tomato,Vegetables,8.53,12.8,10.67
2023-02-12,Turmeric,Herbs & Spices,94.4,95.5,94.9
2023-02-12,Watermelon,Fruits,3.0,30.0,12.17
2023-02-12,Wheat,Grains,18.95,38.5,25.11
2023-02-12,Guava,Fruits,5.0,60.0,22.35
2023-02-12,Pomegranate,Fruits,10.0,160.0,64.8
2023-02-12,Green Onion,Vegetables,8.01,12.02,10.02
2023-02-12,Green Hot Pepper,Vegetables,4.0,110.0,30.0
2023-02-12,Green Beans,Vegetables,8.0,60.0,35.38
2023-02-12,Banana,Fruits,4.4,70.0,25.93
2023-02-12,Barley,Grains,16.0,30.5,26.72
2023-02-12,Bell Pepper,Vegetables,5.0,80.0,27.23
2023-02-12,Black pepper,Herbs & Spices,428.0,485.0,460.0
2023-02-12,Cabbage,Vegetables,7.17,10.75,8.96
2023-02-12,Cantaloupe,Fruits,7.0,30.0,19.0
2023-02-12,Carrot,Vegetables,3.0,100.0,15.33
2023-02-12,Apple,Fruits,12.5,235.0,63.95
2023-02-12,Corn,Grains,14.0,26.0,20.78
2023-02-12,Cucumber,Vegetables,2.0,65.0,18.97
2023-02-12,Eggplant,Vegetables,12.05,18.07,15.06
2023-02-12,Garlic,Vegetables,2.25,150.0,31.14
2023-02-12,Ginger,Herbs & Spices,10.0,100.0,40.73
2023-02-12,Grapes,Fruits,8.0,120.0,49.98
2023-02-12,Coriander Leaves,Herbs & Spices,7.26,10.88,9.07
2023-02-13,Guava,Fruits,5.0,280.0,32.65
2023-02-13,Lemon,Fruits,4.8,650.0,45.06
2023-02-13,Mango,Fruits,20.0,650.0,118.0
2023-02-13,Mint,Herbs & Spices,14.23,21.34,17.78
2023-02-13,Okra,Vegetables,2.31,550.0,51.36
2023-02-13,Onion,Vegetables,12.8,19.21,16.01
2023-02-13,Orange,Fruits,6.0,120.0,46.54
2023-02-13,Rice,Grains,14.25,98.34,30.79
2023-02-13,Potato,Vegetables,8.69,13.03,10.86
2023-02-13,Tomato,Vegetables,10.57,15.86,13.21
2023-02-13,Turmeric,Herbs & Spices,16.0,135.0,69.32
2023-02-13,Watermelon,Fruits,2.0,35.8,14.5
2023-02-13,Wheat,Grains,16.0,63.9,25.26
2023-02-13,Green Onion,Vegetables,8.32,12.48,10.4
2023-02-13,Pomegranate,Fruits,7.0,160.0,71.3
2023-02-13,Green Hot Pepper,Vegetables,26.4,39.6,33.0
2023-02-13,Apple,Fruits,5.2,245.0,68.01
2023-02-13,Grapes,Fruits,45.04,67.56,56.3
2023-02-13,Green Beans,Vegetables,11.0,450.0,49.78
2023-02-13,Banana,Fruits,4.4,450.0,33.54
2023-02-13,Barley,Grains,20.0,33.25,27.69
2023-02-13,Bell Pepper,Vegetables,4.0,130.8,28.28
2023-02-13,Cabbage,Vegetables,9.41,14.12,11.77
2023-02-13,Cantaloupe,Fruits,5.0,50.0,21.43
2023-02-13,Carrot,Vegetables,2.0,550.0,19.26
2023-02-13,Black pepper,Herbs & Spices,300.0,560.0,458.77
2023-02-13,Corn,Grains,2.1,53.85,21.26
2023-02-13,Cucumber,Vegetables,3.0,350.0,24.02
2023-02-13,Cumin,Herbs & Spices,95.24,347.5,262.69
2023-02-13,Eggplant,Vegetables,14.2,21.3,17.75
2023-02-13,Garlic,Vegetables,33.61,50.41,42.01
2023-02-13,Ginger,Herbs & Spices,8.0,850.0,51.27
2023-02-13,Coriander Leaves,Herbs & Spices,11.83,17.75,14.79
2023-02-14,Onion,Vegetables,12.8,19.2,16.0
2023-02-14,Guava,Fruits,61.01,91.51,76.26
2023-02-14,Lemon,Fruits,9.0,92.0,40.82
2023-02-14,Mango,Fruits,20.0,200.0,76.88
2023-02-14,Mint,Herbs & Spices,16.88,25.32,21.1
2023-02-14,Okra,Vegetables,4.0,200.8,48.51
2023-02-14,Orange,Fruits,6.0,120.0,46.82
2023-02-14,Wheat,Grains,5.0,56.0,24.66
2023-02-14,Pomegranate,Fruits,10.0,161.0,71.36
2023-02-14,Potato,Vegetables,8.06,12.09,10.08
2023-02-14,Rice,Grains,10.0,68.0,30.11
2023-02-14,Tomato,Vegetables,9.88,14.82,12.35
2023-02-14,Turmeric,Herbs & Spices,16.0,130.0,69.98
2023-02-14,Watermelon,Fruits,2.0,30.0,13.34
2023-02-14,Green Onion,Vegetables,8.23,12.34,10.28
2023-02-14,Pear,Fruits,70.0,167.0,119.25
2023-02-14,Green Hot Pepper,Vegetables,24.74,37.11,30.92
2023-02-14,Apple,Fruits,9.0,8000.0,93.37
2023-02-14,Grapes,Fruits,140.43,210.65,175.54
2023-02-14,Banana,Fruits,5.5,66.0,29.3
2023-02-14,Barley,Grains,16.0,32.5,27.07
2023-02-14,Bell Pepper,Vegetables,6.0,100.0,27.84
2023-02-14,Black pepper,Herbs & Spices,400.0,580.0,471.28
2023-02-14,Cabbage,Vegetables,8.24,12.36,10.3
2023-02-14,Cantaloupe,Fruits,5.0,71.0,25.78
2023-02-14,Carrot,Vegetables,2.0,2000.0,21.15
2023-02-14,Green Beans,Vegetables,7.0,90.0,42.44
2023-02-14,Corn,Grains,14.0,50.81,20.98
2023-02-14,Cucumber,Vegetables,3.0,320.8,22.21
2023-02-14,Cumin,Herbs & Spices,95.6,358.0,248.89
2023-02-14,Eggplant,Vegetables,13.36,20.04,16.7
2023-02-14,Garlic,Vegetables,30.67,46.0,38.34
2023-02-14,Ginger,Herbs & Spices,10.0,160.8,47.01
2023-02-14,Coriander Leaves,Herbs & Spices,10.62,15.94,13.28
2023-02-15,Green Onion,Vegetables,7.61,11.42,9.51
2023-02-15,Guava,Fruits,5.0,5000.0,82.54
2023-02-15,Lemon,Fruits,5.2,650.0,45.14
2023-02-15,Mango,Fruits,30.0,650.0,121.58
2023-02-15,Mint,Herbs & Spices,17.75,26.63,22.19
2023-02-15,Okra,Vegetables,4.0,550.0,51.57
2023-02-15,Onion,Vegetables,12.52,18.78,15.65
2023-02-15,Potato,Vegetables,8.38,12.57,10.48
2023-02-15,Pear,Fruits,20.0,110.0,74.0
2023-02-15,Pomegranate,Fruits,3.0,161.0,70.74
2023-02-15,Rice,Grains,10.0,80.0,30.57
2023-02-15,Tomato,Vegetables,10.58,15.88,13.23
2023-02-15,Turmeric,Herbs & Spices,16.0,135.0,67.56
2023-02-15,Green Hot Pepper,Vegetables,2.0,650.0,32.4
2023-02-15,Wheat,Grains,12.25,56.0,24.64
2023-02-15,Orange,Fruits,5.0,120.0,46.48
2023-02-15,Watermelon,Fruits,2.0,70.0,14.66
2023-02-15,Green Beans,Vegetables,7.0,450.0,50.57
2023-02-15,Ginger,Herbs & Spices,10.0,850.0,50.81
2023-02-15,Grapes,Fruits,91.25,136.88,114.07
2023-02-15,Apple,Fruits,10.0,7000.0,93.39
2023-02-15,Banana,Fruits,4.4,450.0,32.92
2023-02-15,Barley,Grains,16.0,32.0,26.89
2023-02-15,Black pepper,Herbs & Spices,300.0,550.0,451.09
2023-02-15,Cabbage,Vegetables,8.89,13.34,11.12
2023-02-15,Cantaloupe,Fruits,5.0,50.0,23.45
2023-02-15,Bell Pepper,Vegetables,6.0,100.0,27.18
2023-02-15,Coriander Leaves,Herbs & Spices,12.41,18.62,15.51
2023-02-15,Corn,Grains,2.04,34.5,20.95
2023-02-15,Cucumber,Vegetables,19.08,28.62,23.85
2023-02-15,Cumin,Herbs & Spices,87.12,333.75,250.08
2023-02-15,Eggplant,Vegetables,13.69,20.53,17.11
2023-02-15,Garlic,Vegetables,35.9,53.85,44.87
2023-02-15,Carrot,Vegetables,2.0,550.0,18.71
2023-02-16,Onion,Vegetables,12.44,18.66,15.55
2023-02-16,Guava,Fruits,5.0,5500.0,90.18
2023-02-16,Lemon,Fruits,5.0,750.0,46.16
2023-02-16,Mango,Fruits,30.0,750.0,132.23
2023-02-16,Mint,Herbs & Spices,10.51,15.77,13.14
2023-02-16,Okra,Vegetables,2.04,450.0,50.22
2023-02-16,Orange,Fruits,6.0,120.0,45.17
2023-02-16,Green Onion,Vegetables,7.55,11.32,9.44
2023-02-16,Pomegranate,Fruits,10.0,160.0,70.22
2023-02-16,Potato,Vegetables,8.68,13.02,10.85
2023-02-16,Rice,Grains,10.0,81.0,30.07
2023-02-16,Tomato,Vegetables,10.51,15.76,13.13
2023-02-16,Turmeric,Herbs & Spices,16.0,150.0,67.08
2023-02-16,Watermelon,Fruits,2.0,35.5,13.92
2023-02-16,Pear,Fruits,110.0,110.0,110.0
2023-02-16,Green Hot Pepper,Vegetables,2.05,650.0,32.42
2023-02-16,Wheat,Grains,16.0,56.0,24.5
2023-02-16,Grapes,Fruits,132.16,198.24,165.2
2023-02-16,Apple,Fruits,10.0,160.0,66.21
2023-02-16,Banana,Fruits,4.4,550.0,33.19
2023-02-16,Barley,Grains,16.0,32.25,26.8
2023-02-16,Bell Pepper,Vegetables,6.0,120.0,27.6
2023-02-16,Black pepper,Herbs & Spices,365.0,550.0,460.77
2023-02-16,Cabbage,Vegetables,8.71,13.07,10.89
2023-02-16,Cantaloupe,Fruits,5.0,50.0,24.86
2023-02-16,Green Beans,Vegetables,7.0,550.0,54.08
2023-02-16,Coriander Leaves,Herbs & Spices,11.43,17.14,14.28
2023-02-16,Corn,Grains,2.09,47.02,21.09
2023-02-16,Cucumber,Vegetables,3.0,360.8,23.79
2023-02-16,Cumin,Herbs & Spices,91.69,365.0,243.42
2023-02-16,Eggplant,Vegetables,13.89,20.84,17.37
2023-02-16,Garlic,Vegetables,35.55,53.33,44.44
2023-02-16,Ginger,Herbs & Spices,10.0,750.0,49.37
2023-02-16,Carrot,Vegetables,2.0,2000.0,23.18
2023-02-17,Lemon,Fruits,12.0,850.0,47.56
2023-02-17,Mango,Fruits,37.5,550.0,112.25
2023-02-17,Mint,Herbs & Spices,8.53,12.8,10.67
2023-02-17,Okra,Vegetables,5.0,650.0,50.91
2023-02-17,Onion,Vegetables,12.39,18.59,15.49
2023-02-17,Orange,Fruits,6.0,140.0,43.37
2023-02-17,Peach,Fruits,10.0,15.0,12.5
2023-02-17,Rice,Grains,10.0,81.0,29.88
2023-02-17,Pomegranate,Fruits,6.0,160.0,70.34
2023-02-17,Potato,Vegetables,8.83,13.24,11.03
2023-02-17,Tomato,Vegetables,10.93,16.39,13.66
2023-02-17,Turmeric,Herbs & Spices,16.0,140.0,74.5
2023-02-17,Watermelon,Fruits,2.0,100.0,17.47
2023-02-17,Wheat,Grains,13.0,56.0,24.44
2023-02-17,Guava,Fruits,5.0,5000.0,80.39
2023-02-17,Pear,Fruits,70.0,85.0,78.0
2023-02-17,Green Onion,Vegetables,7.75,11.62,9.68
2023-02-17,Green Beans,Vegetables,12.5,450.0,54.87
2023-02-17,Apple,Fruits,7.0,8000.0,124.64
2023-02-17,Green Hot Pepper,Vegetables,26.13,39.2,32.66
2023-02-17,Banana,Fruits,4.4,550.0,33.9
2023-02-17,Barley,Grains,15.0,32.0,26.58
2023-02-17,Bell Pepper,Vegetables,5.0,100.0,27.95
2023-02-17,Black pepper,Herbs & Spices,300.0,560.0,460.73
2023-02-17,Cantaloupe,Fruits,5.0,55.0,19.91
2023-02-17,Carrot,Vegetables,2.0,2000.0,23.13
2023-02-17,Cabbage,Vegetables,8.93,13.39,11.16
2023-02-17,Corn,Grains,14.0,35.0,21.05
2023-02-17,Cucumber,Vegetables,3.5,350.0,24.01
2023-02-17,Cumin,Herbs & Spices,81.11,368.25,247.06
2023-02-17,Eggplant,Vegetables,14.18,21.27,17.73
2023-02-17,Garlic,Vegetables,2.0,1450.0,46.45
2023-02-17,Ginger,Herbs & Spices,10.0,650.0,50.27
2023-02-17,Grapes,Fruits,133.5,200.25,166.88
2023-02-17,Coriander Leaves,Herbs & Spices,10.84,16.25,13.54
2023-02-18,Okra,Vegetables,5.0,450.0,45.74
2023-02-18,Green Onion,Vegetables,8.97,13.45,11.21
2023-02-18,Guava,Fruits,7.0,80.5,29.57
2023-02-18,Lemon,Fruits,15.0,750.0,47.49
2023-02-18,Mango,Fruits,50.0,850.0,170.94
2023-02-18,Mint,Herbs & Spices,13.09,19.64,16.37
2023-02-18,Onion,Vegetables,12.04,18.06,15.05
2023-02-18,Green Hot Pepper,Vegetables,25.68,38.51,32.1
2023-02-18,Pomegranate,Fruits,3.0,150.0,68.51
2023-02-18,Potato,Vegetables,7.99,11.98,9.98
2023-02-18,Rice,Grains,10.0,81.5,29.95
2023-02-18,Tomato,Vegetables,9.97,14.95,12.46
2023-02-18,Turmeric,Herbs & Spices,16.0,110.0,70.24
2023-02-18,Watermelon,Fruits,2.0,30.0,13.27
2023-02-18,Orange,Fruits,6.0,95.0,42.79
2023-02-18,Green Beans,Vegetables,7.0,450.0,56.12
2023-02-18,Wheat,Grains,15.85,55.0,24.04
2023-02-18,Ginger,Herbs & Spices,10.0,750.0,49.44
2023-02-18,Apple,Fruits,10.0,150.0,64.23
2023-02-18,Banana,Fruits,4.4,550.0,34.18
2023-02-18,Barley,Grains,20.0,31.0,27.62
2023-02-18,Bell Pepper,Vegetables,6.0,69.2,25.51
2023-02-18,Black pepper,Herbs & Spices,400.0,560.0,467.17
2023-02-18,Cabbage,Vegetables,8.6,12.9,10.75
2023-02-18,Cantaloupe,Fruits,5.5,40.0,20.64
2023-02-18,Grapes,Fruits,10.0,220.0,49.49
2023-02-18,Coriander Leaves,Herbs & Spices,8.38,12.57,10.48
2023-02-18,Corn,Grains,14.0,58.7,21.65
2023-02-18,Cucumber,Vegetables,3.0,350.0,22.4
2023-02-18,Cumin,Herbs & Spices,237.5,282.5,275.0
2023-02-18,Eggplant,Vegetables,13.53,20.29,16.91
2023-02-18,Garlic,Vegetables,2.4,1450.0,43.84
2023-02-18,Carrot,Vegetables,3.0,550.0,17.97
2023-02-19,Lemon,Fruits,7.0,850.0,56.05
2023-02-19,Mango,Fruits,12.0,550.0,144.5
2023-02-19,Mint,Herbs & Spices,14.06,21.09,17.57
2023-02-19,Okra,Vegetables,4.0,650.0,46.62
2023-02-19,Onion,Vegetables,11.97,17.95,14.96
2023-02-19,Orange,Fruits,6.0,120.0,37.68
2023-02-19,Pear,Fruits,80.0,90.0,85.0
2023-02-19,Rice,Grains,10.0,81.5,30.32
2023-02-19,Potato,Vegetables,2.0,450.0,10.28
2023-02-19,Tomato,Vegetables,9.83,14.75,12.29
2023-02-19,Turmeric,Herbs & Spices,40.75,95.8,68.0
2023-02-19,Watermelon,Fruits,3.0,30.0,13.19
2023-02-19,Wheat,Grains,18.95,28.43,23.69
2023-02-19,Guava,Fruits,8.2,65.0,23.74
2023-02-19,Pomegranate,Fruits,10.0,155.0,65.74
2023-02-19,Green Onion,Vegetables,7.5,11.25,9.37
2023-02-19,Green Hot Pepper,Vegetables,5.0,450.0,32.23
2023-02-19,Green Beans,Vegetables,7.0,450.0,64.43
2023-02-19,Apple,Fruits,20.0,220.0,67.76
2023-02-19,Banana,Fruits,4.4,550.0,36.05
2023-02-19,Barley,Grains,20.0,30.5,26.69
2023-02-19,Bell Pepper,Vegetables,5.0,71.0,24.29
2023-02-19,Cabbage,Vegetables,8.3,12.45,10.37
2023-02-19,Cantaloupe,Fruits,7.0,25.0,16.14
2023-02-19,Carrot,Vegetables,3.0,450.0,18.17
2023-02-19,Black pepper,Herbs & Spices,428.0,470.0,450.0
2023-02-19,Corn,Grains,12.0,26.46,20.85
2023-02-19,Cucumber,Vegetables,3.0,350.0,22.57
2023-02-19,Eggplant,Vegetables,2.0,350.0,16.59
2023-02-19,Garlic,Vegetables,2.3,1450.0,50.51
2023-02-19,Ginger,Herbs & Spices,10.0,650.0,47.62
2023-02-19,Grapes,Fruits,15.0,130.0,47.26
2023-02-19,Coriander Leaves,Herbs & Spices,6.07,9.1,7.59
2023-02-20,Onion,Vegetables,12.52,18.78,15.65
2023-02-20,Guava,Fruits,5.0,80.0,33.33
2023-02-20,Lemon,Fruits,4.5,850.0,51.95
2023-02-20,Mango,Fruits,25.0,550.0,103.79
2023-02-20,Mint,Herbs & Spices,17.03,25.54,21.29
2023-02-20,Okra,Vegetables,5.0,650.0,50.79
2023-02-20,Orange,Fruits,6.0,140.0,43.99
2023-02-20,Wheat,Grains,14.0,56.0,23.87
2023-02-20,Pomegranate,Fruits,5.0,160.0,71.73
2023-02-20,Potato,Vegetables,8.71,13.06,10.89
2023-02-20,Rice,Grains,10.0,80.0,30.17
2023-02-20,Tomato,Vegetables,11.53,17.3,14.42
2023-02-20,Turmeric,Herbs & Spices,16.0,135.0,74.71
2023-02-20,Watermelon,Fruits,2.0,50.0,13.62
2023-02-20,Green Onion,Vegetables,8.46,12.69,10.57
2023-02-20,Pear,Fruits,99.8,124.5,102.5
2023-02-20,Green Hot Pepper,Vegetables,27.06,40.6,33.83
2023-02-20,Apple,Fruits,6.0,220.0,69.75
2023-02-20,Grapes,Fruits,83.25,124.87,104.06
2023-02-20,Green Beans,Vegetables,14.0,400.0,53.32
2023-02-20,Banana,Fruits,4.4,550.0,34.99
2023-02-20,Barley,Grains,17.11,31.2,27.01
2023-02-20,Bell Pepper,Vegetables,6.0,100.0,29.5
2023-02-20,Cabbage,Vegetables,9.25,13.88,11.56
2023-02-20,Cantaloupe,Fruits,5.0,71.4,25.67
2023-02-20,Carrot,Vegetables,2.0,2000.0,24.05
2023-02-20,Black pepper,Herbs & Spices,250.0,580.0,454.27
2023-02-20,Corn,Grains,2.08,35.0,20.99
2023-02-20,Cucumber,Vegetables,3.0,350.0,24.65
2023-02-20,Cumin,Herbs & Spices,125.0,455.55,260.48
2023-02-20,Eggplant,Vegetables,14.63,21.95,18.29
2023-02-20,Garlic,Vegetables,2.0,1450.0,48.98
2023-02-20,Ginger,Herbs & Spices,10.0,650.0,51.84
2023-02-20,Coriander Leaves,Herbs & Spices,11.36,17.05,14.2
2023-02-21,Onion,Vegetables,11.69,17.54,14.61
2023-02-21,Guava,Fruits,5.0,5000.0,86.48
2023-02-21,Lemon,Fruits,15.0,850.0,53.19
2023-02-21,Mango,Fruits,25.0,650.0,109.33
2023-02-21,Mint,Herbs & Spices,13.47,20.21,16.84
2023-02-21,Okra,Vegetables,4.0,650.0,50.45
2023-02-21,Orange,Fruits,6.0,140.0,45.33
2023-02-21,Wheat,Grains,13.38,56.0,23.53
2023-02-21,Pomegranate,Fruits,8.5,170.0,71.69
2023-02-21,Potato,Vegetables,8.34,12.51,10.43
2023-02-21,Rice,Grains,10.0,81.0,30.52
2023-02-21,Tomato,Vegetables,11.09,16.64,13.86
2023-02-21,Turmeric,Herbs & Spices,35.27,152.0,69.38
2023-02-21,Watermelon,Fruits,3.0,35.0,13.28
2023-02-21,Green Onion,Vegetables,7.13,10.69,8.91
2023-02-21,Pear,Fruits,290.0,290.0,290.0
2023-02-21,Green Hot Pepper,Vegetables,26.59,39.89,33.24
2023-02-21,Green Beans,Vegetables,7.0,450.0,52.8
2023-02-21,Grapes,Fruits,92.32,138.49,115.41
2023-02-21,Apple,Fruits,7.0,205.0,68.94
2023-02-21,Banana,Fruits,5.5,550.0,33.51
2023-02-21,Barley,Grains,19.51,30.75,26.44
2023-02-21,Bell Pepper,Vegetables,6.0,105.8,29.35
2023-02-21,Cabbage,Vegetables,8.9,13.35,11.12
2023-02-21,Cantaloupe,Fruits,5.0,92.0,24.44
2023-02-21,Carrot,Vegetables,15.11,22.66,18.88
2023-02-21,Black pepper,Herbs & Spices,250.0,580.0,463.11
2023-02-21,Corn,Grains,16.63,24.95,20.79
2023-02-21,Cucumber,Vegetables,4.0,350.0,23.61
2023-02-21,Cumin,Herbs & Spices,38.12,348.0,238.96
2023-02-21,Eggplant,Vegetables,2.0,350.0,17.77
2023-02-21,Garlic,Vegetables,35.97,53.96,44.96
2023-02-21,Ginger,Herbs & Spices,2.55,650.0,49.7
2023-02-21,Coriander Leaves,Herbs & Spices,11.34,17.01,14.18
2023-02-22,Onion,Vegetables,11.48,17.22,14.35
2023-02-22,Guava,Fruits,5.0,90.0,33.4
2023-02-22,Lemon,Fruits,4.75,1050.0,54.63
2023-02-22,Mango,Fruits,17.5,750.0,117.03
2023-02-22,Mint,Herbs & Spices,10.41,15.62,13.01
2023-02-22,Okra,Vegetables,4.1,550.0,49.16
2023-02-22,Orange,Fruits,5.0,140.0,45.37
2023-02-22,Wheat,Grains,14.32,56.0,23.2
2023-02-22,Pomegranate,Fruits,2.5,160.0,69.9
2023-02-22,Potato,Vegetables,8.41,12.61,10.51
2023-02-22,Rice,Grains,10.0,139.67,30.6
2023-02-22,Tomato,Vegetables,11.06,16.59,13.83
2023-02-22,Turmeric,Herbs & Spices,30.13,150.0,61.6
2023-02-22,Watermelon,Fruits,3.0,40.0,13.12
2023-02-22,Green Onion,Vegetables,7.14,10.72,8.93
2023-02-22,Pear,Fruits,10.0,142.0,78.33
2023-02-22,Green Hot Pepper,Vegetables,26.08,39.12,32.6
2023-02-22,Green Beans,Vegetables,7.0,450.0,54.6
2023-02-22,Grapes,Fruits,41.0,61.5,51.25
2023-02-22,Banana,Fruits,4.4,550.0,33.09
2023-02-22,Barley,Grains,16.0,31.0,26.0
2023-02-22,Bell Pepper,Vegetables,6.0,105.8,30.2
2023-02-22,Black pepper,Herbs & Spices,250.0,550.0,460.76
2023-02-22,Cabbage,Vegetables,8.99,13.48,11.24
2023-02-22,Cantaloupe,Fruits,5.0,50.0,21.97
2023-02-22,Carrot,Vegetables,2.0,450.0,18.98
2023-02-22,Apple,Fruits,7.0,235.0,70.95
2023-02-22,Corn,Grains,11.75,35.0,21.0
2023-02-22,Cucumber,Vegetables,2.0,350.0,23.25
2023-02-22,Cumin,Herbs & Spices,91.11,358.0,249.37
2023-02-22,Eggplant,Vegetables,2.0,350.0,17.61
2023-02-22,Garlic,Vegetables,37.87,56.81,47.34
2023-02-22,Ginger,Herbs & Spices,8.0,750.0,50.58
2023-02-22,Coriander Leaves,Herbs & Spices,11.97,17.96,14.96
2023-02-23,Guava,Fruits,5.0,80.0,34.46
2023-02-23,Lemon,Fruits,10.0,1050.0,55.84
2023-02-23,Mango,Fruits,25.0,750.0,121.89
2023-02-23,Mint,Herbs & Spices,15.21,22.81,19.01
2023-02-23,Okra,Vegetables,5.0,550.0,49.0
2023-02-23,Onion,Vegetables,12.57,18.85,15.71
2023-02-23,Orange,Fruits,9.0,140.0,46.48
2023-02-23,Potato,Vegetables,8.44,12.66,10.55
2023-02-23,Pomegranate,Fruits,10.0,180.0,70.7
2023-02-23,Rice,Grains,10.0,81.0,30.36
2023-02-23,Tomato,Vegetables,10.95,16.43,13.69
2023-02-23,Turmeric,Herbs & Spices,41.09,164.0,66.73
2023-02-23,Watermelon,Fruits,3.0,40.0,13.7
2023-02-23,Green Onion,Vegetables,7.5,11.24,9.37
2023-02-23,Pear,Fruits,10.0,200.0,95.67
2023-02-23,Green Hot Pepper,Vegetables,26.58,39.87,33.22
2023-02-23,Wheat,Grains,13.77,56.0,23.25
2023-02-23,Grapes,Fruits,86.45,129.68,108.06
2023-02-23,Green Beans,Vegetables,8.0,450.0,54.42
2023-02-23,Apple,Fruits,7.0,7000.0,96.23
2023-02-23,Banana,Fruits,5.5,550.0,34.28
2023-02-23,Barley,Grains,19.0,31.0,26.14
2023-02-23,Bell Pepper,Vegetables,6.0,100.0,29.71
2023-02-23,Cabbage,Vegetables,8.96,13.44,11.2
2023-02-23,Cantaloupe,Fruits,5.0,90.0,25.49
2023-02-23,Black pepper,Herbs & Spices,250.0,550.0,466.42
2023-02-23,Coriander Leaves,Herbs & Spices,11.77,17.66,14.72
2023-02-23,Corn,Grains,12.55,44.69,20.92
2023-02-23,Cucumber,Vegetables,3.0,350.0,23.55
2023-02-23,Cumin,Herbs & Spices,90.32,356.5,254.26
2023-02-23,Eggplant,Vegetables,14.34,21.51,17.93
2023-02-23,Garlic,Vegetables,38.48,57.72,48.1
2023-02-23,Ginger,Herbs & Spices,4.0,750.0,50.78
2023-02-23,Carrot,Vegetables,2.0,450.0,18.62
2023-02-24,Onion,Vegetables,11.12,16.67,13.89
2023-02-24,Guava,Fruits,5.0,5500.0,95.89
2023-02-24,Lemon,Fruits,13.0,1050.0,57.31
2023-02-24,Mango,Fruits,22.5,800.0,115.27
2023-02-24,Mint,Herbs & Spices,14.17,21.26,17.71
2023-02-24,Okra,Vegetables,5.0,450.0,47.75
2023-02-24,Orange,Fruits,5.0,150.0,44.85
2023-02-24,Wheat,Grains,11.0,56.0,22.96
2023-02-24,Pomegranate,Fruits,4.0,180.0,72.4
2023-02-24,Potato,Vegetables,7.87,11.8,9.83
2023-02-24,Rice,Grains,10.0,90.0,30.07
2023-02-24,Tomato,Vegetables,10.92,16.38,13.65
2023-02-24,Turmeric,Herbs & Spices,16.0,180.0,64.59
2023-02-24,Green Onion,Vegetables,6.83,10.25,8.54
2023-02-24,Pear,Fruits,70.0,75.0,73.0
2023-02-24,Green Hot Pepper,Vegetables,26.64,39.96,33.3
2023-02-24,Watermelon,Fruits,2.0,90.0,16.99
2023-02-24,Grapes,Fruits,128.04,192.06,160.05
2023-02-24,Apple,Fruits,2.0,9000.0,126.37
2023-02-24,Banana,Fruits,4.4,5500.0,48.42
2023-02-24,Barley,Grains,16.0,35.0,26.21
2023-02-24,Bell Pepper,Vegetables,6.0,100.0,30.19
2023-02-24,Black pepper,Herbs & Spices,250.0,550.0,452.02
2023-02-24,Cabbage,Vegetables,8.58,12.87,10.73
2023-02-24,Cantaloupe,Fruits,5.0,56.0,23.14
2023-02-24,Green Beans,Vegetables,7.0,450.0,53.21
2023-02-24,Coriander Leaves,Herbs & Spices,11.77,17.65,14.71
2023-02-24,Corn,Grains,2.08,35.0,20.88
2023-02-24,Cucumber,Vegetables,3.0,350.0,22.65
2023-02-24,Cumin,Herbs & Spices,90.24,363.5,252.82
2023-02-24,Eggplant,Vegetables,14.02,21.04,17.53
2023-02-24,Garlic,Vegetables,38.15,57.23,47.69
2023-02-24,Ginger,Herbs & Spices,8.0,750.0,49.92
2023-02-24,Carrot,Vegetables,2.0,2000.0,24.63
2023-02-25,Green Onion,Vegetables,7.14,10.71,8.93
2023-02-25,Guava,Fruits,5.0,93.0,35.47
2023-02-25,Lemon,Fruits,3.75,950.0,57.52
2023-02-25,Mango,Fruits,25.0,350.0,84.78
2023-02-25,Mint,Herbs & Spices,15.74,23.62,19.68
2023-02-25,Okra,Vegetables,5.0,550.0,49.15
2023-02-25,Onion,Vegetables,11.27,16.9,14.09
2023-02-25,Rice,Grains,19.0,81.5,29.6
2023-02-25,Pomegranate,Fruits,5.0,160.0,72.03
2023-02-25,Potato,Vegetables,8.04,12.05,10.05
2023-02-25,Tomato,Vegetables,10.8,16.2,13.5
2023-02-25,Turmeric,Herbs & Spices,16.0,130.0,65.04
2023-02-25,Watermelon,Fruits,3.0,80.0,15.34
2023-02-25,Green Hot Pepper,Vegetables,26.73,40.1,33.41
2023-02-25,Orange,Fruits,10.0,98.0,43.5
2023-02-25,Wheat,Grains,16.09,56.0,22.97
2023-02-25,Grapes,Fruits,90.78,136.17,113.48
2023-02-25,Ginger,Herbs & Spices,8.0,650.0,50.84
2023-02-25,Green Beans,Vegetables,10.0,450.0,53.54
2023-02-25,Apple,Fruits,9.5,8000.0,99.66
2023-02-25,Banana,Fruits,3.5,550.0,34.54
2023-02-25,Barley,Grains,19.25,31.0,26.25
2023-02-25,Black pepper,Herbs & Spices,410.0,550.0,470.54
2023-02-25,Cabbage,Vegetables,8.61,12.92,10.77
2023-02-25,Cantaloupe,Fruits,3.75,40.0,17.99
2023-02-25,Bell Pepper,Vegetables,6.0,105.8,30.25
2023-02-25,Coriander Leaves,Herbs & Spices,11.68,17.52,14.6
2023-02-25,Corn,Grains,14.0,33.0,20.95
2023-02-25,Cucumber,Vegetables,2.0,350.0,23.22
2023-02-25,Cumin,Herbs & Spices,74.5,382.5,260.67
2023-02-25,Eggplant,Vegetables,13.61,20.42,17.02
2023-02-25,Garlic,Vegetables,2.49,1250.0,48.75
2023-02-25,Carrot,Vegetables,2.0,450.0,18.94
2023-02-26,Orange,Fruits,10.0,120.0,37.76
2023-02-26,Lemon,Fruits,15.0,100.0,45.37
2023-02-26,Mango,Fruits,20.0,150.0,58.93
2023-02-26,Mint,Herbs & Spices,17.45,26.17,21.81
2023-02-26,Okra,Vegetables,5.0,90.0,42.73
2023-02-26,Onion,Vegetables,11.18,16.77,13.98
2023-02-26,Pear,Fruits,60.0,140.0,110.0
2023-02-26,Guava,Fruits,6.0,75.0,25.16
2023-02-26,Potato,Vegetables,2.0,39.0,9.05
2023-02-26,Rice,Grains,19.0,81.5,30.68
2023-02-26,Tomato,Vegetables,9.27,13.9,11.59
2023-02-26,Turmeric,Herbs & Spices,40.3,95.25,67.62
2023-02-26,Watermelon,Fruits,2.0,28.0,12.77
2023-02-26,Wheat,Grains,16.0,34.0,22.6
2023-02-26,Pomegranate,Fruits,10.0,175.0,68.12
2023-02-26,Green Onion,Vegetables,5.69,8.54,7.12
2023-02-26,Green Hot Pepper,Vegetables,5.0,120.0,32.03
2023-02-26,Apple,Fruits,10.5,190.0,65.57
2023-02-26,Green Beans,Vegetables,8.0,90.0,42.51
2023-02-26,Banana,Fruits,3.5,65.0,26.69
2023-02-26,Barley,Grains,16.0,29.0,25.61
2023-02-26,Bell Pepper,Vegetables,6.0,61.0,27.0
2023-02-26,Black pepper,Herbs & Spices,450.0,480.0,469.0
2023-02-26,Cantaloupe,Fruits,5.0,40.0,17.24
2023-02-26,Carrot,Vegetables,3.0,100.0,16.66
2023-02-26,Cabbage,Vegetables,2.0,47.0,9.64
2023-02-26,Corn,Grains,14.0,26.5,20.76
2023-02-26,Cucumber,Vegetables,3.0,75.0,19.52
2023-02-26,Cumin,Herbs & Spices,200.0,280.0,240.0
2023-02-26,Eggplant,Vegetables,11.85,17.78,14.82
2023-02-26,Garlic,Vegetables,2.2,120.0,38.13
2023-02-26,Ginger,Herbs & Spices,8.0,120.0,43.49
2023-02-26,Grapes,Fruits,10.0,120.0,44.22
2023-02-26,Coriander Leaves,Herbs & Spices,6.56,9.84,8.2
2023-02-27,Onion,Vegetables,11.27,16.9,14.08
2023-02-27,Guava,Fruits,5.0,90.0,36.4
2023-02-27,Lemon,Fruits,4.0,950.0,57.02
2023-02-27,Mango,Fruits,12.0,350.0,71.26
2023-02-27,Mint,Herbs & Spices,19.57,29.36,24.46
2023-02-27,Okra,Vegetables,5.0,550.0,49.89
2023-02-27,Orange,Fruits,10.0,130.0,45.57
2023-02-27,Wheat,Grains,11.27,53.0,22.78
2023-02-27,Pomegranate,Fruits,5.0,165.0,74.39
2023-02-27,Potato,Vegetables,8.19,12.28,10.23
2023-02-27,Rice,Grains,10.0,81.0,30.27
2023-02-27,Tomato,Vegetables,11.06,16.59,13.83
2023-02-27,Turmeric,Herbs & Spices,16.0,135.0,64.42
2023-02-27,Watermelon,Fruits,3.0,40.0,14.13
2023-02-27,Green Onion,Vegetables,7.46,11.19,9.32
2023-02-27,Pear,Fruits,60.0,160.0,109.0
2023-02-27,Green Hot Pepper,Vegetables,27.99,41.99,34.99
2023-02-27,Green Beans,Vegetables,13.5,450.0,55.54
2023-02-27,Grapes,Fruits,40.07,60.11,50.09
2023-02-27,Banana,Fruits,4.4,550.0,34.2
2023-02-27,Barley,Grains,17.6,30.5,25.37
2023-02-27,Bell Pepper,Vegetables,6.0,100.0,30.38
2023-02-27,Black pepper,Herbs & Spices,250.0,560.0,463.31
2023-02-27,Cabbage,Vegetables,8.63,12.95,10.79
2023-02-27,Cantaloupe,Fruits,5.5,78.0,26.14
2023-02-27,Carrot,Vegetables,15.33,22.99,19.16
2023-02-27,Apple,Fruits,7.0,240.0,70.04
2023-02-27,Corn,Grains,10.24,35.0,20.85
2023-02-27,Cucumber,Vegetables,3.0,350.0,22.28
2023-02-27,Cumin,Herbs & Spices,86.11,372.0,259.6
2023-02-27,Eggplant,Vegetables,2.0,350.0,17.36
2023-02-27,Garlic,Vegetables,39.68,59.52,49.6
2023-02-27,Ginger,Herbs & Spices,8.0,650.0,51.18
2023-02-27,Coriander Leaves,Herbs & Spices,10.3,15.45,12.87
2023-02-28,Guava,Fruits,4.0,90.0,36.14
2023-02-28,Lemon,Fruits,10.0,950.0,60.51
2023-02-28,Mango,Fruits,10.0,750.0,96.0
2023-02-28,Mint,Herbs & Spices,17.7,26.55,22.12
2023-02-28,Okra,Vegetables,5.0,450.0,49.33
2023-02-28,Onion,Vegetables,11.41,17.11,14.26
2023-02-28,Orange,Fruits,10.0,130.0,46.04
2023-02-28,Potato,Vegetables,8.45,12.68,10.56
2023-02-28,Pomegranate,Fruits,5.0,176.0,72.36
2023-02-28,Tomato,Vegetables,11.03,16.54,13.78
2023-02-28,Turmeric,Herbs & Spices,30.0,166.0,60.5
2023-02-28,Watermelon,Fruits,3.0,35.0,13.88
2023-02-28,Wheat,Grains,13.25,238.0,22.75
2023-02-28,Green Onion,Vegetables,6.61,9.92,8.27
2023-02-28,Pear,Fruits,70.0,90.0,80.0
2023-02-28,Green Hot Pepper,Vegetables,27.55,41.33,34.44
2023-02-28,Rice,Grains,18.0,90.0,30.37
2023-02-28,Grapes,Fruits,39.87,59.8,49.84
2023-02-28,Green Beans,Vegetables,8.0,450.0,52.29
2023-02-28,Banana,Fruits,4.5,550.0,34.32
2023-02-28,Barley,Grains,14.0,31.0,24.4
2023-02-28,Bell Pepper,Vegetables,5.0,100.0,31.6
2023-02-28,Black pepper,Herbs & Spices,250.0,560.0,464.41
2023-02-28,Cabbage,Vegetables,9.25,13.88,11.57
2023-02-28,Cantaloupe,Fruits,4.0,78.0,23.82
2023-02-28,Apple,Fruits,7.0,220.0,71.5
2023-02-28,Coriander Leaves,Herbs & Spices,11.51,17.27,14.39
2023-02-28,Corn,Grains,12.55,58.0,20.92
2023-02-28,Cucumber,Vegetables,3.0,450.0,22.69
2023-02-28,Cumin,Herbs & Spices,83.12,375.6,270.72
2023-02-28,Eggplant,Vegetables,2.0,450.0,18.23
2023-02-28,Garlic,Vegetables,40.29,60.43,50.36
2023-02-28,Ginger,Herbs & Spices,7.0,750.0,52.03
2023-02-28,Carrot,Vegetables,15.89,23.84,19.86
2023-03-01,Guava,Fruits,5.0,110.0,36.95
2023-03-01,Lemon,Fruits,4.25,1050.0,58.25
2023-03-01,Mango,Fruits,25.0,550.0,103.27
2023-03-01,Mint,Herbs & Spices,13.03,19.54,16.29
2023-03-01,Okra,Vegetables,5.0,550.0,51.67
2023-03-01,Onion,Vegetables,10.89,16.33,13.61
2023-03-01,Orange,Fruits,6.0,130.0,45.25
2023-03-01,Rice,Grains,19.5,80.0,30.15
2023-03-01,Pomegranate,Fruits,5.0,160.0,75.01
2023-03-01,Potato,Vegetables,8.24,12.36,10.3
2023-03-01,Tomato,Vegetables,11.15,16.73,13.94
2023-03-01,Turmeric,Herbs & Spices,15.0,136.0,64.04
2023-03-01,Watermelon,Fruits,3.0,42.0,14.28
2023-03-01,Green Onion,Vegetables,6.05,9.07,7.56
2023-03-01,Wheat,Grains,3.31,56.0,22.61
2023-03-01,Pear,Fruits,60.0,140.0,104.0
2023-03-01,Green Hot Pepper,Vegetables,28.26,42.4,35.33
2023-03-01,Apple,Fruits,8.0,205.0,70.21
2023-03-01,Grapes,Fruits,39.23,58.84,49.04
2023-03-01,Green Beans,Vegetables,9.0,450.0,54.34
2023-03-01,Banana,Fruits,4.4,550.0,34.19
2023-03-01,Barley,Grains,10.0,30.0,24.63
2023-03-01,Bell Pepper,Vegetables,4.0,100.0,32.88
2023-03-01,Cabbage,Vegetables,9.0,13.5,11.25
2023-03-01,Cantaloupe,Fruits,5.0,85.0,25.53
2023-03-01,Carrot,Vegetables,2.0,450.0,21.0
2023-03-01,Black pepper,Herbs & Spices,290.0,550.0,461.38
2023-03-01,Corn,Grains,13.51,60.77,21.03
2023-03-01,Cucumber,Vegetables,18.07,27.11,22.59
2023-03-01,Cumin,Herbs & Spices,82.09,380.0,271.32
2023-03-01,Eggplant,Vegetables,2.0,350.0,18.52
2023-03-01,Garlic,Vegetables,41.89,62.84,52.36
2023-03-01,Ginger,Herbs & Spices,8.0,650.0,51.81
2023-03-01,Coriander Leaves,Herbs & Spices,10.41,15.61,13.01
2023-03-02,Onion,Vegetables,10.72,16.08,13.4
2023-03-02,Guava,Fruits,5.0,110.0,38.28
2023-03-02,Lemon,Fruits,10.0,1050.0,58.64
2023-03-02,Mango,Fruits,16.0,550.0,105.35
2023-03-02,Mint,Herbs & Spices,14.44,21.66,18.05
2023-03-02,Okra,Vegetables,5.0,550.0,49.02
2023-03-02,Orange,Fruits,5.0,130.0,43.71
2023-03-02,Watermelon,Fruits,3.0,40.0,14.24
2023-03-02,Pomegranate,Fruits,5.0,160.0,73.6
2023-03-02,Potato,Vegetables,8.06,12.09,10.07
2023-03-02,Rice,Grains,14.0,85.0,30.51
2023-03-02,Tomato,Vegetables,10.72,16.08,13.4
2023-03-02,Turmeric,Herbs & Spices,30.0,145.0,62.73
2023-03-02,Green Onion,Vegetables,7.68,11.52,9.6
2023-03-02,Wheat,Grains,3.39,56.0,22.8
2023-03-02,Pear,Fruits,70.0,160.0,109.0
2023-03-02,Green Hot Pepper,Vegetables,2.5,550.0,34.55
2023-03-02,Eggplant,Vegetables,2.0,350.0,17.54
2023-03-02,Grapes,Fruits,37.61,56.42,47.01
2023-03-02,Apple,Fruits,12.5,205.0,70.77
2023-03-02,Banana,Fruits,4.4,550.0,34.46
2023-03-02,Barley,Grains,16.0,30.5,25.13
2023-03-02,Green Beans,Vegetables,9.0,450.0,54.61
2023-03-02,Black pepper,Herbs & Spices,300.0,550.0,467.48
2023-03-02,Cabbage,Vegetables,8.78,13.17,10.98
2023-03-02,Cantaloupe,Fruits,3.9,85.0,23.53
2023-03-02,Bell Pepper,Vegetables,7.0,100.0,30.65
2023-03-02,Coriander Leaves,Herbs & Spices,10.76,16.14,13.45
2023-03-02,Corn,Grains,14.0,35.0,20.95
2023-03-02,Cucumber,Vegetables,2.0,350.0,21.92
2023-03-02,Cumin,Herbs & Spices,32.12,347.55,257.39
2023-03-02,Garlic,Vegetables,41.8,62.7,52.25
2023-03-02,Ginger,Herbs & Spices,4.0,650.0,50.22
2023-03-02,Carrot,Vegetables,2.0,450.0,19.63
2023-03-03,Orange,Fruits,5.0,130.0,43.16
2023-03-03,Guava,Fruits,5.0,110.0,38.3
2023-03-03,Lemon,Fruits,14.0,1030.0,60.34
2023-03-03,Mango,Fruits,16.0,550.0,90.24
2023-03-03,Mint,Herbs & Spices,29.34,44.02,36.68
2023-03-03,Okra,Vegetables,5.0,650.0,50.88
2023-03-03,Onion,Vegetables,10.71,16.06,13.38
2023-03-03,Peach,Fruits,50.0,70.0,60.0
2023-03-03,Green Beans,Vegetables,8.0,350.0,50.68
2023-03-03,Pomegranate,Fruits,5.0,170.0,74.01
2023-03-03,Potato,Vegetables,8.28,12.41,10.35
2023-03-03,Rice,Grains,17.5,68.0,29.59
2023-03-03,Tomato,Vegetables,10.85,16.28,13.57
2023-03-03,Turmeric,Herbs & Spices,20.0,170.0,65.69
2023-03-03,Watermelon,Fruits,3.0,35.0,14.14
2023-03-03,Wheat,Grains,3.27,56.0,22.76
2023-03-03,Pear,Fruits,70.0,85.0,78.0
2023-03-03,Green Onion,Vegetables,7.24,10.86,9.05
2023-03-03,Cumin,Herbs & Spices,80.12,340.25,250.32
2023-03-03,Grapes,Fruits,38.06,57.09,47.58
2023-03-03,Banana,Fruits,4.4,550.0,34.8
2023-03-03,Barley,Grains,16.0,29.8,24.91
2023-03-03,Bell Pepper,Vegetables,4.0,90.0,30.83
2023-03-03,Black pepper,Herbs & Spices,300.0,600.0,462.85
2023-03-03,Cabbage,Vegetables,9.21,13.82,11.52
2023-03-03,Cantaloupe,Fruits,5.0,53.0,24.5
2023-03-03,Carrot,Vegetables,2.0,350.0,19.65
2023-03-03,Apple,Fruits,6.0,205.0,70.7
2023-03-03,Corn,Grains,16.84,25.26,21.05
2023-03-03,Cucumber,Vegetables,18.46,27.69,23.08
2023-03-03,Green Hot Pepper,Vegetables,2.5,750.0,36.01
2023-03-03,Eggplant,Vegetables,2.0,350.0,17.79
2023-03-03,Garlic,Vegetables,40.44,60.67,50.55
2023-03-03,Ginger,Herbs & Spices,2.0,750.0,51.71
2023-03-03,Coriander Leaves,Herbs & Spices,12.98,19.47,16.23
2023-03-04,Guava,Fruits,5.0,90.0,34.77
2023-03-04,Lemon,Fruits,15.0,1050.0,60.84
2023-03-04,Mango,Fruits,20.0,550.0,106.56
2023-03-04,Mint,Herbs & Spices,10.81,16.22,13.51
2023-03-04,Okra,Vegetables,2.0,650.0,50.78
2023-03-04,Onion,Vegetables,10.58,15.87,13.23
2023-03-04,Orange,Fruits,10.0,100.0,43.19
2023-03-04,Rice,Grains,10.0,81.0,30.1
2023-03-04,Potato,Vegetables,7.76,11.65,9.71
2023-03-04,Tomato,Vegetables,10.83,16.24,13.54
2023-03-04,Turmeric,Herbs & Spices,16.0,140.0,72.16
2023-03-04,Watermelon,Fruits,3.0,42.0,14.61
2023-03-04,Wheat,Grains,3.34,56.0,22.57
2023-03-04,Green Onion,Vegetables,7.71,11.56,9.64
2023-03-04,Pomegranate,Fruits,5.0,160.0,72.49
2023-03-04,Green Hot Pepper,Vegetables,7.0,550.0,35.99
2023-03-04,Green Beans,Vegetables,10.0,450.0,55.56
2023-03-04,Grapes,Fruits,39.47,59.21,49.34
2023-03-04,Banana,Fruits,4.4,550.0,33.45
2023-03-04,Barley,Grains,17.5,30.0,24.72
2023-03-04,Bell Pepper,Vegetables,5.0,120.8,32.47
2023-03-04,Black pepper,Herbs & Spices,350.0,550.0,461.49
2023-03-04,Cabbage,Vegetables,8.49,12.73,10.61
2023-03-04,Cantaloupe,Fruits,3.9,85.0,22.09
2023-03-04,Carrot,Vegetables,2.0,2000.0,25.78
2023-03-04,Apple,Fruits,20.0,205.0,70.94
2023-03-04,Corn,Grains,10.27,38.5,20.91
2023-03-04,Cucumber,Vegetables,3.0,350.0,21.8
2023-03-04,Cumin,Herbs & Spices,76.69,340.0,255.37
2023-03-04,Eggplant,Vegetables,14.27,21.4,17.83
2023-03-04,Garlic,Vegetables,41.1,61.65,51.38
2023-03-04,Ginger,Herbs & Spices,12.0,650.0,50.94
2023-03-04,Coriander Leaves,Herbs & Spices,12.52,18.77,15.65
2023-03-05,Guava,Fruits,8.0,65.0,26.4
2023-03-05,Lemon,Fruits,15.0,110.0,52.2
2023-03-05,Mango,Fruits,20.0,120.0,55.23
2023-03-05,Mint,Herbs & Spices,9.1,13.65,11.38
2023-03-05,Okra,Vegetables,5.0,90.0,40.88
2023-03-05,Onion,Vegetables,10.61,15.92,13.26
2023-03-05,Orange,Fruits,10.0,100.0,40.03
2023-03-05,Potato,Vegetables,2.5,47.0,8.86
2023-03-05,Pomegranate,Fruits,10.0,140.0,70.57
2023-03-05,Rice,Grains,10.0,81.5,29.64
2023-03-05,Wheat,Grains,17.72,26.58,22.15
2023-03-05,Turmeric,Herbs & Spices,93.5,95.0,94.3
2023-03-05,Watermelon,Fruits,3.0,30.0,12.29
2023-03-05,Green Onion,Vegetables,7.8,11.7,9.75
2023-03-05,Pear,Fruits,70.0,80.0,78.0
2023-03-05,Green Hot Pepper,Vegetables,7.0,180.0,33.95
2023-03-05,Tomato,Vegetables,9.32,13.99,11.65
2023-03-05,Grapes,Fruits,10.0,120.0,41.52
2023-03-05,Green Beans,Vegetables,7.0,69.0,37.66
2023-03-05,Apple,Fruits,21.0,220.0,67.22
2023-03-05,Banana,Fruits,4.4,65.0,27.02
2023-03-05,Barley,Grains,17.5,28.5,24.2
2023-03-05,Black pepper,Herbs & Spices,428.0,475.0,450.0
2023-03-05,Cabbage,Vegetables,6.95,10.42,8.68
2023-03-05,Cantaloupe,Fruits,4.5,50.0,20.75
2023-03-05,Bell Pepper,Vegetables,4.0,70.0,27.9
2023-03-05,Coriander Leaves,Herbs & Spices,7.73,11.6,9.67
2023-03-05,Corn,Grains,14.0,25.0,20.56
2023-03-05,Cucumber,Vegetables,3.0,48.0,18.25
2023-03-05,Eggplant,Vegetables,2.0,51.0,15.29
2023-03-05,Garlic,Vegetables,3.0,110.0,41.43
2023-03-05,Ginger,Herbs & Spices,13.0,100.0,43.39
2023-03-05,Carrot,Vegetables,2.0,90.0,16.78
2023-03-06,Onion,Vegetables,11.28,16.92,14.1
2023-03-06,Guava,Fruits,5.0,110.0,36.36
2023-03-06,Lemon,Fruits,4.5,1050.0,63.68
2023-03-06,Mango,Fruits,15.0,550.0,95.8
2023-03-06,Mint,Herbs & Spices,15.69,23.54,19.62
2023-03-06,Okra,Vegetables,4.0,650.0,51.77
2023-03-06,Orange,Fruits,5.0,130.0,42.2
2023-03-06,Watermelon,Fruits,3.0,35.6,14.06
2023-03-06,Pear,Fruits,80.0,120.0,100.0
2023-03-06,Pomegranate,Fruits,5.0,175.0,73.01
2023-03-06,Rice,Grains,4.4,68.0,30.13
2023-03-06,Tomato,Vegetables,11.28,16.92,14.1
2023-03-06,Turmeric,Herbs & Spices,30.0,154.0,64.89
2023-03-06,Green Onion,Vegetables,8.64,12.96,10.8
2023-03-06,Wheat,Grains,3.32,56.0,22.73
2023-03-06,Peach,Fruits,50.0,110.0,80.0
2023-03-06,Green Hot Pepper,Vegetables,2.4,550.0,36.99
2023-03-06,Potato,Vegetables,8.18,12.27,10.23
2023-03-06,Grapes,Fruits,2.0,235.0,46.5
2023-03-06,Green Beans,Vegetables,13.5,450.0,52.73
2023-03-06,Apple,Fruits,9.5,225.0,72.15
2023-03-06,Banana,Fruits,3.0,550.0,34.34
2023-03-06,Barley,Grains,18.11,30.5,25.0
2023-03-06,Bell Pepper,Vegetables,3.0,100.0,33.83
2023-03-06,Cabbage,Vegetables,8.86,13.29,11.08
2023-03-06,Cantaloupe,Fruits,3.68,65.0,21.36
2023-03-06,Black pepper,Herbs & Spices,380.0,520.0,466.39
2023-03-06,Coriander Leaves,Herbs & Spices,12.34,18.51,15.43
2023-03-06,Corn,Grains,14.0,35.0,20.97
2023-03-06,Cucumber,Vegetables,3.0,350.0,21.49
2023-03-06,Cumin,Herbs & Spices,76.12,345.0,254.15
2023-03-06,Eggplant,Vegetables,14.59,21.89,18.24
2023-03-06,Garlic,Vegetables,3.0,1250.0,52.49
2023-03-06,Ginger,Herbs & Spices,5.0,650.0,51.66
2023-03-06,Carrot,Vegetables,2.0,450.0,20.05
2023-03-07,Onion,Vegetables,11.54,17.31,14.42
2023-03-07,Guava,Fruits,8.0,110.0,43.71
2023-03-07,Lemon,Fruits,10.0,1050.0,70.79
2023-03-07,Mango,Fruits,20.0,650.0,94.0
2023-03-07,Mint,Herbs & Spices,25.47,38.21,31.84
2023-03-07,Okra,Vegetables,5.0,550.0,50.77
2023-03-07,Orange,Fruits,6.7,100.0,44.35
2023-03-07,Wheat,Grains,15.15,54.0,22.57
2023-03-07,Pomegranate,Fruits,10.0,203.0,79.84
2023-03-07,Potato,Vegetables,8.16,12.24,10.2
2023-03-07,Rice,Grains,10.0,68.0,30.07
2023-03-07,Tomato,Vegetables,11.87,17.81,14.84
2023-03-07,Turmeric,Herbs & Spices,16.0,135.0,69.09
2023-03-07,Watermelon,Fruits,4.0,42.0,16.19
2023-03-07,Green Onion,Vegetables,11.69,17.54,14.62
2023-03-07,Pear,Fruits,100.0,160.0,130.0
2023-03-07,Green Hot Pepper,Vegetables,2.4,550.0,38.35
2023-03-07,Cumin,Herbs & Spices,120.0,307.55,260.62
2023-03-07,Grapes,Fruits,10.0,235.0,49.04
2023-03-07,Apple,Fruits,15.0,222.0,74.92
2023-03-07,Banana,Fruits,5.5,550.0,35.3
2023-03-07,Barley,Grains,18.11,39.3,25.11
2023-03-07,Green Beans,Vegetables,9.0,450.0,51.86
2023-03-07,Black pepper,Herbs & Spices,380.0,560.0,466.41
2023-03-07,Cabbage,Vegetables,8.78,13.18,10.98
2023-03-07,Cantaloupe,Fruits,10.0,85.0,26.62
2023-03-07,Bell Pepper,Vegetables,6.0,100.0,33.6
2023-03-07,Coriander Leaves,Herbs & Spices,12.4,18.59,15.5
2023-03-07,Corn,Grains,14.0,46.19,21.05
2023-03-07,Cucumber,Vegetables,3.0,350.0,21.22
2023-03-07,Eggplant,Vegetables,2.0,350.0,18.6
2023-03-07,Garlic,Vegetables,3.04,1250.0,54.48
2023-03-07,Ginger,Herbs & Spices,8.0,650.0,52.88
2023-03-07,Carrot,Vegetables,2.0,450.0,19.86
2023-03-08,Orange,Fruits,10.0,90.0,43.74
2023-03-08,Guava,Fruits,5.0,95.0,34.7
2023-03-08,Mango,Fruits,12.0,650.0,83.07
2023-03-08,Mint,Herbs & Spices,13.17,19.76,16.46
2023-03-08,Okra,Vegetables,5.0,550.0,50.47
2023-03-08,Onion,Vegetables,11.79,17.68,14.73
2023-03-08,Pear,Fruits,75.0,170.0,117.5
2023-03-08,Green Onion,Vegetables,5.91,8.87,7.39
2023-03-08,Potato,Vegetables,9.51,14.26,11.89
2023-03-08,Rice,Grains,10.0,100.0,33.73
2023-03-08,Tomato,Vegetables,13.16,19.73,16.44
2023-03-08,Turmeric,Herbs & Spices,16.0,135.0,65.88
2023-03-08,Watermelon,Fruits,3.0,29.0,14.51
2023-03-08,Wheat,Grains,12.33,56.0,22.97
2023-03-08,Pomegranate,Fruits,10.0,160.0,76.18
2023-03-08,Green Hot Pepper,Vegetables,6.0,550.0,41.72
2023-03-08,Lemon,Fruits,10.0,1050.0,83.23
2023-03-08,Grapes,Fruits,38.5,57.76,48.13
2023-03-08,Apple,Fruits,20.0,205.0,80.44
2023-03-08,Banana,Fruits,4.0,550.0,37.83
2023-03-08,Barley,Grains,15.0,26.3,20.54
2023-03-08,Bell Pepper,Vegetables,10.0,100.0,37.81
2023-03-08,Black pepper,Herbs & Spices,290.0,560.0,463.1
2023-03-08,Cabbage,Vegetables,10.26,15.39,12.82
2023-03-08,Cantaloupe,Fruits,5.0,85.0,26.5
2023-03-08,Carrot,Vegetables,2.0,450.0,23.74
2023-03-08,Green Beans,Vegetables,20.0,450.0,53.12
2023-03-08,Corn,Grains,5.01,211.56,20.79
2023-03-08,Cucumber,Vegetables,4.0,350.0,22.64
2023-03-08,Cumin,Herbs & Spices,77.1,380.0,244.2
2023-03-08,Eggplant,Vegetables,2.0,350.0,20.37
2023-03-08,Coriander Leaves,Herbs & Spices,9.66,14.49,12.08
2023-03-08,Garlic,Vegetables,3.04,1250.0,65.13
2023-03-08,Ginger,Herbs & Spices,14.0,650.0,58.01
2023-03-09,Guava,Fruits,5.0,130.0,37.84
2023-03-09,Lemon,Fruits,9.0,1250.0,70.96
2023-03-09,Mint,Herbs & Spices,13.86,20.79,17.32
2023-03-09,Okra,Vegetables,3.0,10000.0,89.87
2023-03-09,Onion,Vegetables,11.1,16.66,13.88
2023-03-09,Orange,Fruits,5.0,100.0,41.57
2023-03-09,Pear,Fruits,75.0,140.0,111.5
2023-03-09,Rice,Grains,10.0,81.0,31.46
2023-03-09,Potato,Vegetables,8.32,12.48,10.4
2023-03-09,Green Onion,Vegetables,9.05,13.58,11.32
2023-03-09,Tomato,Vegetables,11.89,17.83,14.86
2023-03-09,Turmeric,Herbs & Spices,30.0,180.0,60.33
2023-03-09,Watermelon,Fruits,3.0,45.6,14.66
2023-03-09,Wheat,Grains,13.0,56.0,22.68
2023-03-09,Pomegranate,Fruits,5.0,200.0,74.09
2023-03-09,Green Hot Pepper,Vegetables,2.0,650.0,40.23
2023-03-09,Mango,Fruits,6.0,650.0,87.41
2023-03-09,Grapes,Fruits,39.03,58.54,48.79
2023-03-09,Green Beans,Vegetables,9.5,450.0,53.1
2023-03-09,Banana,Fruits,5.5,650.0,36.41
2023-03-09,Barley,Grains,16.18,29.75,23.03
2023-03-09,Bell Pepper,Vegetables,5.0,90.8,34.51
2023-03-09,Black pepper,Herbs & Spices,300.0,580.0,467.8
2023-03-09,Cabbage,Vegetables,8.84,13.25,11.05
2023-03-09,Cantaloupe,Fruits,4.5,50.0,20.45
2023-03-09,Carrot,Vegetables,22.24,33.36,27.8
2023-03-09,Apple,Fruits,7.5,205.0,73.47
2023-03-09,Corn,Grains,2.07,33.0,20.92
2023-03-09,Cucumber,Vegetables,17.77,26.66,22.22
2023-03-09,Cumin,Herbs & Spices,78.69,380.0,261.09
2023-03-09,Eggplant,Vegetables,15.06,22.58,18.82
2023-03-09,Garlic,Vegetables,44.32,66.48,55.4
2023-03-09,Ginger,Herbs & Spices,2.0,850.0,55.66
2023-03-09,Coriander Leaves,Herbs & Spices,13.12,19.68,16.4
2023-03-10,Guava,Fruits,5.0,130.0,39.97
2023-03-10,Lemon,Fruits,15.0,1250.0,69.75
2023-03-10,Mango,Fruits,17.5,650.0,89.6
2023-03-10,Mint,Herbs & Spices,13.41,20.11,16.76
2023-03-10,Okra,Vegetables,6.0,550.0,49.37
2023-03-10,Onion,Vegetables,11.31,16.96,14.14
2023-03-10,Orange,Fruits,6.5,100.0,43.43
2023-03-10,Rice,Grains,10.0,81.0,30.21
2023-03-10,Pomegranate,Fruits,5.0,200.0,75.06
2023-03-10,Potato,Vegetables,8.08,12.13,10.11
2023-03-10,Tomato,Vegetables,11.58,17.37,14.48
2023-03-10,Turmeric,Herbs & Spices,16.0,180.0,62.89
2023-03-10,Watermelon,Fruits,2.0,65.0,15.73
2023-03-10,Wheat,Grains,18.02,27.04,22.53
2023-03-10,Green Onion,Vegetables,8.29,12.44,10.37
2023-03-10,Pear,Fruits,90.0,110.0,100.0
2023-03-10,Green Hot Pepper,Vegetables,7.0,650.0,39.33
2023-03-10,Black pepper,Herbs & Spices,400.0,600.0,474.07
2023-03-10,Grapes,Fruits,38.03,57.04,47.54
2023-03-10,Green Beans,Vegetables,14.5,450.0,53.77
2023-03-10,Banana,Fruits,4.4,650.0,34.8
2023-03-10,Barley,Grains,16.0,29.7,23.7
2023-03-10,Bell Pepper,Vegetables,6.0,100.0,35.75
2023-03-10,Cabbage,Vegetables,9.45,14.18,11.82
2023-03-10,Cantaloupe,Fruits,5.0,50.0,20.7
2023-03-10,Carrot,Vegetables,2.0,450.0,21.1
2023-03-10,Apple,Fruits,12.0,205.0,72.2
2023-03-10,Corn,Grains,2.06,33.0,20.73
2023-03-10,Cucumber,Vegetables,3.0,350.0,21.1
2023-03-10,Cumin,Herbs & Spices,72.69,380.0,261.58
2023-03-10,Eggplant,Vegetables,14.68,22.02,18.35
2023-03-10,Garlic,Vegetables,3.2,1450.0,51.72
2023-03-10,Ginger,Herbs & Spices,8.0,850.0,52.83
2023-03-10,Coriander Leaves,Herbs & Spices,12.72,19.08,15.9
2023-03-11,Guava,Fruits,5.0,99.4,28.65
2023-03-11,Lemon,Fruits,5.5,130.0,57.03
2023-03-11,Mango,Fruits,5.5,440.0,69.08
2023-03-11,Mint,Herbs & Spices,10.71,16.06,13.39
2023-03-11,Okra,Vegetables,5.0,90.0,41.91
2023-03-11,Onion,Vegetables,10.7,16.05,13.37
2023-03-11,Orange,Fruits,7.0,90.0,40.09
2023-03-11,Rice,Grains,10.0,60.0,29.9
2023-03-11,Potato,Vegetables,7.31,10.96,9.13
2023-03-11,Tomato,Vegetables,10.17,15.26,12.72
2023-03-11,Turmeric,Herbs & Spices,16.0,150.0,61.22
2023-03-11,Watermelon,Fruits,3.0,63.0,15.01
2023-03-11,Wheat,Grains,13.5,68.5,22.67
2023-03-11,Green Onion,Vegetables,7.76,11.64,9.7
2023-03-11,Pomegranate,Fruits,6.0,170.0,69.97
2023-03-11,Green Hot Pepper,Vegetables,2.4,150.0,37.19
2023-03-11,Bell Pepper,Vegetables,6.0,80.0,31.93
2023-03-11,Grapes,Fruits,36.69,55.03,45.86
2023-03-11,Apple,Fruits,10.8,186.5,70.47
2023-03-11,Banana,Fruits,4.4,160.0,30.91
2023-03-11,Barley,Grains,16.01,29.6,23.19
2023-03-11,Black pepper,Herbs & Spices,400.0,486.99,458.46
2023-03-11,Cabbage,Vegetables,7.76,11.64,9.7
2023-03-11,Cantaloupe,Fruits,5.0,65.0,23.66
2023-03-11,Carrot,Vegetables,2.0,100.0,18.47
2023-03-11,Green Beans,Vegetables,8.0,100.0,47.82
2023-03-11,Corn,Grains,14.0,75.75,21.57
2023-03-11,Cucumber,Vegetables,2.0,70.0,18.76
2023-03-11,Cumin,Herbs & Spices,121.0,350.0,263.25
2023-03-11,Eggplant,Vegetables,2.0,65.0,16.78
2023-03-11,Garlic,Vegetables,4.4,150.0,43.38
2023-03-11,Ginger,Herbs & Spices,8.0,100.0,47.83
2023-03-11,Coriander Leaves,Herbs & Spices,9.59,14.39,11.99
2023-03-12,Green Onion,Vegetables,7.68,11.52,9.6
2023-03-12,Guava,Fruits,6.0,65.0,24.59
2023-03-12,Lemon,Fruits,18.1,125.0,56.4
2023-03-12,Mango,Fruits,20.0,100.0,50.25
2023-03-12,Mint,Herbs & Spices,15.84,23.75,19.8
2023-03-12,Okra,Vegetables,5.0,85.0,43.14
2023-03-12,Onion,Vegetables,11.06,16.59,13.82
2023-03-12,Potato,Vegetables,2.0,60.0,8.86
2023-03-12,Pear,Fruits,75.0,85.0,80.0
2023-03-12,Pomegranate,Fruits,10.0,151.0,69.82
2023-03-12,Rice,Grains,10.0,60.0,30.12
2023-03-12,Tomato,Vegetables,9.75,14.63,12.19
2023-03-12,Turmeric,Herbs & Spices,51.62,95.5,74.85
2023-03-12,Green Hot Pepper,Vegetables,6.0,160.0,38.2
2023-03-12,Wheat,Grains,13.5,40.0,22.19
2023-03-12,Orange,Fruits,10.0,90.0,37.82
2023-03-12,Watermelon,Fruits,3.0,28.0,12.73
2023-03-12,Green Beans,Vegetables,9.0,70.0,37.47
2023-03-12,Ginger,Herbs & Spices,8.0,85.0,43.21
2023-03-12,Grapes,Fruits,10.0,120.0,42.96
2023-03-12,Apple,Fruits,20.0,240.0,70.18
2023-03-12,Banana,Fruits,4.4,75.0,27.94
2023-03-12,Barley,Grains,16.0,28.0,23.84
2023-03-12,Black pepper,Herbs & Spices,428.0,475.0,456.67
2023-03-12,Cabbage,Vegetables,2.0,42.0,9.13
2023-03-12,Cantaloupe,Fruits,9.0,50.0,21.85
2023-03-12,Bell Pepper,Vegetables,8.0,77.0,32.21
2023-03-12,Coriander Leaves,Herbs & Spices,8.87,13.3,11.08
2023-03-12,Corn,Grains,14.0,45.01,21.07
2023-03-12,Cucumber,Vegetables,3.0,50.0,18.1
2023-03-12,Cumin,Herbs & Spices,220.0,340.0,282.28
2023-03-12,Eggplant,Vegetables,2.0,54.0,16.43
2023-03-12,Garlic,Vegetables,4.0,102.0,43.13
2023-03-12,Carrot,Vegetables,3.0,90.0,17.74
2023-03-13,Onion,Vegetables,11.17,16.75,13.96
2023-03-13,Guava,Fruits,5.0,130.0,41.32
2023-03-13,Lemon,Fruits,10.0,165.0,63.22
2023-03-13,Mango,Fruits,5.5,440.0,70.4
2023-03-13,Mint,Herbs & Spices,33.05,49.58,41.31
2023-03-13,Wheat,Grains,2.94,56.0,22.26
2023-03-13,Orange,Fruits,10.0,130.0,44.65
2023-03-13,Green Hot Pepper,Vegetables,2.5,400.0,39.93
2023-03-13,Pomegranate,Fruits,8.0,180.0,75.15
2023-03-13,Potato,Vegetables,7.71,11.57,9.64
2023-03-13,Rice,Grains,10.0,80.0,30.15
2023-03-13,Tomato,Vegetables,11.28,16.92,14.1
2023-03-13,Turmeric,Herbs & Spices,16.0,130.0,60.17
2023-03-13,Watermelon,Fruits,5.0,65.2,17.34
2023-03-13,Pear,Fruits,80.0,85.0,83.0
2023-03-13,Green Beans,Vegetables,15.0,120.8,49.37
2023-03-13,Okra,Vegetables,5.0,8000.0,75.57
2023-03-13,Ginger,Herbs & Spices,8.0,255.8,51.13
2023-03-13,Grapes,Fruits,4.18,220.0,48.93
2023-03-13,Apple,Fruits,3.0,210.0,73.78
2023-03-13,Banana,Fruits,4.4,169.4,32.5
2023-03-13,Barley,Grains,2.6,29.6,22.57
2023-03-13,Bell Pepper,Vegetables,4.0,100.0,36.85
2023-03-13,Black pepper,Herbs & Spices,290.0,500.16,459.35
2023-03-13,Cabbage,Vegetables,8.48,12.73,10.6
2023-03-13,Cantaloupe,Fruits,8.0,60.0,28.38
2023-03-13,Green Onion,Vegetables,8.79,13.18,10.99
2023-03-13,Coriander Leaves,Herbs & Spices,16.03,24.04,20.04
2023-03-13,Corn,Grains,2.05,35.0,20.74
2023-03-13,Cucumber,Vegetables,2.0,350.8,20.52
2023-03-13,Cumin,Herbs & Spices,61.0,348.5,265.58
2023-03-13,Eggplant,Vegetables,2.0,180.8,18.98
2023-03-13,Garlic,Vegetables,3.0,500.8,47.81
2023-03-13,Carrot,Vegetables,2.0,2000.0,26.23
2023-03-14,Guava,Fruits,3.0,130.0,41.24
2023-03-14,Lemon,Fruits,10.0,1250.0,73.52
2023-03-14,Mango,Fruits,5.5,650.0,79.03
2023-03-14,Okra,Vegetables,2.0,550.0,48.85
2023-03-14,Onion,Vegetables,11.03,16.54,13.78
2023-03-14,Orange,Fruits,9.0,130.0,44.37
2023-03-14,Peach,Fruits,5.0,7.0,6.0
2023-03-14,Rice,Grains,10.0,68.0,30.27
2023-03-14,Pomegranate,Fruits,5.0,190.0,75.35
2023-03-14,Potato,Vegetables,8.25,12.38,10.32
2023-03-14,Green Onion,Vegetables,9.14,13.72,11.43
2023-03-14,Tomato,Vegetables,11.54,17.3,14.42
2023-03-14,Turmeric,Herbs & Spices,16.0,180.0,62.72
2023-03-14,Watermelon,Fruits,4.0,65.0,16.48
2023-03-14,Wheat,Grains,17.87,26.8,22.33
2023-03-14,Pear,Fruits,75.0,135.0,109.0
2023-03-14,Green Hot Pepper,Vegetables,6.35,650.0,41.24
2023-03-14,Mint,Herbs & Spices,15.04,22.56,18.8
2023-03-14,Grapes,Fruits,38.52,57.78,48.15
2023-03-14,Green Beans,Vegetables,9.0,450.0,52.79
2023-03-14,Banana,Fruits,5.5,650.0,34.25
2023-03-14,Barley,Grains,15.0,29.2,22.5
2023-03-14,Bell Pepper,Vegetables,6.0,100.0,35.84
2023-03-14,Black pepper,Herbs & Spices,250.0,845.0,461.04
2023-03-14,Cabbage,Vegetables,8.93,13.4,11.16
2023-03-14,Cantaloupe,Fruits,9.0,100.0,28.14
2023-03-14,Carrot,Vegetables,2.0,450.0,21.3
2023-03-14,Apple,Fruits,10.5,245.0,75.35
2023-03-14,Corn,Grains,2.1,35.0,20.74
2023-03-14,Cucumber,Vegetables,3.0,350.0,20.72
2023-03-14,Cumin,Herbs & Spices,66.12,380.0,260.67
2023-03-14,Eggplant,Vegetables,15.12,22.67,18.9
2023-03-14,Garlic,Vegetables,3.0,1450.0,53.94
2023-03-14,Ginger,Herbs & Spices,8.0,850.0,53.71
2023-03-14,Coriander Leaves,Herbs & Spices,12.72,19.08,15.9
2023-03-15,Guava,Fruits,5.0,130.0,41.55
2023-03-15,Lemon,Fruits,10.0,1250.0,74.35
2023-03-15,Mango,Fruits,6.0,650.0,75.31
2023-03-15,Mint,Herbs & Spices,15.26,22.89,19.08
2023-03-15,Okra,Vegetables,5.0,550.0,48.33
2023-03-15,Onion,Vegetables,11.22,16.83,14.03
2023-03-15,Orange,Fruits,7.5,130.0,45.53
2023-03-15,Potato,Vegetables,8.38,12.57,10.48
2023-03-15,Pear,Fruits,70.0,90.0,80.0
2023-03-15,Pomegranate,Fruits,8.0,200.0,73.77
2023-03-15,Rice,Grains,10.0,80.0,30.34
2023-03-15,Tomato,Vegetables,11.6,17.41,14.51
2023-03-15,Turmeric,Herbs & Spices,16.0,180.0,64.98
2023-03-15,Wheat,Grains,3.2,56.0,22.23
2023-03-15,Green Onion,Vegetables,7.41,11.12,9.26
2023-03-15,Peach,Fruits,4.0,8.0,6.0
2023-03-15,Green Hot Pepper,Vegetables,2.0,550.0,40.92
2023-03-15,Watermelon,Fruits,3.0,90.0,18.15
2023-03-15,Grapes,Fruits,37.95,56.93,47.44
2023-03-15,Green Beans,Vegetables,8.0,450.0,53.06
2023-03-15,Banana,Fruits,4.4,550.0,34.69
2023-03-15,Barley,Grains,14.0,29.0,22.79
2023-03-15,Bell Pepper,Vegetables,6.0,105.8,36.33
2023-03-15,Black pepper,Herbs & Spices,250.0,600.0,456.61
2023-03-15,Cabbage,Vegetables,9.24,13.87,11.55
2023-03-15,Cantaloupe,Fruits,3.72,100.0,24.65
2023-03-15,Apple,Fruits,18.0,220.0,76.34
2023-03-15,Coriander Leaves,Herbs & Spices,11.92,17.88,14.9
2023-03-15,Corn,Grains,2.07,35.0,20.72
2023-03-15,Cucumber,Vegetables,2.0,350.0,21.28
2023-03-15,Cumin,Herbs & Spices,60.0,380.0,268.07
2023-03-15,Eggplant,Vegetables,2.0,350.0,18.75
2023-03-15,Garlic,Vegetables,44.15,66.22,55.18
2023-03-15,Ginger,Herbs & Spices,7.0,850.0,55.73
2023-03-15,Carrot,Vegetables,17.94,26.91,22.43
2023-03-16,Guava,Fruits,5.0,130.0,37.86
2023-03-16,Lemon,Fruits,15.0,1250.0,76.37
2023-03-16,Mango,Fruits,10.0,650.0,70.42
2023-03-16,Mint,Herbs & Spices,17.95,26.92,22.44
2023-03-16,Okra,Vegetables,7.5,550.0,48.63
2023-03-16,Onion,Vegetables,11.14,16.71,13.92
2023-03-16,Orange,Fruits,10.0,130.0,45.69
2023-03-16,Rice,Grains,10.0,85.0,30.3
2023-03-16,Pomegranate,Fruits,5.0,190.0,74.93
2023-03-16,Potato,Vegetables,8.24,12.36,10.3
2023-03-16,Tomato,Vegetables,11.25,16.87,14.06
2023-03-16,Turmeric,Herbs & Spices,30.0,180.0,60.32
2023-03-16,Watermelon,Fruits,3.0,50.0,15.43
2023-03-16,Green Onion,Vegetables,7.42,11.12,9.27
2023-03-16,Pear,Fruits,75.0,85.0,80.0
2023-03-16,Green Hot Pepper,Vegetables,2.0,550.0,40.86
2023-03-16,Wheat,Grains,13.37,72.96,22.54
2023-03-16,Grapes,Fruits,2.0,130.0,46.56
2023-03-16,Green Beans,Vegetables,7.0,450.0,52.03
2023-03-16,Apple,Fruits,10.0,220.0,75.45
2023-03-16,Banana,Fruits,6.0,550.0,34.95
2023-03-16,Barley,Grains,16.0,29.0,22.55
2023-03-16,Black pepper,Herbs & Spices,250.0,600.0,453.64
2023-03-16,Cabbage,Vegetables,9.08,13.62,11.35
2023-03-16,Cantaloupe,Fruits,5.0,60.0,23.65
2023-03-16,Bell Pepper,Vegetables,6.0,100.0,34.43
2023-03-16,Coriander Leaves,Herbs & Spices,10.96,16.43,13.69
2023-03-16,Carrot,Vegetables,3.0,450.0,21.82
2023-03-16,Garlic,Vegetables,3.0,1450.0,52.5
2023-03-16,Eggplant,Vegetables,14.8,22.19,18.49
2023-03-16,Ginger,Herbs & Spices,8.0,850.0,54.54
2023-03-16,Cucumber,Vegetables,2.0,350.0,20.42
2023-03-16,Corn,Grains,2.02,43.0,20.84
2023-03-16,Cumin,Herbs & Spices,10.09,380.0,268.53
2023-03-17,Wheat,Grains,3.2,56.0,22.3
2023-03-17,Green Onion,Vegetables,7.02,10.53,8.77
2023-03-17,Guava,Fruits,5.0,130.0,45.52
2023-03-17,Lemon,Fruits,12.0,1250.0,75.54
2023-03-17,Mint,Herbs & Spices,14.71,22.06,18.38
2023-03-17,Okra,Vegetables,7.5,650.0,48.98
2023-03-17,Onion,Vegetables,10.82,16.24,13.53
2023-03-17,Peach,Fruits,3.0,6.0,5.0
2023-03-17,Pear,Fruits,85.0,90.0,88.0
2023-03-17,Green Hot Pepper,Vegetables,2.0,650.0,39.59
2023-03-17,Potato,Vegetables,8.18,12.28,10.23
2023-03-17,Rice,Grains,10.0,80.0,29.82
2023-03-17,Tomato,Vegetables,10.89,16.33,13.61
2023-03-17,Turmeric,Herbs & Spices,15.0,180.0,68.94
2023-03-17,Watermelon,Fruits,5.0,54.0,15.17
2023-03-17,Orange,Fruits,5.0,130.0,44.81
2023-03-17,Pomegranate,Fruits,5.0,180.0,76.41
2023-03-17,Mango,Fruits,18.0,650.0,76.61
2023-03-17,Ginger,Herbs & Spices,6.8,850.0,53.82
2023-03-17,Grapes,Fruits,37.56,56.34,46.95
2023-03-17,Apple,Fruits,6.0,220.0,75.96
2023-03-17,Banana,Fruits,4.5,550.0,35.23
2023-03-17,Barley,Grains,17.0,29.0,22.54
2023-03-17,Bell Pepper,Vegetables,6.0,100.0,34.27
2023-03-17,Black pepper,Herbs & Spices,250.0,538.99,448.56
2023-03-17,Cabbage,Vegetables,9.29,13.94,11.62
2023-03-17,Green Beans,Vegetables,7.0,450.0,53.73
2023-03-17,Carrot,Vegetables,2.0,450.0,22.07
2023-03-17,Coriander Leaves,Herbs & Spices,12.07,18.1,15.09
2023-03-17,Corn,Grains,9.05,75.0,21.62
2023-03-17,Cucumber,Vegetables,3.0,350.0,20.26
2023-03-17,Cumin,Herbs & Spices,40.0,380.0,256.52
2023-03-17,Eggplant,Vegetables,2.0,350.0,18.71
2023-03-17,Garlic,Vegetables,41.04,61.56,51.3
2023-03-17,Cantaloupe,Fruits,5.0,50.0,24.15
2023-03-18,Guava,Fruits,5.0,120.0,45.91
2023-03-18,Lemon,Fruits,10.0,1250.0,74.54
2023-03-18,Mango,Fruits,10.0,650.0,95.68
2023-03-18,Mint,Herbs & Spices,14.67,22.01,18.34
2023-03-18,Okra,Vegetables,5.0,650.0,46.5
2023-03-18,Onion,Vegetables,11.02,16.53,13.78
2023-03-18,Orange,Fruits,7.0,120.0,42.59
2023-03-18,Rice,Grains,10.0,85.0,29.87
2023-03-18,Pomegranate,Fruits,5.0,200.0,72.96
2023-03-18,Potato,Vegetables,8.17,12.25,10.21
2023-03-18,Tomato,Vegetables,11.06,16.59,13.82
2023-03-18,Turmeric,Herbs & Spices,40.0,185.0,88.23
2023-03-18,Watermelon,Fruits,4.0,70.0,16.14
2023-03-18,Green Onion,Vegetables,6.98,10.47,8.73
2023-03-18,Peach,Fruits,2.0,5.0,4.0
2023-03-18,Wheat,Grains,3.22,69.0,22.53
2023-03-18,Green Hot Pepper,Vegetables,2.0,650.0,39.57
2023-03-18,Grapes,Fruits,2.0,120.0,43.63
2023-03-18,Apple,Fruits,20.0,205.0,74.93
2023-03-18,Banana,Fruits,6.0,550.0,34.83
2023-03-18,Barley,Grains,16.31,29.0,22.17
2023-03-18,Bell Pepper,Vegetables,7.0,70.0,32.59
2023-03-18,Black pepper,Herbs & Spices,250.0,495.0,446.91
2023-03-18,Cabbage,Vegetables,8.88,13.32,11.1
2023-03-18,Cantaloupe,Fruits,5.0,60.0,24.01
2023-03-18,Green Beans,Vegetables,8.0,450.0,52.07
2023-03-18,Coriander Leaves,Herbs & Spices,14.73,22.09,18.41
2023-03-18,Corn,Grains,2.14,28.5,20.67
2023-03-18,Cucumber,Vegetables,2.0,350.0,19.11
2023-03-18,Cumin,Herbs & Spices,61.69,380.0,270.2
2023-03-18,Eggplant,Vegetables,14.57,21.85,18.21
2023-03-18,Garlic,Vegetables,3.0,1250.0,50.93
2023-03-18,Ginger,Herbs & Spices,8.0,850.0,54.9
2023-03-18,Carrot,Vegetables,3.0,450.0,21.14
2023-03-19,Guava,Fruits,20.85,31.28,26.06
2023-03-19,Lemon,Fruits,6.0,130.0,54.41
2023-03-19,Mint,Herbs & Spices,9.16,13.74,11.45
2023-03-19,Okra,Vegetables,5.0,80.0,41.11
2023-03-19,Onion,Vegetables,10.66,15.99,13.32
2023-03-19,Orange,Fruits,10.0,110.0,37.93
2023-03-19,Pear,Fruits,70.0,90.0,80.0
2023-03-19,Tomato,Vegetables,9.34,14.01,11.67
2023-03-19,Potato,Vegetables,2.0,40.0,9.04
2023-03-19,Rice,Grains,10.0,100.0,30.0
2023-03-19,Green Onion,Vegetables,6.04,9.07,7.56
2023-03-19,Turmeric,Herbs & Spices,94.3,95.5,95.0
2023-03-19,Watermelon,Fruits,3.0,25.0,11.9
2023-03-19,Wheat,Grains,17.64,26.47,22.05
2023-03-19,Pomegranate,Fruits,10.0,150.0,69.03
2023-03-19,Green Hot Pepper,Vegetables,6.0,100.0,37.05
2023-03-19,Mango,Fruits,15.0,150.0,59.45
2023-03-19,Grapes,Fruits,10.0,120.0,39.0
2023-03-19,Green Beans,Vegetables,8.0,70.0,42.03
2023-03-19,Banana,Fruits,4.4,75.0,28.84
2023-03-19,Barley,Grains,16.75,28.0,22.18
2023-03-19,Bell Pepper,Vegetables,7.0,70.0,29.38
2023-03-19,Black pepper,Herbs & Spices,428.0,436.0,430.0
2023-03-19,Cabbage,Vegetables,7.64,11.46,9.55
2023-03-19,Cantaloupe,Fruits,5.0,40.0,14.83
2023-03-19,Carrot,Vegetables,3.0,160.0,17.9
2023-03-19,Apple,Fruits,21.0,230.0,75.43
2023-03-19,Corn,Grains,14.0,24.5,20.59
2023-03-19,Cucumber,Vegetables,3.0,75.0,16.85
2023-03-19,Cumin,Herbs & Spices,220.0,340.0,280.0
2023-03-19,Eggplant,Vegetables,12.8,19.2,16.0
2023-03-19,Garlic,Vegetables,3.6,110.0,40.55
2023-03-19,Ginger,Herbs & Spices,8.0,120.0,47.21
2023-03-19,Coriander Leaves,Herbs & Spices,7.33,10.99,9.16
2023-03-20,Guava,Fruits,5.0,120.0,40.5
2023-03-20,Lemon,Fruits,11.0,1150.0,74.24
2023-03-20,Mango,Fruits,6.8,650.0,76.68
2023-03-20,Mint,Herbs & Spices,11.57,17.36,14.46
2023-03-20,Okra,Vegetables,4.0,650.0,48.45
2023-03-20,Onion,Vegetables,11.4,17.1,14.25
2023-03-20,Orange,Fruits,6.0,130.0,43.88
2023-03-20,Potato,Vegetables,8.66,13.0,10.83
2023-03-20,Pear,Fruits,75.0,90.0,83.0
2023-03-20,Pomegranate,Fruits,5.0,180.0,75.04
2023-03-20,Rice,Grains,10.0,81.0,30.17
2023-03-20,Tomato,Vegetables,11.46,17.2,14.33
2023-03-20,Turmeric,Herbs & Spices,16.0,145.0,64.02
2023-03-20,Watermelon,Fruits,2.5,52.1,15.31
2023-03-20,Green Onion,Vegetables,7.58,11.38,9.48
2023-03-20,Peach,Fruits,4.0,6.0,5.0
2023-03-20,Green Hot Pepper,Vegetables,2.5,650.0,41.53
2023-03-20,Wheat,Grains,2.23,56.0,22.52
2023-03-20,Grapes,Fruits,37.74,56.6,47.17
2023-03-20,Apple,Fruits,11.5,220.0,76.79
2023-03-20,Banana,Fruits,4.4,550.0,35.28
2023-03-20,Barley,Grains,14.6,33.0,22.1
2023-03-20,Bell Pepper,Vegetables,6.0,105.8,34.69
2023-03-20,Black pepper,Herbs & Spices,250.0,580.0,453.98
2023-03-20,Cabbage,Vegetables,9.48,14.22,11.85
2023-03-20,Cantaloupe,Fruits,3.91,62.0,24.96
2023-03-20,Green Beans,Vegetables,13.0,450.0,52.82
2023-03-20,Coriander Leaves,Herbs & Spices,13.88,20.82,17.35
2023-03-20,Corn,Grains,2.19,35.0,20.77
2023-03-20,Cucumber,Vegetables,2.0,350.0,19.51
2023-03-20,Cumin,Herbs & Spices,40.67,380.0,274.26
2023-03-20,Eggplant,Vegetables,2.0,350.0,19.27
2023-03-20,Garlic,Vegetables,42.15,63.23,52.69
2023-03-20,Ginger,Herbs & Spices,8.0,800.0,58.56
2023-03-20,Carrot,Vegetables,3.0,450.0,22.42
2023-03-21,Guava,Fruits,5.0,115.0,41.82
2023-03-21,Lemon,Fruits,12.0,1050.0,73.11
2023-03-21,Mango,Fruits,8.0,650.0,78.54
2023-03-21,Mint,Herbs & Spices,13.76,20.64,17.2
2023-03-21,Okra,Vegetables,4.0,550.0,47.58
2023-03-21,Onion,Vegetables,11.22,16.84,14.03
2023-03-21,Orange,Fruits,7.5,120.0,44.69
2023-03-21,Potato,Vegetables,8.51,12.76,10.64
2023-03-21,Pear,Fruits,75.0,90.0,83.0
2023-03-21,Pomegranate,Fruits,5.0,180.0,73.29
2023-03-21,Rice,Grains,10.0,80.0,30.27
2023-03-21,Tomato,Vegetables,11.43,17.15,14.29
2023-03-21,Turmeric,Herbs & Spices,30.0,180.0,79.0
2023-03-21,Watermelon,Fruits,3.0,44.0,15.16
2023-03-21,Green Onion,Vegetables,7.69,11.53,9.61
2023-03-21,Peach,Fruits,4.0,6.0,5.0
2023-03-21,Green Hot Pepper,Vegetables,2.5,450.0,42.24
2023-03-21,Wheat,Grains,15.0,50.0,22.5
2023-03-21,Grapes,Fruits,37.85,56.77,47.31
2023-03-21,Green Beans,Vegetables,10.0,450.0,52.08
2023-03-21,Apple,Fruits,20.0,220.0,75.98
2023-03-21,Banana,Fruits,4.5,550.0,34.73
2023-03-21,Barley,Grains,16.91,28.6,22.0
2023-03-21,Bell Pepper,Vegetables,8.0,100.0,35.1
2023-03-21,Cabbage,Vegetables,9.5,14.25,11.87
2023-03-21,Cantaloupe,Fruits,5.0,62.0,24.33
2023-03-21,Black pepper,Herbs & Spices,250.0,510.89,451.26
2023-03-21,Coriander Leaves,Herbs & Spices,12.89,19.34,16.11
2023-03-21,Carrot,Vegetables,3.0,450.0,22.96
2023-03-21,Garlic,Vegetables,2.0,1250.0,55.24
2023-03-21,Eggplant,Vegetables,2.0,350.0,18.89
2023-03-21,Ginger,Herbs & Spices,8.0,850.0,58.64
2023-03-21,Cucumber,Vegetables,2.0,350.0,19.18
2023-03-21,Corn,Grains,2.2,36.0,20.97
2023-03-21,Cumin,Herbs & Spices,125.0,380.0,293.45
2023-03-22,Green Onion,Vegetables,6.58,9.87,8.22
2023-03-22,Guava,Fruits,10.0,115.0,39.74
2023-03-22,Lemon,Fruits,10.0,1050.0,74.54
2023-03-22,Mint,Herbs & Spices,15.31,22.96,19.14
2023-03-22,Okra,Vegetables,5.0,550.0,47.59
2023-03-22,Onion,Vegetables,11.42,17.13,14.27
2023-03-22,Orange,Fruits,6.0,120.0,42.83
2023-03-22,Pomegranate,Fruits,10.0,170.0,73.65
2023-03-22,Green Hot Pepper,Vegetables,2.3,450.0,42.13
2023-03-22,Rice,Grains,10.0,64.0,29.77
2023-03-22,Tomato,Vegetables,11.53,17.3,14.41
2023-03-22,Turmeric,Herbs & Spices,16.0,110.0,68.03
2023-03-22,Watermelon,Fruits,3.5,80.0,15.36
2023-03-22,Wheat,Grains,12.11,50.01,22.52
2023-03-22,Pear,Fruits,75.0,90.0,83.0
2023-03-22,Potato,Vegetables,8.47,12.7,10.58
2023-03-22,Mango,Fruits,9.0,650.0,83.26
2023-03-22,Ginger,Herbs & Spices,5.0,850.0,60.45
2023-03-22,Grapes,Fruits,4.0,215.0,45.86
2023-03-22,Apple,Fruits,9.5,205.0,77.37
2023-03-22,Banana,Fruits,4.4,550.0,34.5
2023-03-22,Barley,Grains,16.51,29.0,22.05
2023-03-22,Bell Pepper,Vegetables,7.0,130.8,35.07
2023-03-22,Black pepper,Herbs & Spices,380.0,580.0,468.79
2023-03-22,Cabbage,Vegetables,9.34,14.02,11.68
2023-03-22,Green Beans,Vegetables,13.0,450.0,54.06
2023-03-22,Carrot,Vegetables,3.0,450.0,23.8
2023-03-22,Coriander Leaves,Herbs & Spices,11.43,17.14,14.28
2023-03-22,Corn,Grains,2.15,36.0,21.01
2023-03-22,Cucumber,Vegetables,2.0,350.0,19.2
2023-03-22,Cumin,Herbs & Spices,75.0,375.55,282.88
2023-03-22,Eggplant,Vegetables,15.02,22.53,18.77
2023-03-22,Garlic,Vegetables,4.25,1250.0,54.03
2023-03-22,Cantaloupe,Fruits,4.32,80.0,27.09
2023-03-23,Guava,Fruits,5.0,115.0,38.04
2023-03-23,Lemon,Fruits,14.0,1050.0,75.41
2023-03-23,Mango,Fruits,25.0,650.0,83.11
2023-03-23,Mint,Herbs & Spices,11.87,17.8,14.83
2023-03-23,Okra,Vegetables,5.0,450.0,46.68
2023-03-23,Onion,Vegetables,11.35,17.02,14.19
2023-03-23,Orange,Fruits,8.0,120.0,45.92
2023-03-23,Potato,Vegetables,8.76,13.15,10.96
2023-03-23,Pear,Fruits,75.0,85.0,80.0
2023-03-23,Pomegranate,Fruits,5.0,180.0,73.97
2023-03-23,Rice,Grains,10.0,80.0,30.05
2023-03-23,Tomato,Vegetables,11.54,17.32,14.43
2023-03-23,Turmeric,Herbs & Spices,26.01,115.0,54.09
2023-03-23,Watermelon,Fruits,3.0,55.0,15.84
2023-03-23,Green Onion,Vegetables,9.32,13.98,11.65
2023-03-23,Peach,Fruits,5.0,7.0,6.0
2023-03-23,Wheat,Grains,2.0,53.36,22.75
2023-03-23,Green Beans,Vegetables,13.0,140.8,47.72
2023-03-23,Grapes,Fruits,37.18,55.78,46.48
2023-03-23,Apple,Fruits,11.5,220.0,77.26
2023-03-23,Banana,Fruits,4.4,500.0,35.34
2023-03-23,Barley,Grains,15.4,28.8,21.9
2023-03-23,Bell Pepper,Vegetables,7.0,100.0,33.73
2023-03-23,Black pepper,Herbs & Spices,250.0,580.0,460.82
2023-03-23,Cabbage,Vegetables,9.75,14.62,12.19
2023-03-23,Cantaloupe,Fruits,4.0,80.0,24.01
2023-03-23,Green Hot Pepper,Vegetables,2.4,500.0,43.07
2023-03-23,Coriander Leaves,Herbs & Spices,12.09,18.13,15.11
2023-03-23,Corn,Grains,14.0,35.0,21.1
2023-03-23,Cucumber,Vegetables,2.0,350.0,19.07
2023-03-23,Cumin,Herbs & Spices,42.67,841.7,282.72
2023-03-23,Eggplant,Vegetables,15.53,23.3,19.42
2023-03-23,Garlic,Vegetables,45.54,68.31,56.92
2023-03-23,Ginger,Herbs & Spices,4.0,850.0,60.73
2023-03-23,Carrot,Vegetables,3.0,500.0,24.04
2023-03-24,Lemon,Fruits,11.0,1250.0,78.31
2023-03-24,Mango,Fruits,17.0,650.0,80.8
2023-03-24,Mint,Herbs & Spices,12.55,18.83,15.69
2023-03-24,Okra,Vegetables,5.0,8000.0,78.43
2023-03-24,Onion,Vegetables,11.26,16.89,14.08
2023-03-24,Orange,Fruits,6.5,120.0,46.27
2023-03-24,Peach,Fruits,4.0,6.0,5.0
2023-03-24,Rice,Grains,10.0,80.0,29.86
2023-03-24,Pomegranate,Fruits,5.0,175.0,75.18
2023-03-24,Potato,Vegetables,8.81,13.22,11.02
2023-03-24,Tomato,Vegetables,11.68,17.52,14.6
2023-03-24,Turmeric,Herbs & Spices,30.0,180.0,65.28
2023-03-24,Watermelon,Fruits,3.0,74.0,15.04
2023-03-24,Wheat,Grains,14.0,51.93,22.58
2023-03-24,Guava,Fruits,5.0,115.0,37.92
2023-03-24,Pear,Fruits,70.0,90.0,80.0
2023-03-24,Green Onion,Vegetables,7.9,11.86,9.88
2023-03-24,Green Beans,Vegetables,13.0,450.0,52.86
2023-03-24,Apple,Fruits,8.0,220.0,79.34
2023-03-24,Green Hot Pepper,Vegetables,2.35,650.0,42.9
2023-03-24,Banana,Fruits,4.4,650.0,35.74
2023-03-24,Barley,Grains,14.95,28.8,21.66
2023-03-24,Bell Pepper,Vegetables,6.0,100.0,35.59
2023-03-24,Black pepper,Herbs & Spices,50.0,620.89,439.76
2023-03-24,Cantaloupe,Fruits,4.69,80.0,25.96
2023-03-24,Carrot,Vegetables,3.0,2000.0,30.98
2023-03-24,Cabbage,Vegetables,9.64,14.46,12.05
2023-03-24,Corn,Grains,14.0,36.0,20.76
2023-03-24,Cucumber,Vegetables,2.0,350.0,19.2
2023-03-24,Cumin,Herbs & Spices,72.0,380.0,282.81
2023-03-24,Eggplant,Vegetables,15.39,23.09,19.24
2023-03-24,Garlic,Vegetables,3.0,1250.0,54.4
2023-03-24,Ginger,Herbs & Spices,8.0,1050.0,63.11
2023-03-24,Grapes,Fruits,37.71,56.57,47.14
2023-03-24,Coriander Leaves,Herbs & Spices,12.02,18.03,15.02
2023-03-25,Onion,Vegetables,11.11,16.67,13.89
2023-03-25,Guava,Fruits,5.0,115.0,36.89
2023-03-25,Lemon,Fruits,15.0,170.0,70.22
2023-03-25,Mango,Fruits,10.0,650.0,76.64
2023-03-25,Mint,Herbs & Spices,13.69,20.53,17.11
2023-03-25,Okra,Vegetables,5.0,550.0,46.91
2023-03-25,Orange,Fruits,7.5,120.0,43.8
2023-03-25,Green Onion,Vegetables,8.64,12.96,10.8
2023-03-25,Pomegranate,Fruits,5.0,151.0,74.09
2023-03-25,Potato,Vegetables,8.6,12.9,10.75
2023-03-25,Rice,Grains,10.0,65.0,29.73
2023-03-25,Tomato,Vegetables,11.47,17.2,14.34
2023-03-25,Turmeric,Herbs & Spices,16.0,180.0,58.98
2023-03-25,Wheat,Grains,5.0,53.69,22.55
2023-03-25,Peach,Fruits,5.0,7.0,6.0
2023-03-25,Green Hot Pepper,Vegetables,2.4,650.0,41.36
2023-03-25,Watermelon,Fruits,2.0,40.0,14.08
2023-03-25,Grapes,Fruits,35.33,53.0,44.16
2023-03-25,Apple,Fruits,20.0,205.0,78.2
2023-03-25,Banana,Fruits,4.4,650.0,35.9
2023-03-25,Barley,Grains,15.9,28.75,21.75
2023-03-25,Bell Pepper,Vegetables,8.0,105.8,35.88
2023-03-25,Black pepper,Herbs & Spices,300.0,580.0,465.62
2023-03-25,Cabbage,Vegetables,9.34,14.01,11.67
2023-03-25,Cantaloupe,Fruits,19.41,29.11,24.26
2023-03-25,Green Beans,Vegetables,13.0,450.0,54.96
2023-03-25,Coriander Leaves,Herbs & Spices,12.66,18.99,15.83
2023-03-25,Corn,Grains,12.06,36.0,20.97
2023-03-25,Cucumber,Vegetables,2.0,350.0,19.45
2023-03-25,Cumin,Herbs & Spices,40.69,385.55,283.93
2023-03-25,Eggplant,Vegetables,15.2,22.81,19.0
2023-03-25,Garlic,Vegetables,2.5,1250.0,53.41
2023-03-25,Ginger,Herbs & Spices,8.0,1050.0,65.53
2023-03-25,Carrot,Vegetables,3.0,450.0,23.45
2023-03-26,Guava,Fruits,10.0,65.0,23.45
2023-03-26,Lemon,Fruits,6.0,140.0,60.49
2023-03-26,Mango,Fruits,10.0,200.0,53.48
2023-03-26,Mint,Herbs & Spices,12.37,18.56,15.47
2023-03-26,Okra,Vegetables,5.0,95.0,40.73
2023-03-26,Onion,Vegetables,10.74,16.12,13.43
2023-03-26,Orange,Fruits,6.0,104.0,38.31
2023-03-26,Rice,Grains,10.0,56.0,30.22
2023-03-26,Pomegranate,Fruits,10.0,165.0,67.92
2023-03-26,Potato,Vegetables,2.0,42.0,9.76
2023-03-26,Tomato,Vegetables,10.04,15.07,12.56
2023-03-26,Watermelon,Fruits,3.0,40.0,13.9
2023-03-26,Wheat,Grains,11.0,40.0,22.05
2023-03-26,Green Onion,Vegetables,5.82,8.73,7.28
2023-03-26,Pear,Fruits,80.0,85.0,83.0
2023-03-26,Green Hot Pepper,Vegetables,6.0,100.0,37.35
2023-03-26,Green Beans,Vegetables,18.0,80.0,43.75
2023-03-26,Grapes,Fruits,10.0,120.0,39.62
2023-03-26,Apple,Fruits,9.5,220.0,73.9
2023-03-26,Banana,Fruits,4.4,70.0,29.17
2023-03-26,Barley,Grains,16.0,49.95,21.99
2023-03-26,Bell Pepper,Vegetables,5.5,65.5,30.95
2023-03-26,Cabbage,Vegetables,7.84,11.76,9.8
2023-03-26,Cantaloupe,Fruits,4.0,32.0,18.1
2023-03-26,Carrot,Vegetables,3.0,77.0,18.37
2023-03-26,Black pepper,Herbs & Spices,428.0,465.0,452.0
2023-03-26,Corn,Grains,14.0,26.0,20.89
2023-03-26,Cucumber,Vegetables,2.0,55.0,17.32
2023-03-26,Cumin,Herbs & Spices,220.0,340.0,289.38
2023-03-26,Eggplant,Vegetables,13.87,20.8,17.33
2023-03-26,Garlic,Vegetables,5.0,110.0,44.43
2023-03-26,Ginger,Herbs & Spices,8.0,120.0,53.22
2023-03-26,Coriander Leaves,Herbs & Spices,7.62,11.43,9.52
2023-03-27,Onion,Vegetables,10.94,16.41,13.67
2023-03-27,Guava,Fruits,5.0,115.0,43.53
2023-03-27,Lemon,Fruits,10.0,165.0,69.95
2023-03-27,Mango,Fruits,10.0,260.0,63.87
2023-03-27,Mint,Herbs & Spices,12.65,18.97,15.81
2023-03-27,Okra,Vegetables,5.0,7000.0,69.88
2023-03-27,Orange,Fruits,7.0,120.0,45.43
2023-03-27,Wheat,Grains,2.0,81.31,22.49
2023-03-27,Pomegranate,Fruits,5.0,165.0,74.8
2023-03-27,Potato,Vegetables,8.41,12.61,10.51
2023-03-27,Rice,Grains,10.0,70.0,30.68
2023-03-27,Tomato,Vegetables,11.27,16.9,14.08
2023-03-27,Turmeric,Herbs & Spices,16.0,130.0,61.73
2023-03-27,Watermelon,Fruits,4.0,68.0,15.71
2023-03-27,Green Onion,Vegetables,7.88,11.81,9.85
2023-03-27,Pear,Fruits,70.0,75.0,73.0
2023-03-27,Green Hot Pepper,Vegetables,2.5,270.09,41.33
2023-03-27,Apple,Fruits,10.5,220.0,78.91
2023-03-27,Grapes,Fruits,38.49,57.73,48.11
2023-03-27,Green Beans,Vegetables,13.0,140.8,49.41
2023-03-27,Banana,Fruits,4.4,139.5,32.73
2023-03-27,Barley,Grains,11.21,28.7,20.96
2023-03-27,Bell Pepper,Vegetables,8.1,105.8,36.71
2023-03-27,Cabbage,Vegetables,8.69,13.04,10.87
2023-03-27,Cantaloupe,Fruits,21.12,31.67,26.4
2023-03-27,Carrot,Vegetables,3.0,3000.0,32.36
2023-03-27,Black pepper,Herbs & Spices,250.0,560.0,458.24
2023-03-27,Corn,Grains,11.77,36.0,21.02
2023-03-27,Cucumber,Vegetables,2.0,175.8,18.67
2023-03-27,Cumin,Herbs & Spices,65.89,380.0,233.9
2023-03-27,Eggplant,Vegetables,2.0,158.0,19.18
2023-03-27,Garlic,Vegetables,4.5,150.0,46.3
2023-03-27,Ginger,Herbs & Spices,6.0,480.8,61.3
2023-03-27,Coriander Leaves,Herbs & Spices,12.08,18.12,15.1
2023-03-28,Orange,Fruits,5.0,120.0,46.29
2023-03-28,Lemon,Fruits,6.0,1250.0,78.82
2023-03-28,Mango,Fruits,10.0,650.0,74.29
2023-03-28,Mint,Herbs & Spices,34.9,52.34,43.62
2023-03-28,Okra,Vegetables,5.0,7000.0,73.07
2023-03-28,Onion,Vegetables,11.01,16.52,13.76
2023-03-28,Peach,Fruits,5.0,7.0,6.0
2023-03-28,Wheat,Grains,14.0,75.7,22.43
2023-03-28,Pomegranate,Fruits,5.0,170.0,73.21
2023-03-28,Potato,Vegetables,8.54,12.8,10.67
2023-03-28,Rice,Grains,10.0,70.0,30.32
2023-03-28,Tomato,Vegetables,2.0,250.0,14.08
2023-03-28,Turmeric,Herbs & Spices,25.12,180.0,63.05
2023-03-28,Watermelon,Fruits,3.5,65.0,15.37
2023-03-28,Guava,Fruits,10.0,115.0,41.41
2023-03-28,Pear,Fruits,80.0,85.0,83.0
2023-03-28,Green Onion,Vegetables,8.59,12.88,10.73
2023-03-28,Cumin,Herbs & Spices,77.89,380.0,277.1
2023-03-28,Green Beans,Vegetables,13.0,450.0,52.98
2023-03-28,Banana,Fruits,6.0,650.0,36.61
2023-03-28,Barley,Grains,12.5,28.5,20.63
2023-03-28,Bell Pepper,Vegetables,7.0,100.0,35.19
2023-03-28,Black pepper,Herbs & Spices,250.0,550.0,458.98
2023-03-28,Cabbage,Vegetables,9.54,14.3,11.92
2023-03-28,Cantaloupe,Fruits,19.98,29.96,24.97
2023-03-28,Carrot,Vegetables,3.0,450.0,24.18
2023-03-28,Apple,Fruits,10.0,205.0,79.59
2023-03-28,Corn,Grains,16.62,24.93,20.78
2023-03-28,Cucumber,Vegetables,2.0,350.0,18.62
2023-03-28,Green Hot Pepper,Vegetables,2.0,650.0,42.46
2023-03-28,Eggplant,Vegetables,15.64,23.45,19.54
2023-03-28,Garlic,Vegetables,4.25,1250.0,53.8
2023-03-28,Ginger,Herbs & Spices,6.5,1050.0,64.52
2023-03-28,Grapes,Fruits,35.7,53.54,44.62
2023-03-28,Coriander Leaves,Herbs & Spices,15.96,23.94,19.95
2023-03-29,Guava,Fruits,10.0,115.0,40.79
2023-03-29,Lemon,Fruits,6.0,1250.0,77.03
2023-03-29,Mango,Fruits,10.0,600.0,73.26
2023-03-29,Mint,Herbs & Spices,15.78,23.68,19.73
2023-03-29,Okra,Vegetables,5.0,550.0,45.61
2023-03-29,Onion,Vegetables,10.88,16.32,13.6
2023-03-29,Orange,Fruits,6.0,130.0,45.67
2023-03-29,Rice,Grains,10.0,70.0,30.25
2023-03-29,Pomegranate,Fruits,5.0,180.0,72.99
2023-03-29,Potato,Vegetables,8.62,12.93,10.77
2023-03-29,Tomato,Vegetables,11.61,17.41,14.51
2023-03-29,Turmeric,Herbs & Spices,16.0,180.0,58.86
2023-03-29,Watermelon,Fruits,3.0,75.8,15.35
2023-03-29,Wheat,Grains,15.0,62.52,22.58
2023-03-29,Green Onion,Vegetables,10.14,15.21,12.68
2023-03-29,Pear,Fruits,75.0,85.0,80.0
2023-03-29,Green Hot Pepper,Vegetables,2.0,650.0,41.57
2023-03-29,Green Beans,Vegetables,13.0,450.0,54.16
2023-03-29,Grapes,Fruits,36.88,55.32,46.1
2023-03-29,Apple,Fruits,3.3,205.0,79.97
2023-03-29,Banana,Fruits,4.4,650.0,35.77
2023-03-29,Barley,Grains,13.0,28.5,21.03
2023-03-29,Bell Pepper,Vegetables,8.0,100.8,34.61
2023-03-29,Cabbage,Vegetables,9.35,14.03,11.69
2023-03-29,Cantaloupe,Fruits,5.0,72.0,23.64
2023-03-29,Carrot,Vegetables,3.0,500.0,24.83
2023-03-29,Black pepper,Herbs & Spices,250.0,570.0,450.44
2023-03-29,Corn,Grains,12.0,52.1,21.05
2023-03-29,Cucumber,Vegetables,2.0,400.0,18.04
2023-03-29,Cumin,Herbs & Spices,77.0,380.0,235.7
2023-03-29,Eggplant,Vegetables,2.0,320.0,19.39
2023-03-29,Garlic,Vegetables,2.5,1250.0,56.3
2023-03-29,Ginger,Herbs & Spices,8.0,1050.0,65.59
2023-03-29,Coriander Leaves,Herbs & Spices,13.46,20.19,16.82
2023-03-30,Orange,Fruits,7.5,110.0,44.65
2023-03-30,Lemon,Fruits,6.0,1050.0,75.3
2023-03-30,Mango,Fruits,4.0,650.0,70.87
2023-03-30,Mint,Herbs & Spices,8.3,12.45,10.38
2023-03-30,Okra,Vegetables,5.0,550.0,44.33
2023-03-30,Onion,Vegetables,11.4,17.11,14.26
2023-03-30,Peach,Fruits,3.0,5.0,4.0
2023-03-30,Wheat,Grains,14.01,51.29,22.04
2023-03-30,Pomegranate,Fruits,5.0,160.0,71.36
2023-03-30,Potato,Vegetables,2.0,300.0,11.24
2023-03-30,Rice,Grains,10.0,68.0,30.02
2023-03-30,Tomato,Vegetables,11.32,16.98,14.15
2023-03-30,Turmeric,Herbs & Spices,41.4,180.0,71.1
2023-03-30,Watermelon,Fruits,2.0,40.0,13.7
2023-03-30,Guava,Fruits,5.0,80.0,34.37
2023-03-30,Pear,Fruits,75.0,85.0,80.0
2023-03-30,Green Onion,Vegetables,9.54,14.32,11.93
2023-03-30,Apple,Fruits,12.0,220.0,80.71
2023-03-30,Green Beans,Vegetables,13.0,550.0,55.63
2023-03-30,Green Hot Pepper,Vegetables,2.5,650.0,40.52
2023-03-30,Banana,Fruits,4.4,650.0,36.45
2023-03-30,Barley,Grains,13.5,28.5,21.91
2023-03-30,Bell Pepper,Vegetables,8.0,105.8,33.51
2023-03-30,Black pepper,Herbs & Spices,250.0,570.0,451.96
2023-03-30,Cantaloupe,Fruits,5.0,50.0,19.86
2023-03-30,Carrot,Vegetables,3.0,450.0,24.81
2023-03-30,Cabbage,Vegetables,10.31,15.46,12.89
2023-03-30,Corn,Grains,12.0,36.0,20.95
2023-03-30,Cucumber,Vegetables,2.0,350.0,18.61
2023-03-30,Cumin,Herbs & Spices,75.54,380.0,233.09
2023-03-30,Eggplant,Vegetables,2.5,350.0,19.77
2023-03-30,Garlic,Vegetables,2.0,1250.0,57.58
2023-03-30,Ginger,Herbs & Spices,8.0,1050.0,66.73
2023-03-30,Grapes,Fruits,3.96,220.0,45.61
2023-03-30,Coriander Leaves,Herbs & Spices,12.51,18.76,15.63
2023-03-31,Orange,Fruits,7.5,110.0,45.61
2023-03-31,Lemon,Fruits,4.0,165.0,68.16
2023-03-31,Mango,Fruits,6.0,350.0,64.28
2023-03-31,Mint,Herbs & Spices,26.58,39.87,33.23
2023-03-31,Okra,Vegetables,5.0,132.8,43.77
2023-03-31,Onion,Vegetables,10.59,15.89,13.24
2023-03-31,Peach,Fruits,3.0,5.0,4.0
2023-03-31,Guava,Fruits,5.0,115.0,40.87
2023-03-31,Pomegranate,Fruits,5.0,160.0,73.46
2023-03-31,Potato,Vegetables,8.11,12.17,10.14
2023-03-31,Rice,Grains,10.0,95.0,29.94
2023-03-31,Tomato,Vegetables,11.12,16.68,13.9
2023-03-31,Turmeric,Herbs & Spices,29.89,180.0,73.41
2023-03-31,Watermelon,Fruits,3.0,80.0,15.36
2023-03-31,Wheat,Grains,10.0,50.0,22.39
2023-03-31,Pear,Fruits,60.0,85.0,73.0
2023-03-31,Green Onion,Vegetables,9.07,13.6,11.33
2023-03-31,Apple,Fruits,10.5,220.0,80.63
2023-03-31,Green Beans,Vegetables,21.0,100.0,50.62
2023-03-31,Banana,Fruits,4.4,120.0,31.88
2023-03-31,Barley,Grains,10.0,28.4,21.3
2023-03-31,Bell Pepper,Vegetables,6.0,105.8,32.64
2023-03-31,Black pepper,Herbs & Spices,250.0,495.0,456.9
2023-03-31,Cabbage,Vegetables,8.63,12.95,10.79
2023-03-31,Cantaloupe,Fruits,6.0,72.0,26.74
2023-03-31,Carrot,Vegetables,3.0,200.8,22.26
2023-03-31,Green Hot Pepper,Vegetables,2.0,400.0,39.54
2023-03-31,Corn,Grains,16.8,25.2,21.0
2023-03-31,Cucumber,Vegetables,13.58,20.37,16.97
2023-03-31,Cumin,Herbs & Spices,240.0,380.0,309.7
2023-03-31,Eggplant,Vegetables,14.96,22.44,18.7
2023-03-31,Garlic,Vegetables,3.0,480.8,49.65
2023-03-31,Ginger,Herbs & Spices,10.0,360.8,61.42
2023-03-31,Grapes,Fruits,36.68,55.02,45.85
2023-03-31,Coriander Leaves,Herbs & Spices,14.99,22.48,18.73
2023-04-01,Guava,Fruits,5.0,115.0,39.44
2023-04-01,Lemon,Fruits,4.5,160.0,64.77
2023-04-01,Mango,Fruits,5.0,350.0,62.25
2023-04-01,Mint,Herbs & Spices,7.97,11.95,9.96
2023-04-01,Okra,Vegetables,5.0,100.0,42.58
2023-04-01,Onion,Vegetables,10.84,16.27,13.56
2023-04-01,Orange,Fruits,7.5,110.0,47.48
2023-04-01,Potato,Vegetables,8.06,12.1,10.08
2023-04-01,Pear,Fruits,30.0,190.0,97.25
2023-04-01,Pomegranate,Fruits,5.0,160.0,74.31
2023-04-01,Rice,Grains,10.0,103.0,29.76
2023-04-01,Tomato,Vegetables,10.91,16.37,13.64
2023-04-01,Turmeric,Herbs & Spices,16.0,180.0,69.92
2023-04-01,Watermelon,Fruits,2.5,40.0,15.18
2023-04-01,Green Onion,Vegetables,9.95,14.92,12.43
2023-04-01,Peach,Fruits,22.0,30.0,24.75
2023-04-01,Wheat,Grains,6.0,50.0,22.4
2023-04-01,Green Hot Pepper,Vegetables,7.0,180.0,38.64
2023-04-01,Grapes,Fruits,37.96,56.94,47.45
2023-04-01,Green Beans,Vegetables,13.0,100.0,51.08
2023-04-01,Apple,Fruits,21.0,220.0,82.01
2023-04-01,Banana,Fruits,4.4,75.0,31.27
2023-04-01,Barley,Grains,12.0,53.06,20.98
2023-04-01,Bell Pepper,Vegetables,6.0,100.0,31.16
2023-04-01,Cabbage,Vegetables,8.83,13.24,11.04
2023-04-01,Cantaloupe,Fruits,3.8,72.0,25.08
2023-04-01,Black pepper,Herbs & Spices,300.0,780.0,479.15
2023-04-01,Coriander Leaves,Herbs & Spices,13.84,20.76,17.3
2023-04-01,Corn,Grains,14.24,36.0,20.98
2023-04-01,Cucumber,Vegetables,2.0,80.0,16.49
2023-04-01,Cumin,Herbs & Spices,72.69,380.0,267.71
2023-04-01,Eggplant,Vegetables,2.0,65.0,18.22
2023-04-01,Garlic,Vegetables,3.1,140.0,48.17
2023-04-01,Ginger,Herbs & Spices,7.0,150.0,64.11
2023-04-01,Carrot,Vegetables,17.6,26.4,22.0
2023-04-02,Orange,Fruits,10.0,110.0,43.4
2023-04-02,Lemon,Fruits,12.3,130.0,59.94
2023-04-02,Mango,Fruits,10.0,120.0,48.64
2023-04-02,Mint,Herbs & Spices,8.36,12.54,10.45
2023-04-02,Okra,Vegetables,5.0,2500.0,50.76
2023-04-02,Onion,Vegetables,10.44,15.66,13.05
2023-04-02,Peach,Fruits,24.0,25.0,24.6
2023-04-02,Guava,Fruits,10.0,55.0,24.75
2023-04-02,Pomegranate,Fruits,10.0,180.0,71.41
2023-04-02,Potato,Vegetables,7.71,11.56,9.63
2023-04-02,Rice,Grains,10.0,70.0,29.88
2023-04-02,Tomato,Vegetables,9.89,14.83,12.36
2023-04-02,Turmeric,Herbs & Spices,94.5,95.85,95.2
2023-04-02,Watermelon,Fruits,3.0,40.0,12.7
2023-04-02,Wheat,Grains,17.44,26.15,21.79
2023-04-02,Pear,Fruits,75.0,85.0,80.0
2023-04-02,Green Onion,Vegetables,8.08,12.12,10.1
2023-04-02,Apple,Fruits,10.5,220.0,74.68
2023-04-02,Green Beans,Vegetables,25.0,80.0,44.62
2023-04-02,Banana,Fruits,4.4,72.0,29.53
2023-04-02,Barley,Grains,14.5,27.3,20.58
2023-04-02,Bell Pepper,Vegetables,10.0,65.0,29.13
2023-04-02,Black pepper,Herbs & Spices,418.0,465.0,441.0
2023-04-02,Cabbage,Vegetables,7.7,11.56,9.63
2023-04-02,Cantaloupe,Fruits,6.0,36.0,18.42
2023-04-02,Carrot,Vegetables,3.0,80.0,18.77
2023-04-02,Green Hot Pepper,Vegetables,6.0,150.0,37.01
2023-04-02,Corn,Grains,14.0,25.0,20.28
2023-04-02,Cucumber,Vegetables,2.0,50.0,15.25
2023-04-02,Cumin,Herbs & Spices,220.0,350.0,294.88
2023-04-02,Eggplant,Vegetables,2.0,60.0,17.78
2023-04-02,Garlic,Vegetables,3.0,100.0,42.95
2023-04-02,Ginger,Herbs & Spices,12.0,124.0,54.69
2023-04-02,Grapes,Fruits,10.0,120.0,41.15
2023-04-02,Coriander Leaves,Herbs & Spices,9.02,13.53,11.28
2023-04-03,Lemon,Fruits,7.5,150.0,64.94
2023-04-03,Mint,Herbs & Spices,32.5,48.74,40.62
2023-04-03,Okra,Vegetables,5.0,176.0,41.2
2023-04-03,Onion,Vegetables,10.87,16.31,13.59
2023-04-03,Orange,Fruits,7.5,110.0,48.89
2023-04-03,Peach,Fruits,4.0,35.0,17.5
2023-04-03,Rice,Grains,10.0,90.0,30.11
2023-04-03,Pomegranate,Fruits,5.0,160.0,72.6
2023-04-03,Potato,Vegetables,2.0,150.8,10.02
2023-04-03,Guava,Fruits,5.0,90.0,40.79
2023-04-03,Tomato,Vegetables,11.13,16.7,13.92
2023-04-03,Turmeric,Herbs & Spices,16.0,180.0,60.8
2023-04-03,Watermelon,Fruits,3.0,40.0,14.96
2023-04-03,Wheat,Grains,2.1,75.0,22.61
2023-04-03,Pear,Fruits,70.0,100.0,90.0
2023-04-03,Green Onion,Vegetables,14.26,21.39,17.82
2023-04-03,Mango,Fruits,7.2,350.0,59.79
2023-04-03,Green Hot Pepper,Vegetables,7.0,400.0,39.58
2023-04-03,Green Beans,Vegetables,13.0,130.8,50.29
2023-04-03,Apple,Fruits,11.5,220.0,80.28
2023-04-03,Banana,Fruits,4.4,169.4,32.54
2023-04-03,Barley,Grains,11.0,30.0,20.41
2023-04-03,Bell Pepper,Vegetables,7.0,100.0,30.8
2023-04-03,Cabbage,Vegetables,8.82,13.23,11.02
2023-04-03,Cantaloupe,Fruits,3.5,300.0,29.76
2023-04-03,Carrot,Vegetables,3.0,270.8,22.95
2023-04-03,Black pepper,Herbs & Spices,401.79,580.0,471.26
2023-04-03,Corn,Grains,13.25,66.0,21.27
2023-04-03,Cucumber,Vegetables,2.0,100.8,15.83
2023-04-03,Cumin,Herbs & Spices,80.89,380.0,294.0
2023-04-03,Eggplant,Vegetables,15.22,22.83,19.03
2023-04-03,Garlic,Vegetables,3.0,480.8,51.56
2023-04-03,Ginger,Herbs & Spices,6.0,600.8,66.13
2023-04-03,Grapes,Fruits,35.88,53.82,44.85
2023-04-03,Coriander Leaves,Herbs & Spices,15.81,23.71,19.76
2023-04-04,Onion,Vegetables,11.08,16.61,13.84
2023-04-04,Guava,Fruits,8.0,90.0,40.7
2023-04-04,Lemon,Fruits,12.5,150.0,66.47
2023-04-04,Mango,Fruits,5.0,350.0,56.01
2023-04-04,Mint,Herbs & Spices,10.54,15.81,13.18
2023-04-04,Okra,Vegetables,5.0,100.8,40.14
2023-04-04,Orange,Fruits,10.0,130.0,48.29
2023-04-04,Green Onion,Vegetables,9.16,13.74,11.45
2023-04-04,Pear,Fruits,70.0,85.0,78.0
2023-04-04,Pomegranate,Fruits,5.0,160.0,71.3
2023-04-04,Potato,Vegetables,8.28,12.41,10.34
2023-04-04,Rice,Grains,10.0,64.0,29.9
2023-04-04,Tomato,Vegetables,11.19,16.79,13.99
2023-04-04,Turmeric,Herbs & Spices,16.0,180.0,53.82
2023-04-04,Watermelon,Fruits,2.0,40.0,13.7
2023-04-04,Peach,Fruits,3.0,30.0,16.0
2023-04-04,Wheat,Grains,2.05,55.0,22.05
2023-04-04,Green Hot Pepper,Vegetables,3.0,270.8,38.05
2023-04-04,Grapes,Fruits,4.08,125.0,44.3
2023-04-04,Apple,Fruits,10.5,205.0,79.66
2023-04-04,Banana,Fruits,3.7,80.0,31.45
2023-04-04,Barley,Grains,11.9,28.5,19.56
2023-04-04,Bell Pepper,Vegetables,6.0,100.0,30.25
2023-04-04,Black pepper,Herbs & Spices,300.0,560.0,465.42
2023-04-04,Cabbage,Vegetables,9.28,13.93,11.6
2023-04-04,Cantaloupe,Fruits,2.8,150.0,25.31
2023-04-04,Green Beans,Vegetables,21.0,90.0,48.56
2023-04-04,Coriander Leaves,Herbs & Spices,13.9,20.85,17.37
2023-04-04,Corn,Grains,14.35,50.52,21.06
2023-04-04,Cucumber,Vegetables,2.0,60.0,15.51
2023-04-04,Cumin,Herbs & Spices,76.0,380.0,306.45
2023-04-04,Eggplant,Vegetables,15.26,22.89,19.07
2023-04-04,Garlic,Vegetables,2.5,480.8,49.91
2023-04-04,Ginger,Herbs & Spices,10.0,540.8,65.58
2023-04-04,Carrot,Vegetables,3.0,240.8,24.34
2023-04-05,Guava,Fruits,5.0,90.0,45.28
2023-04-05,Lemon,Fruits,5.0,155.0,66.43
2023-04-05,Mango,Fruits,5.0,270.0,50.9
2023-04-05,Mint,Herbs & Spices,19.46,29.18,24.32
2023-04-05,Okra,Vegetables,5.0,95.0,41.14
2023-04-05,Onion,Vegetables,10.29,15.43,12.86
2023-04-05,Orange,Fruits,8.0,110.0,47.83
2023-04-05,Potato,Vegetables,7.99,11.99,9.99
2023-04-05,Pear,Fruits,70.0,85.0,78.0
2023-04-05,Pomegranate,Fruits,5.0,160.0,72.85
2023-04-05,Rice,Grains,10.0,83.0,30.01
2023-04-05,Tomato,Vegetables,10.69,16.03,13.36
2023-04-05,Turmeric,Herbs & Spices,40.0,180.0,67.62
2023-04-05,Watermelon,Fruits,3.0,50.0,15.12
2023-04-05,Green Onion,Vegetables,13.73,20.59,17.16
2023-04-05,Peach,Fruits,25.0,40.0,30.25
2023-04-05,Wheat,Grains,2.03,140.0,22.72
2023-04-05,Green Hot Pepper,Vegetables,6.0,120.0,37.49
2023-04-05,Grapes,Fruits,34.93,52.39,43.66
2023-04-05,Green Beans,Vegetables,13.0,100.0,50.12
2023-04-05,Apple,Fruits,20.0,205.0,82.09
2023-04-05,Banana,Fruits,4.0,85.0,31.31
2023-04-05,Barley,Grains,12.55,50.25,20.36
2023-04-05,Bell Pepper,Vegetables,4.5,100.0,28.8
2023-04-05,Cabbage,Vegetables,8.94,13.42,11.18
2023-04-05,Cantaloupe,Fruits,5.0,150.0,24.24
2023-04-05,Black pepper,Herbs & Spices,290.0,560.0,446.71
2023-04-05,Coriander Leaves,Herbs & Spices,14.38,21.56,17.97
2023-04-05,Corn,Grains,2.02,36.0,20.83
2023-04-05,Cucumber,Vegetables,2.0,60.0,14.83
2023-04-05,Cumin,Herbs & Spices,51.08,382.0,296.7
2023-04-05,Eggplant,Vegetables,2.0,60.0,18.48
2023-04-05,Garlic,Vegetables,3.0,155.5,48.62
2023-04-05,Ginger,Herbs & Spices,12.0,160.0,61.13
2023-04-05,Carrot,Vegetables,4.0,70.0,21.78
2023-04-06,Onion,Vegetables,10.03,15.05,12.54
2023-04-06,Guava,Fruits,5.0,90.0,41.81
2023-04-06,Lemon,Fruits,14.0,135.0,64.79
2023-04-06,Mango,Fruits,6.25,350.0,55.31
2023-04-06,Mint,Herbs & Spices,35.89,53.83,44.86
2023-04-06,Okra,Vegetables,5.0,100.0,40.15
2023-04-06,Orange,Fruits,10.0,110.0,49.79
2023-04-06,Green Onion,Vegetables,9.13,13.7,11.41
2023-04-06,Pear,Fruits,90.0,225.5,160.25
2023-04-06,Pomegranate,Fruits,5.0,160.0,72.13
2023-04-06,Potato,Vegetables,7.63,11.44,9.54
2023-04-06,Rice,Grains,10.0,68.0,29.59
2023-04-06,Tomato,Vegetables,10.04,15.06,12.55
2023-04-06,Turmeric,Herbs & Spices,37.05,180.0,66.58
2023-04-06,Wheat,Grains,17.83,26.74,22.28
2023-04-06,Peach,Fruits,16.56,24.84,20.7
2023-04-06,Green Hot Pepper,Vegetables,28.77,43.16,35.96
2023-04-06,Watermelon,Fruits,3.0,70.0,14.31
2023-04-06,Grapes,Fruits,35.54,53.31,44.42
2023-04-06,Apple,Fruits,20.0,220.0,80.88
2023-04-06,Banana,Fruits,4.4,120.0,32.69
2023-04-06,Barley,Grains,13.5,28.5,20.04
2023-04-06,Bell Pepper,Vegetables,2.0,100.0,24.8
2023-04-06,Black pepper,Herbs & Spices,300.0,495.0,437.95
2023-04-06,Cabbage,Vegetables,7.86,11.79,9.82
2023-04-06,Cantaloupe,Fruits,5.0,150.0,25.95
2023-04-06,Green Beans,Vegetables,21.0,85.0,49.41
2023-04-06,Coriander Leaves,Herbs & Spices,13.26,19.88,16.57
2023-04-06,Corn,Grains,13.11,36.0,20.63
2023-04-06,Cucumber,Vegetables,11.41,17.11,14.26
2023-04-06,Cumin,Herbs & Spices,70.0,400.0,308.15
2023-04-06,Eggplant,Vegetables,2.0,120.0,17.94
2023-04-06,Garlic,Vegetables,3.0,120.0,47.74
2023-04-06,Carrot,Vegetables,4.0,69.0,20.77
2023-04-06,Ginger,Herbs & Spices,4.0,300.0,60.9
2023-04-07,Guava,Fruits,5.0,100.0,35.79
2023-04-07,Lemon,Fruits,14.2,140.0,62.75
2023-04-07,Mint,Herbs & Spices,17.44,26.16,21.8
2023-04-07,Okra,Vegetables,5.0,100.0,38.65
2023-04-07,Onion,Vegetables,10.02,15.04,12.53
2023-04-07,Orange,Fruits,10.0,115.0,47.1
2023-04-07,Peach,Fruits,14.6,21.9,18.25
2023-04-07,Rice,Grains,10.0,60.8,29.12
2023-04-07,Pomegranate,Fruits,5.0,160.0,71.17
2023-04-07,Potato,Vegetables,7.7,11.55,9.62
2023-04-07,Green Onion,Vegetables,8.65,12.97,10.81
2023-04-07,Tomato,Vegetables,10.08,15.12,12.6
2023-04-07,Turmeric,Herbs & Spices,40.0,180.0,75.21
2023-04-07,Watermelon,Fruits,3.0,40.0,13.36
2023-04-07,Wheat,Grains,2.1,65.0,22.14
2023-04-07,Pear,Fruits,70.0,85.0,78.0
2023-04-07,Green Hot Pepper,Vegetables,5.0,122.0,33.66
2023-04-07,Mango,Fruits,5.0,280.0,51.85
2023-04-07,Grapes,Fruits,33.34,50.01,41.68
2023-04-07,Green Beans,Vegetables,13.0,82.0,47.6
2023-04-07,Banana,Fruits,4.4,76.0,31.02
2023-04-07,Barley,Grains,13.5,28.4,20.1
2023-04-07,Bell Pepper,Vegetables,2.0,80.0,26.5
2023-04-07,Black pepper,Herbs & Spices,300.0,483.19,448.16
2023-04-07,Cabbage,Vegetables,8.33,12.5,10.41
2023-04-07,Cantaloupe,Fruits,2.3,150.0,22.28
2023-04-07,Carrot,Vegetables,3.0,74.0,19.89
2023-04-07,Apple,Fruits,10.5,193.0,79.53
2023-04-07,Corn,Grains,13.34,36.0,20.76
2023-04-07,Cucumber,Vegetables,11.17,16.76,13.97
2023-04-07,Cumin,Herbs & Spices,72.0,406.05,327.21
2023-04-07,Eggplant,Vegetables,14.2,21.31,17.76
2023-04-07,Garlic,Vegetables,3.0,120.0,45.98
2023-04-07,Ginger,Herbs & Spices,7.0,130.0,57.68
2023-04-07,Coriander Leaves,Herbs & Spices,10.09,15.14,12.61
2023-04-08,Guava,Fruits,5.0,80.0,34.13
2023-04-08,Lemon,Fruits,14.2,160.0,65.92
2023-04-08,Mango,Fruits,5.0,300.0,53.8
2023-04-08,Mint,Herbs & Spices,15.25,22.87,19.06
2023-04-08,Okra,Vegetables,5.0,100.0,37.49
2023-04-08,Onion,Vegetables,10.01,15.01,12.51
2023-04-08,Orange,Fruits,7.5,110.0,46.85
2023-04-08,Potato,Vegetables,8.01,12.02,10.01
2023-04-08,Pomegranate,Fruits,5.0,210.0,70.0
2023-04-08,Rice,Grains,10.0,70.0,29.93
2023-04-08,Tomato,Vegetables,10.16,15.24,12.7
2023-04-08,Turmeric,Herbs & Spices,30.01,180.0,64.72
2023-04-08,Watermelon,Fruits,3.0,50.0,13.05
2023-04-08,Green Onion,Vegetables,10.52,15.78,13.15
2023-04-08,Peach,Fruits,35.0,45.0,40.0
2023-04-08,Green Hot Pepper,Vegetables,5.0,122.0,34.97
2023-04-08,Wheat,Grains,17.75,26.62,22.18
2023-04-08,Grapes,Fruits,34.69,52.04,43.36
2023-04-08,Apple,Fruits,4.0,220.0,81.81
2023-04-08,Banana,Fruits,4.4,80.0,30.79
2023-04-08,Barley,Grains,13.0,27.2,20.06
2023-04-08,Bell Pepper,Vegetables,19.5,29.25,24.37
2023-04-08,Black pepper,Herbs & Spices,300.0,490.0,456.32
2023-04-08,Cabbage,Vegetables,8.17,12.26,10.21
2023-04-08,Cantaloupe,Fruits,15.8,23.71,19.76
2023-04-08,Green Beans,Vegetables,13.0,90.0,50.78
2023-04-08,Coriander Leaves,Herbs & Spices,12.91,19.37,16.14
2023-04-08,Corn,Grains,5.01,36.0,20.72
2023-04-08,Cucumber,Vegetables,11.54,17.3,14.42
2023-04-08,Cumin,Herbs & Spices,19.11,456.0,318.33
2023-04-08,Eggplant,Vegetables,14.68,22.02,18.35
2023-04-08,Garlic,Vegetables,3.0,144.0,46.93
2023-04-08,Ginger,Herbs & Spices,5.1,150.0,61.74
2023-04-08,Carrot,Vegetables,2.0,70.0,21.81
2023-04-09,Guava,Fruits,10.0,60.0,24.29
2023-04-09,Lemon,Fruits,14.5,140.0,68.05
2023-04-09,Mango,Fruits,7.5,160.0,40.93
2023-04-09,Mint,Herbs & Spices,8.05,12.08,10.06
2023-04-09,Okra,Vegetables,5.0,87.0,34.76
2023-04-09,Onion,Vegetables,10.75,16.12,13.43
2023-04-09,Orange,Fruits,10.0,110.0,43.45
2023-04-09,Rice,Grains,10.0,70.0,30.05
2023-04-09,Pomegranate,Fruits,10.0,150.0,69.17
2023-04-09,Potato,Vegetables,2.0,47.0,10.33
2023-04-09,Tomato,Vegetables,10.67,16.0,13.34
2023-04-09,Turmeric,Herbs & Spices,94.4,95.75,95.1
2023-04-09,Watermelon,Fruits,3.0,40.0,12.63
2023-04-09,Wheat,Grains,17.0,44.0,21.74
2023-04-09,Green Onion,Vegetables,9.4,14.1,11.75
2023-04-09,Pear,Fruits,75.0,85.0,80.0
2023-04-09,Green Hot Pepper,Vegetables,2.0,122.0,35.48
2023-04-09,Black pepper,Herbs & Spices,418.0,485.0,452.5
2023-04-09,Grapes,Fruits,10.0,110.0,40.73
2023-04-09,Apple,Fruits,10.0,240.0,78.27
2023-04-09,Banana,Fruits,4.4,76.0,29.71
2023-04-09,Barley,Grains,14.7,27.0,19.84
2023-04-09,Bell Pepper,Vegetables,5.0,100.0,27.5
2023-04-09,Cabbage,Vegetables,8.38,12.57,10.47
2023-04-09,Cantaloupe,Fruits,6.0,30.0,16.41
2023-04-09,Carrot,Vegetables,3.0,77.0,21.08
2023-04-09,Green Beans,Vegetables,30.0,90.0,54.96
2023-04-09,Corn,Grains,2.02,24.8,19.84
2023-04-09,Cucumber,Vegetables,2.0,62.0,14.96
2023-04-09,Cumin,Herbs & Spices,220.0,400.0,317.5
2023-04-09,Eggplant,Vegetables,14.86,22.29,18.57
2023-04-09,Garlic,Vegetables,3.0,125.0,44.55
2023-04-09,Ginger,Herbs & Spices,5.1,145.0,58.4
2023-04-09,Coriander Leaves,Herbs & Spices,9.95,14.93,12.44
2023-04-10,Guava,Fruits,5.0,100.0,44.23
2023-04-10,Lemon,Fruits,14.0,140.0,66.91
2023-04-10,Mango,Fruits,7.5,300.0,51.58
2023-04-10,Mint,Herbs & Spices,18.55,27.82,23.18
2023-04-10,Okra,Vegetables,4.0,113.0,38.09
2023-04-10,Onion,Vegetables,10.3,15.45,12.88
2023-04-10,Orange,Fruits,10.0,110.0,50.05
2023-04-10,Potato,Vegetables,8.64,12.96,10.8
2023-04-10,Pear,Fruits,75.0,85.0,80.0
2023-04-10,Pomegranate,Fruits,6.0,160.0,70.12
2023-04-10,Rice,Grains,10.0,90.0,30.62
2023-04-10,Tomato,Vegetables,10.92,16.39,13.65
2023-04-10,Turmeric,Herbs & Spices,16.0,180.0,59.25
2023-04-10,Green Onion,Vegetables,10.37,15.55,12.96
2023-04-10,Wheat,Grains,10.0,63.0,22.5
2023-04-10,Peach,Fruits,18.6,27.9,23.25
2023-04-10,Watermelon,Fruits,3.0,45.0,13.86
2023-04-10,Green Hot Pepper,Vegetables,4.0,300.8,37.1
2023-04-10,Grapes,Fruits,36.54,54.8,45.67
2023-04-10,Green Beans,Vegetables,13.0,130.8,52.62
2023-04-10,Banana,Fruits,4.0,124.0,31.99
2023-04-10,Barley,Grains,13.65,27.2,19.89
2023-04-10,Bell Pepper,Vegetables,2.0,100.0,24.8
2023-04-10,Black pepper,Herbs & Spices,408.99,620.0,476.19
2023-04-10,Cabbage,Vegetables,9.29,13.93,11.61
2023-04-10,Cantaloupe,Fruits,3.0,200.0,24.92
2023-04-10,Apple,Fruits,20.0,235.0,83.34
2023-04-10,Coriander Leaves,Herbs & Spices,15.15,22.73,18.94
2023-04-10,Corn,Grains,16.35,24.52,20.43
2023-04-10,Cucumber,Vegetables,2.0,100.8,15.18
2023-04-10,Cumin,Herbs & Spices,80.0,478.0,357.05
2023-04-10,Eggplant,Vegetables,2.0,180.8,19.74
2023-04-10,Garlic,Vegetables,2.55,360.8,50.18
2023-04-10,Ginger,Herbs & Spices,12.0,480.8,66.63
2023-04-10,Carrot,Vegetables,2.0,3000.0,37.71
2023-04-11,Guava,Fruits,5.0,100.0,39.3
2023-04-11,Lemon,Fruits,14.1,145.0,67.42
2023-04-11,Mango,Fruits,6.8,300.0,52.22
2023-04-11,Mint,Herbs & Spices,11.14,16.71,13.92
2023-04-11,Okra,Vegetables,5.0,450.0,37.71
2023-04-11,Onion,Vegetables,10.61,15.92,13.27
2023-04-11,Orange,Fruits,10.0,120.0,50.2
2023-04-11,Potato,Vegetables,8.64,12.96,10.8
2023-04-11,Pear,Fruits,75.0,85.0,80.0
2023-04-11,Pomegranate,Fruits,5.0,160.0,70.94
2023-04-11,Rice,Grains,10.0,70.0,30.54
2023-04-11,Tomato,Vegetables,10.77,16.15,13.46
2023-04-11,Turmeric,Herbs & Spices,30.0,180.0,58.12
2023-04-11,Watermelon,Fruits,3.0,50.0,13.73
2023-04-11,Green Onion,Vegetables,8.69,13.03,10.86
2023-04-11,Peach,Fruits,40.0,48.0,45.0
2023-04-11,Wheat,Grains,2.1,56.56,22.27
2023-04-11,Green Hot Pepper,Vegetables,4.0,240.8,36.81
2023-04-11,Grapes,Fruits,3.84,215.0,44.68
2023-04-11,Apple,Fruits,15.5,1500.0,83.01
2023-04-11,Banana,Fruits,4.5,85.0,31.29
2023-04-11,Barley,Grains,12.51,54.5,20.65
2023-04-11,Bell Pepper,Vegetables,2.0,100.0,25.27
2023-04-11,Black pepper,Herbs & Spices,300.0,580.0,458.17
2023-04-11,Cabbage,Vegetables,9.35,14.02,11.68
2023-04-11,Cantaloupe,Fruits,3.2,200.0,23.73
2023-04-11,Green Beans,Vegetables,13.0,98.0,52.12
2023-04-11,Coriander Leaves,Herbs & Spices,12.36,18.54,15.45
2023-04-11,Corn,Grains,2.07,36.0,20.3
2023-04-11,Cucumber,Vegetables,2.0,160.8,15.14
2023-04-11,Cumin,Herbs & Spices,88.56,440.0,358.37
2023-04-11,Eggplant,Vegetables,2.0,160.8,19.04
2023-04-11,Garlic,Vegetables,2.02,420.8,49.31
2023-04-11,Ginger,Herbs & Spices,12.0,480.8,66.79
2023-04-11,Carrot,Vegetables,2.0,210.8,24.31
2023-04-12,Lemon,Fruits,14.0,140.0,66.7
2023-04-12,Mango,Fruits,7.5,300.0,53.64
2023-04-12,Mint,Herbs & Spices,16.97,25.46,21.21
2023-04-12,Okra,Vegetables,5.0,100.0,37.34
2023-04-12,Onion,Vegetables,10.28,15.42,12.85
2023-04-12,Orange,Fruits,6.5,120.0,47.15
2023-04-12,Peach,Fruits,50.0,50.0,50.0
2023-04-12,Rice,Grains,10.0,85.0,30.4
2023-04-12,Pomegranate,Fruits,6.0,160.0,70.66
2023-04-12,Potato,Vegetables,8.61,12.91,10.76
2023-04-12,Tomato,Vegetables,10.91,16.37,13.64
2023-04-12,Turmeric,Herbs & Spices,16.0,180.0,58.35
2023-04-12,Watermelon,Fruits,3.0,40.0,12.66
2023-04-12,Wheat,Grains,2.1,59.0,22.28
2023-04-12,Guava,Fruits,5.0,100.0,40.74
2023-04-12,Pear,Fruits,75.0,85.0,80.0
2023-04-12,Green Onion,Vegetables,8.79,13.18,10.99
2023-04-12,Green Hot Pepper,Vegetables,27.92,41.88,34.9
2023-04-12,Green Beans,Vegetables,20.0,90.0,55.18
2023-04-12,Banana,Fruits,4.4,75.0,31.19
2023-04-12,Barley,Grains,12.9,27.25,19.93
2023-04-12,Bell Pepper,Vegetables,2.0,100.0,23.83
2023-04-12,Black pepper,Herbs & Spices,300.0,540.0,457.63
2023-04-12,Cabbage,Vegetables,9.07,13.61,11.34
2023-04-12,Cantaloupe,Fruits,2.44,200.0,22.26
2023-04-12,Carrot,Vegetables,3.0,180.8,24.39
2023-04-12,Apple,Fruits,17.5,205.0,82.14
2023-04-12,Corn,Grains,2.04,37.86,20.32
2023-04-12,Cucumber,Vegetables,2.0,80.8,15.07
2023-04-12,Cumin,Herbs & Spices,93.19,455.0,344.03
2023-04-12,Eggplant,Vegetables,2.0,140.8,19.15
2023-04-12,Garlic,Vegetables,3.0,360.8,50.2
2023-04-12,Ginger,Herbs & Spices,10.0,480.8,67.34
2023-04-12,Grapes,Fruits,36.15,54.22,45.18
2023-04-12,Coriander Leaves,Herbs & Spices,13.16,19.74,16.45
2023-04-13,Guava,Fruits,5.0,90.0,37.85
2023-04-13,Lemon,Fruits,8.0,140.0,64.99
2023-04-13,Mango,Fruits,7.5,300.0,52.94
2023-04-13,Mint,Herbs & Spices,14.12,21.18,17.65
2023-04-13,Okra,Vegetables,4.0,165.0,37.99
2023-04-13,Onion,Vegetables,10.19,15.29,12.74
2023-04-13,Orange,Fruits,15.0,120.0,49.71
2023-04-13,Potato,Vegetables,8.58,12.88,10.73
2023-04-13,Pear,Fruits,75.0,85.0,80.0
2023-04-13,Pomegranate,Fruits,5.0,170.0,72.61
2023-04-13,Rice,Grains,10.0,145.0,30.79
2023-04-13,Tomato,Vegetables,10.66,15.99,13.33
2023-04-13,Turmeric,Herbs & Spices,27.0,180.0,57.08
2023-04-13,Wheat,Grains,2.13,57.1,22.36
2023-04-13,Green Onion,Vegetables,9.44,14.16,11.8
2023-04-13,Peach,Fruits,40.0,50.0,45.0
2023-04-13,Green Hot Pepper,Vegetables,4.0,350.0,34.33
2023-04-13,Watermelon,Fruits,3.0,40.0,12.69
2023-04-13,Grapes,Fruits,35.28,52.92,44.1
2023-04-13,Green Beans,Vegetables,20.0,100.0,56.71
2023-04-13,Apple,Fruits,10.0,220.0,81.53
2023-04-13,Banana,Fruits,3.0,120.0,30.59
2023-04-13,Barley,Grains,14.0,32.05,20.02
2023-04-13,Bell Pepper,Vegetables,18.33,27.49,22.91
2023-04-13,Cabbage,Vegetables,8.91,13.37,11.14
2023-04-13,Cantaloupe,Fruits,2.0,250.0,23.58
2023-04-13,Black pepper,Herbs & Spices,300.0,530.0,463.3
2023-04-13,Coriander Leaves,Herbs & Spices,13.15,19.73,16.44
2023-04-13,Corn,Grains,16.09,24.14,20.11
2023-04-13,Cucumber,Vegetables,2.0,70.8,15.0
2023-04-13,Cumin,Herbs & Spices,88.88,451.25,346.28
2023-04-13,Eggplant,Vegetables,15.3,22.95,19.13
2023-04-13,Garlic,Vegetables,3.0,360.8,51.88
2023-04-13,Ginger,Herbs & Spices,5.1,480.8,66.6
2023-04-13,Carrot,Vegetables,19.29,28.93,24.11
2023-04-14,Onion,Vegetables,10.3,15.46,12.88
2023-04-14,Guava,Fruits,10.0,95.0,39.87
2023-04-14,Lemon,Fruits,6.0,160.0,67.17
2023-04-14,Mango,Fruits,7.5,320.0,51.26
2023-04-14,Mint,Herbs & Spices,13.3,19.95,16.63
2023-04-14,Okra,Vegetables,5.0,300.0,35.82
2023-04-14,Orange,Fruits,10.0,130.0,47.74
2023-04-14,Wheat,Grains,16.0,50.0,21.83
2023-04-14,Pear,Fruits,75.0,101.02,89.0
2023-04-14,Pomegranate,Fruits,5.0,170.0,70.56
2023-04-14,Potato,Vegetables,8.48,12.71,10.59
2023-04-14,Rice,Grains,10.0,103.0,29.63
2023-04-14,Tomato,Vegetables,10.73,16.1,13.41
2023-04-14,Turmeric,Herbs & Spices,49.11,180.0,83.79
2023-04-14,Green Onion,Vegetables,8.05,12.08,10.06
2023-04-14,Peach,Fruits,30.0,40.0,35.0
2023-04-14,Green Hot Pepper,Vegetables,4.0,150.0,32.52
2023-04-14,Watermelon,Fruits,2.0,40.0,12.64
2023-04-14,Grapes,Fruits,3.85,220.0,43.33
2023-04-14,Apple,Fruits,20.0,200.0,80.63
2023-04-14,Banana,Fruits,4.4,75.0,30.67
2023-04-14,Barley,Grains,14.99,27.1,19.87
2023-04-14,Bell Pepper,Vegetables,18.17,27.26,22.71
2023-04-14,Black pepper,Herbs & Spices,300.0,490.0,458.91
2023-04-14,Cabbage,Vegetables,9.37,14.06,11.71
2023-04-14,Cantaloupe,Fruits,5.0,250.0,24.0
2023-04-14,Green Beans,Vegetables,8.5,100.0,57.32
2023-04-14,Coriander Leaves,Herbs & Spices,10.54,15.81,13.18
2023-04-14,Corn,Grains,13.85,36.0,20.95
2023-04-14,Cucumber,Vegetables,2.0,60.0,15.19
2023-04-14,Cumin,Herbs & Spices,220.0,440.0,338.87
2023-04-14,Eggplant,Vegetables,15.2,22.8,19.0
2023-04-14,Garlic,Vegetables,3.0,150.0,47.4
2023-04-14,Ginger,Herbs & Spices,5.2,180.0,61.73
2023-04-14,Carrot,Vegetables,2.0,85.0,23.52
2023-04-15,Green Onion,Vegetables,8.53,12.8,10.66
2023-04-15,Guava,Fruits,5.0,90.0,39.96
2023-04-15,Lemon,Fruits,14.0,155.0,63.65
2023-04-15,Mango,Fruits,7.5,300.0,54.55
2023-04-15,Mint,Herbs & Spices,43.42,65.14,54.28
2023-04-15,Okra,Vegetables,5.0,100.0,33.63
2023-04-15,Onion,Vegetables,9.54,14.31,11.93
2023-04-15,Potato,Vegetables,8.04,12.06,10.05
2023-04-15,Peach,Fruits,20.0,30.0,25.0
2023-04-15,Pomegranate,Fruits,5.0,170.0,69.61
2023-04-15,Rice,Grains,10.0,145.0,30.66
2023-04-15,Tomato,Vegetables,9.74,14.62,12.18
2023-04-15,Turmeric,Herbs & Spices,30.0,132.0,58.03
2023-04-15,Watermelon,Fruits,2.5,40.0,12.39
2023-04-15,Green Hot Pepper,Vegetables,3.0,300.0,32.04
2023-04-15,Orange,Fruits,10.0,110.0,49.72
2023-04-15,Wheat,Grains,2.13,60.0,22.22
2023-04-15,Green Beans,Vegetables,9.0,90.0,50.74
2023-04-15,Ginger,Herbs & Spices,12.0,300.0,62.17
2023-04-15,Grapes,Fruits,33.55,50.33,41.94
2023-04-15,Apple,Fruits,9.0,220.0,80.77
2023-04-15,Banana,Fruits,2.0,120.0,29.78
2023-04-15,Barley,Grains,14.28,27.1,19.92
2023-04-15,Black pepper,Herbs & Spices,300.0,530.0,449.35
2023-04-15,Cabbage,Vegetables,8.46,12.68,10.57
2023-04-15,Cantaloupe,Fruits,4.0,250.0,23.36
2023-04-15,Bell Pepper,Vegetables,17.52,26.28,21.9
2023-04-15,Coriander Leaves,Herbs & Spices,16.74,25.1,20.92
2023-04-15,Corn,Grains,12.0,149.75,20.28
2023-04-15,Cucumber,Vegetables,11.62,17.43,14.53
2023-04-15,Cumin,Herbs & Spices,83.09,450.0,354.88
2023-04-15,Eggplant,Vegetables,14.33,21.49,17.91
2023-04-15,Garlic,Vegetables,2.19,150.0,45.96
2023-04-15,Carrot,Vegetables,2.0,85.0,21.21
2023-04-16,Onion,Vegetables,10.24,15.36,12.8
2023-04-16,Guava,Fruits,8.4,45.0,21.3
2023-04-16,Lemon,Fruits,12.5,150.0,63.13
2023-04-16,Mango,Fruits,6.8,130.0,41.76
2023-04-16,Mint,Herbs & Spices,5.52,8.28,6.9
2023-04-16,Okra,Vegetables,5.0,80.0,31.77
2023-04-16,Orange,Fruits,15.0,130.0,49.11
2023-04-16,Green Onion,Vegetables,8.7,13.05,10.87
2023-04-16,Pomegranate,Fruits,10.0,150.0,66.79
2023-04-16,Potato,Vegetables,2.0,47.0,10.88
2023-04-16,Rice,Grains,10.0,70.0,29.8
2023-04-16,Tomato,Vegetables,10.1,15.15,12.63
2023-04-16,Turmeric,Herbs & Spices,94.7,96.0,95.3
2023-04-16,Wheat,Grains,17.1,25.65,21.38
2023-04-16,Pear,Fruits,75.0,85.0,80.0
2023-04-16,Green Hot Pepper,Vegetables,4.0,120.0,32.4
2023-04-16,Watermelon,Fruits,2.0,40.0,10.77
2023-04-16,Grapes,Fruits,10.0,120.0,39.69
2023-04-16,Apple,Fruits,11.5,250.0,79.63
2023-04-16,Banana,Fruits,4.4,80.0,29.18
2023-04-16,Barley,Grains,16.0,27.0,19.94
2023-04-16,Bell Pepper,Vegetables,4.0,82.0,26.3
2023-04-16,Black pepper,Herbs & Spices,418.0,470.0,442.5
2023-04-16,Cabbage,Vegetables,8.71,13.06,10.89
2023-04-16,Cantaloupe,Fruits,5.0,35.0,17.16
2023-04-16,Green Beans,Vegetables,9.0,80.0,51.3
2023-04-16,Coriander Leaves,Herbs & Spices,11.1,16.66,13.88
2023-04-16,Corn,Grains,12.5,29.0,20.16
2023-04-16,Cucumber,Vegetables,2.0,80.0,15.43
2023-04-16,Cumin,Herbs & Spices,300.0,440.0,382.88
2023-04-16,Eggplant,Vegetables,14.9,22.35,18.62
2023-04-16,Garlic,Vegetables,3.0,150.0,47.41
2023-04-16,Ginger,Herbs & Spices,5.1,145.0,57.29
2023-04-16,Carrot,Vegetables,2.5,77.0,22.88
2023-04-17,Guava,Fruits,5.0,100.0,42.16
2023-04-17,Lemon,Fruits,12.5,150.0,68.06
2023-04-17,Mint,Herbs & Spices,11.91,17.87,14.89
2023-04-17,Okra,Vegetables,5.0,135.8,33.32
2023-04-17,Onion,Vegetables,10.53,15.8,13.17
2023-04-17,Orange,Fruits,8.0,110.0,52.12
2023-04-17,Pear,Fruits,75.0,85.0,80.0
2023-04-17,Tomato,Vegetables,10.81,16.21,13.51
2023-04-17,Potato,Vegetables,9.13,13.69,11.41
2023-04-17,Rice,Grains,10.0,145.41,30.77
2023-04-17,Green Onion,Vegetables,9.95,14.92,12.43
2023-04-17,Turmeric,Herbs & Spices,16.0,122.5,55.7
2023-04-17,Watermelon,Fruits,2.0,40.0,12.19
2023-04-17,Wheat,Grains,2.14,60.2,22.09
2023-04-17,Pomegranate,Fruits,5.0,160.0,69.55
2023-04-17,Green Hot Pepper,Vegetables,4.0,240.8,33.68
2023-04-17,Mango,Fruits,7.2,300.0,49.33
2023-04-17,Grapes,Fruits,37.43,56.15,46.79
2023-04-17,Green Beans,Vegetables,15.0,140.8,51.74
2023-04-17,Banana,Fruits,4.4,154.0,31.49
2023-04-17,Barley,Grains,14.91,27.2,19.78
2023-04-17,Bell Pepper,Vegetables,2.0,160.8,23.56
2023-04-17,Black pepper,Herbs & Spices,300.0,560.0,467.08
2023-04-17,Cabbage,Vegetables,9.71,14.57,12.14
2023-04-17,Cantaloupe,Fruits,18.27,27.41,22.84
2023-04-17,Carrot,Vegetables,2.0,270.8,25.69
2023-04-17,Apple,Fruits,6.0,205.0,83.73
2023-04-17,Corn,Grains,15.9,23.84,19.87
2023-04-17,Cucumber,Vegetables,3.0,90.8,14.97
2023-04-17,Cumin,Herbs & Spices,31.89,440.0,330.05
2023-04-17,Eggplant,Vegetables,15.86,23.8,19.83
2023-04-17,Garlic,Vegetables,2.0,600.8,51.31
2023-04-17,Ginger,Herbs & Spices,5.1,480.8,69.08
2023-04-17,Coriander Leaves,Herbs & Spices,14.72,22.08,18.4
2023-04-18,Lemon,Fruits,12.5,160.0,67.55
2023-04-18,Mango,Fruits,4.0,300.0,47.29
2023-04-18,Mint,Herbs & Spices,12.66,19.0,15.83
2023-04-18,Okra,Vegetables,5.0,120.8,31.54
2023-04-18,Onion,Vegetables,10.51,15.76,13.14
2023-04-18,Orange,Fruits,17.5,110.0,52.12
2023-04-18,Peach,Fruits,24.0,35.0,29.03
2023-04-18,Rice,Grains,10.0,85.0,30.38
2023-04-18,Pomegranate,Fruits,4.0,150.0,68.96
2023-04-18,Potato,Vegetables,9.11,13.67,11.39
2023-04-18,Tomato,Vegetables,10.93,16.4,13.66
2023-04-18,Turmeric,Herbs & Spices,30.0,120.0,57.06
2023-04-18,Watermelon,Fruits,2.0,44.0,12.58
2023-04-18,Wheat,Grains,11.0,56.19,22.13
2023-04-18,Guava,Fruits,5.0,100.0,41.01
2023-04-18,Pear,Fruits,75.0,85.0,80.0
2023-04-18,Green Onion,Vegetables,9.0,13.5,11.25
2023-04-18,Black pepper,Herbs & Spices,250.0,580.0,455.3
2023-04-18,Green Beans,Vegetables,9.0,140.8,48.87
2023-04-18,Green Hot Pepper,Vegetables,3.0,270.8,33.1
2023-04-18,Banana,Fruits,5.5,76.0,30.21
2023-04-18,Barley,Grains,14.85,27.3,19.55
2023-04-18,Bell Pepper,Vegetables,19.1,28.64,23.87
2023-04-18,Cabbage,Vegetables,9.46,14.19,11.82
2023-04-18,Cantaloupe,Fruits,2.0,250.0,21.15
2023-04-18,Carrot,Vegetables,2.0,240.8,25.63
2023-04-18,Apple,Fruits,8.0,200.0,80.04
2023-04-18,Corn,Grains,15.86,23.78,19.82
2023-04-18,Cucumber,Vegetables,12.12,18.18,15.15
2023-04-18,Cumin,Herbs & Spices,24.24,420.0,339.22
2023-04-18,Eggplant,Vegetables,15.46,23.2,19.33
2023-04-18,Garlic,Vegetables,3.0,600.8,50.15
2023-04-18,Ginger,Herbs & Spices,5.2,540.8,68.57
2023-04-18,Grapes,Fruits,35.3,52.95,44.13
2023-04-18,Coriander Leaves,Herbs & Spices,14.83,22.24,18.53
2023-04-19,Guava,Fruits,5.0,90.0,39.77
2023-04-19,Lemon,Fruits,14.0,160.0,66.09
2023-04-19,Mango,Fruits,5.0,300.0,48.96
2023-04-19,Mint,Herbs & Spices,9.83,14.74,12.29
2023-04-19,Okra,Vegetables,4.8,135.8,30.5
2023-04-19,Onion,Vegetables,10.33,15.5,12.91
2023-04-19,Orange,Fruits,15.0,130.0,55.18
2023-04-19,Rice,Grains,10.0,85.0,30.28
2023-04-19,Pomegranate,Fruits,4.0,160.0,69.78
2023-04-19,Potato,Vegetables,9.17,13.75,11.46
2023-04-19,Tomato,Vegetables,10.82,16.23,13.53
2023-04-19,Turmeric,Herbs & Spices,10.0,120.0,56.38
2023-04-19,Watermelon,Fruits,2.0,48.5,12.1
2023-04-19,Wheat,Grains,2.12,58.06,22.0
2023-04-19,Green Onion,Vegetables,9.48,14.22,11.85
2023-04-19,Peach,Fruits,15.0,25.0,22.35
2023-04-19,Green Hot Pepper,Vegetables,2.0,270.8,32.88
2023-04-19,Bell Pepper,Vegetables,18.34,27.51,22.93
2023-04-19,Grapes,Fruits,35.53,53.29,44.41
2023-04-19,Apple,Fruits,12.5,220.0,83.79
2023-04-19,Banana,Fruits,4.4,76.0,30.36
2023-04-19,Barley,Grains,14.0,27.1,19.6
2023-04-19,Black pepper,Herbs & Spices,250.0,560.0,459.35
2023-04-19,Cabbage,Vegetables,9.43,14.14,11.78
2023-04-19,Cantaloupe,Fruits,3.0,300.0,21.39
2023-04-19,Carrot,Vegetables,2.0,270.8,24.9
2023-04-19,Green Beans,Vegetables,9.0,140.8,46.89
2023-04-19,Corn,Grains,15.79,23.68,19.73
2023-04-19,Cucumber,Vegetables,2.0,100.8,14.91
2023-04-19,Cumin,Herbs & Spices,81.01,425.0,331.21
2023-04-19,Eggplant,Vegetables,15.27,22.91,19.09
2023-04-19,Garlic,Vegetables,2.4,540.8,51.37
2023-04-19,Ginger,Herbs & Spices,5.3,585.8,67.14
2023-04-19,Coriander Leaves,Herbs & Spices,14.22,21.33,17.77
2023-04-20,Green Onion,Vegetables,8.78,13.17,10.97
2023-04-20,Guava,Fruits,5.0,90.0,40.12
2023-04-20,Lemon,Fruits,12.3,170.0,67.42
2023-04-20,Mango,Fruits,5.0,320.0,51.13
2023-04-20,Mint,Herbs & Spices,31.28,46.92,39.1
2023-04-20,Okra,Vegetables,5.0,130.0,30.57
2023-04-20,Onion,Vegetables,10.44,15.66,13.05
2023-04-20,Potato,Vegetables,9.07,13.6,11.33
2023-04-20,Peach,Fruits,20.0,30.0,25.0
2023-04-20,Pomegranate,Fruits,3.0,160.0,69.63
2023-04-20,Rice,Grains,10.0,110.0,30.76
2023-04-20,Tomato,Vegetables,10.63,15.95,13.29
2023-04-20,Turmeric,Herbs & Spices,16.0,120.0,60.82
2023-04-20,Green Hot Pepper,Vegetables,3.5,700.0,33.72
2023-04-20,Wheat,Grains,2.1,54.0,21.92
2023-04-20,Orange,Fruits,10.0,130.0,52.45
2023-04-20,Watermelon,Fruits,3.0,50.0,12.07
2023-04-20,Green Beans,Vegetables,9.0,105.8,46.66
2023-04-20,Ginger,Herbs & Spices,2.0,585.8,67.86
2023-04-20,Grapes,Fruits,34.77,52.16,43.47
2023-04-20,Apple,Fruits,9.0,200.0,83.66
2023-04-20,Banana,Fruits,4.0,120.0,31.12
2023-04-20,Barley,Grains,14.0,27.0,19.97
2023-04-20,Black pepper,Herbs & Spices,147.0,568.0,443.94
2023-04-20,Cabbage,Vegetables,9.44,14.16,11.8
2023-04-20,Cantaloupe,Fruits,2.2,300.0,21.23
2023-04-20,Bell Pepper,Vegetables,18.14,27.21,22.68
2023-04-20,Coriander Leaves,Herbs & Spices,18.54,27.81,23.17
2023-04-20,Corn,Grains,16.18,24.27,20.23
2023-04-20,Cucumber,Vegetables,2.0,90.8,14.72
2023-04-20,Cumin,Herbs & Spices,43.21,445.0,338.16
2023-04-20,Eggplant,Vegetables,15.24,22.86,19.05
2023-04-20,Garlic,Vegetables,2.0,540.8,53.02
2023-04-20,Carrot,Vegetables,2.0,240.8,24.5
2023-04-21,Orange,Fruits,5.0,120.0,50.85
2023-04-21,Lemon,Fruits,15.0,160.0,67.04
2023-04-21,Mango,Fruits,7.25,340.0,49.93
2023-04-21,Wheat,Grains,2.0,58.12,21.98
2023-04-21,Okra,Vegetables,5.0,171.0,28.99
2023-04-21,Onion,Vegetables,9.94,14.91,12.43
2023-04-21,Peach,Fruits,20.0,50.0,24.88
2023-04-21,Guava,Fruits,5.0,100.0,41.17
2023-04-21,Pomegranate,Fruits,3.0,160.0,69.29
2023-04-21,Potato,Vegetables,8.76,13.14,10.95
2023-04-21,Rice,Grains,10.0,85.0,30.16
2023-04-21,Tomato,Vegetables,10.13,15.19,12.66
2023-04-21,Turmeric,Herbs & Spices,17.0,122.0,59.45
2023-04-21,Watermelon,Fruits,2.0,90.0,12.02
2023-04-21,Pear,Fruits,75.0,85.0,80.0
2023-04-21,Green Hot Pepper,Vegetables,3.0,180.0,30.49
2023-04-21,Mint,Herbs & Spices,9.17,13.76,11.47
2023-04-21,Grapes,Fruits,33.71,50.56,42.13
2023-04-21,Green Beans,Vegetables,9.0,85.0,45.71
2023-04-21,Apple,Fruits,8.0,240.0,82.5
2023-04-21,Banana,Fruits,5.5,76.0,30.28
2023-04-21,Barley,Grains,15.0,26.75,19.8
2023-04-21,Bell Pepper,Vegetables,16.11,24.16,20.13
2023-04-21,Black pepper,Herbs & Spices,250.0,500.0,445.31
2023-04-21,Cabbage,Vegetables,9.39,14.08,11.74
2023-04-21,Cantaloupe,Fruits,3.0,300.0,20.43
2023-04-21,Green Onion,Vegetables,8.33,12.49,10.41
2023-04-21,Coriander Leaves,Herbs & Spices,13.03,19.54,16.28
2023-04-21,Corn,Grains,6.01,36.0,19.8
2023-04-21,Cucumber,Vegetables,2.0,80.0,14.17
2023-04-21,Cumin,Herbs & Spices,90.0,425.0,347.06
2023-04-21,Eggplant,Vegetables,2.0,123.0,17.91
2023-04-21,Garlic,Vegetables,3.0,163.01,47.48
2023-04-21,Ginger,Herbs & Spices,5.1,180.0,62.88
2023-04-21,Carrot,Vegetables,2.0,90.0,22.22
2023-04-22,Guava,Fruits,12.0,80.0,40.07
2023-04-22,Lemon,Fruits,14.0,160.0,66.16
2023-04-22,Mint,Herbs & Spices,16.56,24.84,20.7
2023-04-22,Okra,Vegetables,2.0,82.0,27.29
2023-04-22,Onion,Vegetables,10.37,15.55,12.96
2023-04-22,Orange,Fruits,10.0,120.0,47.85
2023-04-22,Peach,Fruits,20.0,30.0,23.75
2023-04-22,Tomato,Vegetables,2.0,80.0,12.45
2023-04-22,Potato,Vegetables,8.64,12.96,10.8
2023-04-22,Rice,Grains,10.0,81.0,29.49
2023-04-22,Green Onion,Vegetables,8.05,12.08,10.06
2023-04-22,Turmeric,Herbs & Spices,48.0,120.0,71.56
2023-04-22,Watermelon,Fruits,2.0,40.0,10.78
2023-04-22,Wheat,Grains,16.5,54.0,21.55
2023-04-22,Pomegranate,Fruits,15.0,150.0,68.91
2023-04-22,Green Hot Pepper,Vegetables,4.0,150.0,30.93
2023-04-22,Mango,Fruits,4.0,320.0,47.71
2023-04-22,Grapes,Fruits,3.8,210.0,42.59
2023-04-22,Green Beans,Vegetables,8.0,85.0,44.98
2023-04-22,Banana,Fruits,4.4,90.0,29.16
2023-04-22,Barley,Grains,14.68,29.8,19.76
2023-04-22,Bell Pepper,Vegetables,15.55,23.32,19.43
2023-04-22,Black pepper,Herbs & Spices,300.0,500.0,455.64
2023-04-22,Cabbage,Vegetables,9.05,13.57,11.31
2023-04-22,Cantaloupe,Fruits,2.0,270.0,18.94
2023-04-22,Carrot,Vegetables,2.0,80.0,22.52
2023-04-22,Apple,Fruits,20.0,220.0,82.3
2023-04-22,Corn,Grains,12.12,36.0,20.53
2023-04-22,Cucumber,Vegetables,11.44,17.17,14.3
2023-04-22,Cumin,Herbs & Spices,225.0,420.0,359.72
2023-04-22,Eggplant,Vegetables,2.0,63.0,17.64
2023-04-22,Garlic,Vegetables,3.0,165.0,45.0
2023-04-22,Ginger,Herbs & Spices,10.0,180.0,64.42
2023-04-22,Coriander Leaves,Herbs & Spices,10.72,16.08,13.4
2023-04-23,Guava,Fruits,8.0,55.0,25.65
2023-04-23,Lemon,Fruits,13.0,145.0,61.66
2023-04-23,Mango,Fruits,4.0,150.0,38.35
2023-04-23,Mint,Herbs & Spices,11.16,16.74,13.95
2023-04-23,Okra,Vegetables,5.0,82.0,26.22
2023-04-23,Onion,Vegetables,10.25,15.38,12.82
2023-04-23,Orange,Fruits,8.0,115.0,47.27
2023-04-23,Potato,Vegetables,2.0,55.0,10.89
2023-04-23,Pear,Fruits,70.0,85.0,78.0
2023-04-23,Pomegranate,Fruits,10.0,150.0,65.29
2023-04-23,Rice,Grains,10.0,81.0,30.55
2023-04-23,Tomato,Vegetables,10.24,15.35,12.8
2023-04-23,Turmeric,Herbs & Spices,40.59,96.0,64.38
2023-04-23,Watermelon,Fruits,2.0,40.0,11.32
2023-04-23,Green Onion,Vegetables,13.2,19.79,16.5
2023-04-23,Peach,Fruits,20.0,30.0,22.5
2023-04-23,Green Hot Pepper,Vegetables,2.5,150.0,31.59
2023-04-23,Wheat,Grains,14.01,42.0,21.43
2023-04-23,Grapes,Fruits,7.0,180.0,41.49
2023-04-23,Apple,Fruits,13.5,220.0,81.48
2023-04-23,Banana,Fruits,4.4,73.15,28.86
2023-04-23,Barley,Grains,15.5,25.6,19.56
2023-04-23,Bell Pepper,Vegetables,4.0,82.0,22.92
2023-04-23,Black pepper,Herbs & Spices,418.0,490.0,463.0
2023-04-23,Cabbage,Vegetables,2.0,50.0,11.25
2023-04-23,Cantaloupe,Fruits,4.5,30.0,15.59
2023-04-23,Green Beans,Vegetables,9.0,85.0,44.73
2023-04-23,Coriander Leaves,Herbs & Spices,12.61,18.92,15.77
2023-04-23,Corn,Grains,11.0,42.52,19.83
2023-04-23,Cucumber,Vegetables,2.0,60.0,14.89
2023-04-23,Cumin,Herbs & Spices,372.0,401.4,386.7
2023-04-23,Eggplant,Vegetables,14.45,21.68,18.07
2023-04-23,Garlic,Vegetables,3.0,165.0,46.42
2023-04-23,Ginger,Herbs & Spices,10.0,145.0,61.06
2023-04-23,Carrot,Vegetables,5.0,80.0,23.38
2023-04-24,Guava,Fruits,5.0,90.0,42.94
2023-04-24,Lemon,Fruits,18.1,160.0,67.23
2023-04-24,Mango,Fruits,4.0,300.0,45.64
2023-04-24,Mint,Herbs & Spices,32.59,48.89,40.74
2023-04-24,Okra,Vegetables,5.0,135.8,28.06
2023-04-24,Onion,Vegetables,10.24,15.36,12.8
2023-04-24,Orange,Fruits,4.0,120.0,51.97
2023-04-24,Potato,Vegetables,9.29,13.93,11.61
2023-04-24,Pear,Fruits,75.0,85.0,80.0
2023-04-24,Pomegranate,Fruits,4.0,160.0,68.51
2023-04-24,Rice,Grains,10.0,85.0,30.71
2023-04-24,Tomato,Vegetables,10.67,16.01,13.34
2023-04-24,Turmeric,Herbs & Spices,27.01,116.0,54.54
2023-04-24,Watermelon,Fruits,2.0,40.0,11.12
2023-04-24,Green Onion,Vegetables,11.08,16.62,13.85
2023-04-24,Peach,Fruits,15.0,30.0,21.75
2023-04-24,Green Hot Pepper,Vegetables,4.0,400.0,32.19
2023-04-24,Wheat,Grains,2.14,82.5,21.99
2023-04-24,Grapes,Fruits,35.41,53.11,44.26
2023-04-24,Green Beans,Vegetables,10.0,85.0,41.99
2023-04-24,Apple,Fruits,7.0,240.0,83.65
2023-04-24,Banana,Fruits,4.4,138.6,30.71
2023-04-24,Barley,Grains,14.0,25.4,19.54
2023-04-24,Bell Pepper,Vegetables,19.31,28.96,24.14
2023-04-24,Cabbage,Vegetables,9.84,14.77,12.31
2023-04-24,Cantaloupe,Fruits,4.0,45.0,18.06
2023-04-24,Black pepper,Herbs & Spices,250.0,560.0,460.17
2023-04-24,Coriander Leaves,Herbs & Spices,17.02,25.53,21.28
2023-04-24,Carrot,Vegetables,2.0,240.8,27.5
2023-04-24,Garlic,Vegetables,3.0,420.8,50.58
2023-04-24,Eggplant,Vegetables,15.2,22.81,19.01
2023-04-24,Ginger,Herbs & Spices,6.0,455.8,70.11
2023-04-24,Cucumber,Vegetables,2.0,100.8,15.36
2023-04-24,Corn,Grains,15.48,23.22,19.35
2023-04-24,Cumin,Herbs & Spices,35.69,420.0,337.46
2023-04-25,Guava,Fruits,5.0,90.0,39.07
2023-04-25,Lemon,Fruits,14.5,160.0,63.9
2023-04-25,Mint,Herbs & Spices,7.94,11.91,9.92
2023-04-25,Okra,Vegetables,5.0,136.0,27.66
2023-04-25,Onion,Vegetables,10.11,15.16,12.63
2023-04-25,Orange,Fruits,10.0,120.0,50.9
2023-04-25,Peach,Fruits,16.0,30.0,23.29
2023-04-25,Pomegranate,Fruits,4.0,160.0,69.0
2023-04-25,Green Onion,Vegetables,10.0,15.0,12.5
2023-04-25,Rice,Grains,10.0,68.0,30.28
2023-04-25,Tomato,Vegetables,10.46,15.69,13.08
2023-04-25,Turmeric,Herbs & Spices,29.69,160.0,56.7
2023-04-25,Watermelon,Fruits,2.0,60.0,11.24
2023-04-25,Wheat,Grains,2.07,57.2,21.89
2023-04-25,Pear,Fruits,75.0,85.0,80.0
2023-04-25,Potato,Vegetables,9.29,13.93,11.61
2023-04-25,Mango,Fruits,5.0,350.0,46.04
2023-04-25,Grapes,Fruits,35.38,53.06,44.22
2023-04-25,Green Beans,Vegetables,8.0,140.8,42.46
2023-04-25,Apple,Fruits,15.0,200.0,84.9
2023-04-25,Banana,Fruits,5.01,75.0,29.85
2023-04-25,Barley,Grains,13.8,26.0,19.23
2023-04-25,Bell Pepper,Vegetables,17.08,25.62,21.35
2023-04-25,Black pepper,Herbs & Spices,250.0,580.0,456.99
2023-04-25,Cabbage,Vegetables,9.99,14.98,12.48
2023-04-25,Cantaloupe,Fruits,15.26,22.9,19.08
2023-04-25,Green Hot Pepper,Vegetables,4.0,270.8,30.69
2023-04-25,Coriander Leaves,Herbs & Spices,16.83,25.24,21.03
2023-04-25,Corn,Grains,15.49,23.24,19.37
2023-04-25,Cucumber,Vegetables,2.0,80.8,14.79
2023-04-25,Cumin,Herbs & Spices,36.09,440.0,332.23
2023-04-25,Eggplant,Vegetables,14.72,22.08,18.4
2023-04-25,Garlic,Vegetables,2.5,360.8,49.92
2023-04-25,Ginger,Herbs & Spices,5.1,520.8,68.11
2023-04-25,Carrot,Vegetables,2.0,240.8,26.79
2023-04-26,Guava,Fruits,10.0,90.0,38.39
2023-04-26,Lemon,Fruits,12.3,160.0,64.86
2023-04-26,Mango,Fruits,3.0,350.0,45.39
2023-04-26,Mint,Herbs & Spices,28.97,43.46,36.22
2023-04-26,Okra,Vegetables,4.0,120.0,27.96
2023-04-26,Onion,Vegetables,10.27,15.41,12.84
2023-04-26,Orange,Fruits,18.0,130.0,52.65
2023-04-26,Potato,Vegetables,9.33,13.99,11.66
2023-04-26,Pear,Fruits,75.0,85.0,80.0
2023-04-26,Pomegranate,Fruits,4.0,170.0,69.6
2023-04-26,Rice,Grains,10.0,104.0,30.71
2023-04-26,Tomato,Vegetables,10.23,15.34,12.78
2023-04-26,Turmeric,Herbs & Spices,27.0,120.0,53.53
2023-04-26,Watermelon,Fruits,8.71,13.06,10.88
2023-04-26,Green Onion,Vegetables,9.65,14.48,12.07
2023-04-26,Peach,Fruits,15.0,30.0,22.27
2023-04-26,Wheat,Grains,17.53,26.29,21.91
2023-04-26,Green Hot Pepper,Vegetables,4.0,400.0,31.72
2023-04-26,Grapes,Fruits,3.75,200.0,45.02
2023-04-26,Apple,Fruits,20.0,220.0,83.65
2023-04-26,Banana,Fruits,4.4,120.0,29.33
2023-04-26,Barley,Grains,13.0,25.3,19.37
2023-04-26,Bell Pepper,Vegetables,18.07,27.11,22.59
2023-04-26,Black pepper,Herbs & Spices,250.0,540.0,448.12
2023-04-26,Cabbage,Vegetables,9.99,14.98,12.48
2023-04-26,Cantaloupe,Fruits,15.29,22.93,19.11
2023-04-26,Green Beans,Vegetables,9.0,180.8,43.42
2023-04-26,Coriander Leaves,Herbs & Spices,16.87,25.31,21.09
2023-04-26,Corn,Grains,15.3,22.95,19.13
2023-04-26,Cucumber,Vegetables,2.0,100.8,15.5
2023-04-26,Cumin,Herbs & Spices,69.0,415.0,327.4
2023-04-26,Eggplant,Vegetables,2.0,203.0,18.35
2023-04-26,Garlic,Vegetables,2.0,540.8,52.14
2023-04-26,Ginger,Herbs & Spices,5.2,585.8,69.44
2023-04-26,Carrot,Vegetables,2.0,270.8,26.61
2023-04-27,Guava,Fruits,6.0,85.0,32.09
2023-04-27,Lemon,Fruits,5.0,160.0,61.7
2023-04-27,Mint,Herbs & Spices,8.63,12.94,10.78
2023-04-27,Okra,Vegetables,5.0,80.0,28.04
2023-04-27,Onion,Vegetables,10.21,15.31,12.76
2023-04-27,Orange,Fruits,10.0,120.0,51.51
2023-04-27,Peach,Fruits,15.0,35.0,22.82
2023-04-27,Rice,Grains,10.0,110.0,30.68
2023-04-27,Pomegranate,Fruits,4.0,150.0,68.87
2023-04-27,Potato,Vegetables,9.28,13.92,11.6
2023-04-27,Green Onion,Vegetables,9.64,14.46,12.05
2023-04-27,Tomato,Vegetables,9.82,14.73,12.28
2023-04-27,Turmeric,Herbs & Spices,16.0,120.0,54.44
2023-04-27,Watermelon,Fruits,2.0,40.0,11.35
2023-04-27,Wheat,Grains,2.1,58.3,21.94
2023-04-27,Pear,Fruits,70.0,120.0,95.0
2023-04-27,Green Hot Pepper,Vegetables,4.0,200.0,29.74
2023-04-27,Mango,Fruits,5.0,340.0,45.82
2023-04-27,Grapes,Fruits,3.75,200.0,43.98
2023-04-27,Green Beans,Vegetables,7.0,80.0,43.65
2023-04-27,Banana,Fruits,4.4,125.0,30.71
2023-04-27,Barley,Grains,14.5,28.0,19.73
2023-04-27,Bell Pepper,Vegetables,15.73,23.6,19.66
2023-04-27,Black pepper,Herbs & Spices,250.0,528.99,453.32
2023-04-27,Cabbage,Vegetables,10.1,15.15,12.62
2023-04-27,Cantaloupe,Fruits,3.8,250.0,19.32
2023-04-27,Carrot,Vegetables,2.0,80.0,25.94
2023-04-27,Apple,Fruits,20.0,200.0,83.99
2023-04-27,Corn,Grains,15.37,23.06,19.21
2023-04-27,Cucumber,Vegetables,2.0,70.0,15.35
2023-04-27,Cumin,Herbs & Spices,24.24,420.1,326.56
2023-04-27,Eggplant,Vegetables,14.45,21.67,18.06
2023-04-27,Garlic,Vegetables,3.0,173.0,49.22
2023-04-27,Ginger,Herbs & Spices,5.1,180.0,66.99
2023-04-27,Coriander Leaves,Herbs & Spices,15.87,23.8,19.83
2023-04-28,Guava,Fruits,10.0,85.0,41.57
2023-04-28,Lemon,Fruits,6.0,160.0,61.81
2023-04-28,Mango,Fruits,5.0,320.0,44.91
2023-04-28,Mint,Herbs & Spices,11.15,16.73,13.94
2023-04-28,Okra,Vegetables,5.0,139.0,27.76
2023-04-28,Onion,Vegetables,10.6,15.9,13.25
2023-04-28,Orange,Fruits,15.0,120.0,50.07
2023-04-28,Potato,Vegetables,9.49,14.23,11.86
2023-04-28,Pear,Fruits,20.0,85.0,52.5
2023-04-28,Pomegranate,Fruits,4.0,1150.0,68.38
2023-04-28,Rice,Grains,10.0,81.5,29.95
2023-04-28,Tomato,Vegetables,10.15,15.23,12.69
2023-04-28,Turmeric,Herbs & Spices,22.5,120.0,53.63
2023-04-28,Watermelon,Fruits,2.5,50.0,11.05
2023-04-28,Green Onion,Vegetables,11.26,16.88,14.07
2023-04-28,Peach,Fruits,11.0,50.0,24.89
2023-04-28,Green Hot Pepper,Vegetables,4.0,270.8,30.54
2023-04-28,Wheat,Grains,14.0,56.9,21.89
2023-04-28,Grapes,Fruits,35.11,52.66,43.89
2023-04-28,Apple,Fruits,10.0,245.0,85.14
2023-04-28,Banana,Fruits,4.4,76.5,30.11
2023-04-28,Barley,Grains,14.0,25.4,19.6
2023-04-28,Bell Pepper,Vegetables,17.31,25.96,21.63
2023-04-28,Black pepper,Herbs & Spices,250.0,590.0,450.55
2023-04-28,Cabbage,Vegetables,10.36,15.53,12.95
2023-04-28,Cantaloupe,Fruits,4.0,350.0,20.54
2023-04-28,Green Beans,Vegetables,18.0,150.8,45.17
2023-04-28,Coriander Leaves,Herbs & Spices,16.75,25.13,20.94
2023-04-28,Corn,Grains,15.43,23.14,19.28
2023-04-28,Cucumber,Vegetables,2.0,90.8,15.53
2023-04-28,Cumin,Herbs & Spices,41.69,458.75,319.99
2023-04-28,Eggplant,Vegetables,14.35,21.52,17.93
2023-04-28,Garlic,Vegetables,3.0,480.8,53.03
2023-04-28,Ginger,Herbs & Spices,5.2,520.8,72.22
2023-04-28,Carrot,Vegetables,2.0,240.8,27.33
2023-04-29,Guava,Fruits,10.0,80.0,36.72
2023-04-29,Lemon,Fruits,14.2,160.0,59.89
2023-04-29,Mango,Fruits,5.5,300.0,45.52
2023-04-29,Mint,Herbs & Spices,9.07,13.61,11.34
2023-04-29,Okra,Vegetables,5.0,113.0,26.93
2023-04-29,Onion,Vegetables,10.22,15.33,12.78
2023-04-29,Orange,Fruits,14.0,110.0,51.43
2023-04-29,Rice,Grains,10.0,85.0,30.48
2023-04-29,Pomegranate,Fruits,4.0,160.0,67.13
2023-04-29,Potato,Vegetables,9.53,14.3,11.92
2023-04-29,Tomato,Vegetables,10.11,15.17,12.64
2023-04-29,Turmeric,Herbs & Spices,36.09,120.0,57.98
2023-04-29,Watermelon,Fruits,2.0,80.0,11.84
2023-04-29,Wheat,Grains,17.4,26.11,21.76
2023-04-29,Green Onion,Vegetables,12.74,19.11,15.92
2023-04-29,Peach,Fruits,10.0,50.0,23.39
2023-04-29,Green Hot Pepper,Vegetables,3.0,270.8,28.83
2023-04-29,Bell Pepper,Vegetables,18.01,27.02,22.52
2023-04-29,Grapes,Fruits,34.63,51.95,43.29
2023-04-29,Apple,Fruits,20.0,240.0,86.05
2023-04-29,Banana,Fruits,3.0,80.0,29.76
2023-04-29,Barley,Grains,14.5,25.25,19.4
2023-04-29,Black pepper,Herbs & Spices,250.0,570.0,455.24
2023-04-29,Cabbage,Vegetables,9.84,14.76,12.3
2023-04-29,Cantaloupe,Fruits,13.6,20.4,17.0
2023-04-29,Carrot,Vegetables,2.0,240.8,26.34
2023-04-29,Green Beans,Vegetables,8.0,140.8,44.99
2023-04-29,Corn,Grains,15.34,23.01,19.18
2023-04-29,Cucumber,Vegetables,2.0,100.8,15.92
2023-04-29,Cumin,Herbs & Spices,20.22,437.55,345.29
2023-04-29,Eggplant,Vegetables,2.0,225.8,17.53
2023-04-29,Garlic,Vegetables,3.0,495.8,50.94
2023-04-29,Ginger,Herbs & Spices,6.4,540.8,73.1
2023-04-29,Coriander Leaves,Herbs & Spices,15.96,23.93,19.95
2023-04-30,Guava,Fruits,10.0,57.0,29.3
2023-04-30,Lemon,Fruits,4.0,165.0,58.83
2023-04-30,Mango,Fruits,8.0,130.0,37.39
2023-04-30,Mint,Herbs & Spices,7.01,10.52,8.77
2023-04-30,Okra,Vegetables,4.0,77.0,25.65
2023-04-30,Onion,Vegetables,10.28,15.41,12.85
2023-04-30,Orange,Fruits,18.0,76.5,41.69
2023-04-30,Potato,Vegetables,2.0,45.0,11.79
2023-04-30,Pear,Fruits,75.0,85.0,80.0
2023-04-30,Pomegranate,Fruits,10.0,150.0,63.06
2023-04-30,Rice,Grains,10.0,83.0,30.44
2023-04-30,Tomato,Vegetables,9.78,14.67,12.22
2023-04-30,Turmeric,Herbs & Spices,95.45,96.6,96.0
2023-04-30,Green Onion,Vegetables,14.3,21.45,17.87
2023-04-30,Wheat,Grains,16.0,44.0,21.56
2023-04-30,Peach,Fruits,25.0,35.0,29.75
2023-04-30,Watermelon,Fruits,2.0,40.0,11.69
2023-04-30,Green Hot Pepper,Vegetables,4.0,130.0,30.9
2023-04-30,Grapes,Fruits,10.0,120.0,38.63
2023-04-30,Green Beans,Vegetables,9.0,87.0,43.48
2023-04-30,Banana,Fruits,2.0,74.0,29.01
2023-04-30,Barley,Grains,16.0,25.0,19.39
2023-04-30,Bell Pepper,Vegetables,3.0,100.0,23.27
2023-04-30,Black pepper,Herbs & Spices,455.0,465.0,460.0
2023-04-30,Cabbage,Vegetables,10.07,15.11,12.59
2023-04-30,Cantaloupe,Fruits,4.0,25.0,14.28
2023-04-30,Apple,Fruits,8.4,210.0,80.46
2023-04-30,Coriander Leaves,Herbs & Spices,15.21,22.82,19.02
2023-04-30,Corn,Grains,13.0,25.0,19.57
2023-04-30,Cucumber,Vegetables,2.0,60.0,16.01
2023-04-30,Cumin,Herbs & Spices,220.0,444.4,354.07
2023-04-30,Eggplant,Vegetables,2.0,70.0,17.85
2023-04-30,Garlic,Vegetables,4.0,170.0,48.24
2023-04-30,Ginger,Herbs & Spices,6.4,180.0,65.66
2023-04-30,Carrot,Vegetables,4.0,70.0,26.92
2023-05-01,Green Onion,Vegetables,12.46,18.69,15.57
2023-05-01,Guava,Fruits,10.0,100.0,43.52
2023-05-01,Lemon,Fruits,3.0,160.0,56.62
2023-05-01,Mango,Fruits,2.5,320.0,46.74
2023-05-01,Mint,Herbs & Spices,32.92,49.38,41.15
2023-05-01,Okra,Vegetables,5.0,100.0,26.13
2023-05-01,Onion,Vegetables,9.94,14.92,12.43
2023-05-01,Potato,Vegetables,9.04,13.55,11.29
2023-05-01,Peach,Fruits,10.0,60.0,25.94
2023-05-01,Pomegranate,Fruits,4.0,130.0,68.31
2023-05-01,Rice,Grains,10.0,60.0,29.36
2023-05-01,Tomato,Vegetables,10.14,15.21,12.68
2023-05-01,Turmeric,Herbs & Spices,13.0,96.6,55.5
2023-05-01,Watermelon,Fruits,2.0,90.0,11.36
2023-05-01,Green Hot Pepper,Vegetables,3.0,400.0,29.99
2023-05-01,Orange,Fruits,20.0,100.0,52.77
2023-05-01,Wheat,Grains,15.0,57.3,21.74
2023-05-01,Green Beans,Vegetables,19.5,80.0,42.93
2023-05-01,Ginger,Herbs & Spices,6.3,165.0,69.78
2023-05-01,Grapes,Fruits,3.9,250.0,46.52
2023-05-01,Apple,Fruits,7.0,250.0,86.75
2023-05-01,Banana,Fruits,4.0,154.0,30.03
2023-05-01,Barley,Grains,14.8,26.1,19.69
2023-05-01,Black pepper,Herbs & Spices,418.0,509.19,454.94
2023-05-01,Cabbage,Vegetables,9.89,14.84,12.37
2023-05-01,Cantaloupe,Fruits,15.42,23.13,19.27
2023-05-01,Bell Pepper,Vegetables,13.14,19.71,16.43
2023-05-01,Coriander Leaves,Herbs & Spices,18.76,28.14,23.45
2023-05-01,Corn,Grains,8.0,32.52,19.64
2023-05-01,Cucumber,Vegetables,2.0,80.0,15.39
2023-05-01,Cumin,Herbs & Spices,250.0,455.0,375.76
2023-05-01,Eggplant,Vegetables,2.0,140.0,17.55
2023-05-01,Garlic,Vegetables,4.0,155.0,45.99
2023-05-01,Carrot,Vegetables,2.0,80.0,27.6
2023-05-02,Orange,Fruits,7.5,125.0,50.39
2023-05-02,Lemon,Fruits,15.0,138.0,57.22
2023-05-02,Mango,Fruits,3.0,300.0,46.5
2023-05-02,Mint,Herbs & Spices,8.18,12.27,10.23
2023-05-02,Okra,Vegetables,5.0,135.0,25.94
2023-05-02,Onion,Vegetables,10.31,15.46,12.89
2023-05-02,Peach,Fruits,10.0,60.0,25.04
2023-05-02,Wheat,Grains,14.0,62.1,22.06
2023-05-02,Pomegranate,Fruits,2.0,150.0,68.21
2023-05-02,Potato,Vegetables,9.54,14.31,11.92
2023-05-02,Rice,Grains,10.0,117.32,31.2
2023-05-02,Tomato,Vegetables,10.34,15.52,12.93
2023-05-02,Turmeric,Herbs & Spices,12.0,115.0,54.74
2023-05-02,Watermelon,Fruits,2.0,40.0,10.16
2023-05-02,Guava,Fruits,5.0,100.0,36.69
2023-05-02,Pear,Fruits,75.0,85.0,80.0
2023-05-02,Green Onion,Vegetables,11.25,16.87,14.06
2023-05-02,Green Hot Pepper,Vegetables,3.0,240.8,30.85
2023-05-02,Green Beans,Vegetables,9.0,105.8,41.54
2023-05-02,Banana,Fruits,4.0,154.0,28.66
2023-05-02,Barley,Grains,13.85,55.0,19.71
2023-05-02,Bell Pepper,Vegetables,16.0,24.0,20.0
2023-05-02,Black pepper,Herbs & Spices,350.0,580.0,461.53
2023-05-02,Cabbage,Vegetables,10.49,15.74,13.12
2023-05-02,Cantaloupe,Fruits,14.53,21.79,18.16
2023-05-02,Carrot,Vegetables,2.0,270.8,29.71
2023-05-02,Apple,Fruits,3.33,220.0,85.08
2023-05-02,Corn,Grains,15.1,22.64,18.87
2023-05-02,Cucumber,Vegetables,2.0,100.8,15.3
2023-05-02,Cumin,Herbs & Spices,31.89,450.25,350.08
2023-05-02,Eggplant,Vegetables,14.67,22.0,18.33
2023-05-02,Garlic,Vegetables,2.0,550.8,52.04
2023-05-02,Ginger,Herbs & Spices,6.3,480.8,73.81
2023-05-02,Grapes,Fruits,35.43,53.15,44.29
2023-05-02,Coriander Leaves,Herbs & Spices,16.26,24.39,20.33
2023-05-03,Guava,Fruits,5.0,100.0,42.08
2023-05-03,Lemon,Fruits,14.2,170.0,57.98
2023-05-03,Mango,Fruits,5.0,300.0,44.79
2023-05-03,Mint,Herbs & Spices,8.15,12.23,10.19
2023-05-03,Okra,Vegetables,3.0,126.8,26.36
2023-05-03,Onion,Vegetables,10.65,15.97,13.31
2023-05-03,Orange,Fruits,15.0,125.0,51.4
2023-05-03,Potato,Vegetables,9.59,14.38,11.99
2023-05-03,Pear,Fruits,75.0,85.0,80.0
2023-05-03,Pomegranate,Fruits,4.0,150.0,67.01
2023-05-03,Rice,Grains,10.0,104.07,31.05
2023-05-03,Tomato,Vegetables,10.44,15.66,13.05
2023-05-03,Turmeric,Herbs & Spices,21.01,120.0,55.62
2023-05-03,Watermelon,Fruits,2.0,60.0,10.98
2023-05-03,Green Onion,Vegetables,10.51,15.77,13.14
2023-05-03,Peach,Fruits,10.0,50.0,25.32
2023-05-03,Green Hot Pepper,Vegetables,2.0,275.8,30.51
2023-05-03,Wheat,Grains,15.0,71.0,22.06
2023-05-03,Grapes,Fruits,35.73,53.6,44.66
2023-05-03,Apple,Fruits,20.0,205.0,85.66
2023-05-03,Banana,Fruits,4.4,139.5,29.29
2023-05-03,Barley,Grains,14.0,25.5,19.15
2023-05-03,Bell Pepper,Vegetables,16.77,25.15,20.96
2023-05-03,Black pepper,Herbs & Spices,300.0,538.89,456.67
2023-05-03,Cabbage,Vegetables,10.53,15.79,13.16
2023-05-03,Cantaloupe,Fruits,12.75,19.12,15.93
2023-05-03,Green Beans,Vegetables,9.0,210.8,43.86
2023-05-03,Coriander Leaves,Herbs & Spices,16.64,24.96,20.8
2023-05-03,Corn,Grains,14.94,22.42,18.68
2023-05-03,Cucumber,Vegetables,12.79,19.19,15.99
2023-05-03,Cumin,Herbs & Spices,61.61,455.2,363.78
2023-05-03,Eggplant,Vegetables,14.72,22.08,18.4
2023-05-03,Garlic,Vegetables,3.0,495.8,53.46
2023-05-03,Ginger,Herbs & Spices,7.0,788.0,76.36
2023-05-03,Carrot,Vegetables,2.0,270.8,29.6
2023-05-04,Guava,Fruits,10.0,100.0,49.39
2023-05-04,Lemon,Fruits,47.31,70.97,59.14
2023-05-04,Mango,Fruits,5.0,300.0,45.27
2023-05-04,Mint,Herbs & Spices,6.38,9.56,7.97
2023-05-04,Okra,Vegetables,3.5,131.0,26.9
2023-05-04,Onion,Vegetables,10.37,15.55,12.96
2023-05-04,Orange,Fruits,17.0,100.0,51.07
2023-05-04,Potato,Vegetables,9.71,14.56,12.13
2023-05-04,Pear,Fruits,75.0,126.0,103.0
2023-05-04,Pomegranate,Fruits,4.0,140.0,68.62
2023-05-04,Rice,Grains,10.0,85.0,31.38
2023-05-04,Tomato,Vegetables,10.24,15.36,12.8
2023-05-04,Turmeric,Herbs & Spices,18.0,128.0,56.14
2023-05-04,Watermelon,Fruits,2.0,45.0,11.21
2023-05-04,Green Onion,Vegetables,11.75,17.62,14.68
2023-05-04,Peach,Fruits,10.0,50.0,25.93
2023-05-04,Green Hot Pepper,Vegetables,3.0,162.0,30.32
2023-05-04,Wheat,Grains,12.5,54.69,22.04
2023-05-04,Grapes,Fruits,3.91,250.0,45.74
2023-05-04,Apple,Fruits,13.5,220.0,88.43
2023-05-04,Banana,Fruits,5.0,169.4,29.75
2023-05-04,Barley,Grains,11.5,25.15,19.22
2023-05-04,Bell Pepper,Vegetables,15.49,23.23,19.36
2023-05-04,Black pepper,Herbs & Spices,300.0,500.0,458.39
2023-05-04,Cabbage,Vegetables,10.0,14.99,12.49
2023-05-04,Cantaloupe,Fruits,3.0,220.0,17.83
2023-05-04,Green Beans,Vegetables,10.0,77.0,41.18
2023-05-04,Coriander Leaves,Herbs & Spices,16.3,24.44,20.37
2023-05-04,Corn,Grains,15.04,22.56,18.8
2023-05-04,Cucumber,Vegetables,12.59,18.88,15.74
2023-05-04,Cumin,Herbs & Spices,18.69,550.0,365.4
2023-05-04,Eggplant,Vegetables,14.93,22.39,18.66
2023-05-04,Garlic,Vegetables,4.0,155.0,51.99
2023-05-04,Ginger,Herbs & Spices,5.2,200.0,76.58
2023-05-04,Carrot,Vegetables,2.0,100.0,28.47
2023-05-05,Guava,Fruits,10.0,95.0,36.05
2023-05-05,Lemon,Fruits,16.1,170.0,57.84
2023-05-05,Mango,Fruits,4.0,300.0,46.75
2023-05-05,Mint,Herbs & Spices,10.56,15.84,13.2
2023-05-05,Okra,Vegetables,4.0,126.8,26.58
2023-05-05,Onion,Vegetables,10.7,16.05,13.37
2023-05-05,Orange,Fruits,18.0,100.0,46.59
2023-05-05,Potato,Vegetables,10.25,15.37,12.81
2023-05-05,Pear,Fruits,75.0,85.0,80.0
2023-05-05,Pomegranate,Fruits,4.0,180.0,67.56
2023-05-05,Rice,Grains,17.0,109.0,30.5
2023-05-05,Tomato,Vegetables,10.59,15.89,13.24
2023-05-05,Turmeric,Herbs & Spices,33.11,122.0,61.37
2023-05-05,Watermelon,Fruits,2.0,48.0,10.46
2023-05-05,Green Onion,Vegetables,11.55,17.32,14.43
2023-05-05,Peach,Fruits,10.0,38.4,23.49
2023-05-05,Wheat,Grains,15.0,52.0,21.89
2023-05-05,Green Beans,Vegetables,9.0,105.8,44.53
2023-05-05,Grapes,Fruits,4.31,250.0,45.53
2023-05-05,Green Hot Pepper,Vegetables,4.0,248.0,30.65
2023-05-05,Apple,Fruits,10.0,250.0,88.22
2023-05-05,Banana,Fruits,4.4,500.0,30.7
2023-05-05,Barley,Grains,14.2,25.5,19.34
2023-05-05,Bell Pepper,Vegetables,16.5,24.76,20.63
2023-05-05,Cabbage,Vegetables,11.95,17.93,14.94
2023-05-05,Cantaloupe,Fruits,14.07,21.1,17.58
2023-05-05,Black pepper,Herbs & Spices,300.0,580.0,464.32
2023-05-05,Coriander Leaves,Herbs & Spices,13.98,20.98,17.48
2023-05-05,Corn,Grains,15.51,23.27,19.39
2023-05-05,Cucumber,Vegetables,12.22,18.33,15.27
2023-05-05,Cumin,Herbs & Spices,220.0,550.0,382.48
2023-05-05,Eggplant,Vegetables,15.17,22.76,18.97
2023-05-05,Garlic,Vegetables,5.0,385.8,52.82
2023-05-05,Ginger,Herbs & Spices,6.4,787.8,80.16
2023-05-05,Carrot,Vegetables,27.84,41.77,34.8
2023-05-06,Orange,Fruits,19.5,95.0,51.43
2023-05-06,Lemon,Fruits,11.6,145.0,56.74
2023-05-06,Mango,Fruits,4.0,300.0,42.86
2023-05-06,Mint,Herbs & Spices,12.04,18.07,15.06
2023-05-06,Okra,Vegetables,5.0,175.8,26.97
2023-05-06,Onion,Vegetables,10.62,15.93,13.28
2023-05-06,Peach,Fruits,9.0,50.0,27.43
2023-05-06,Guava,Fruits,5.0,100.0,43.86
2023-05-06,Potato,Vegetables,2.0,150.8,12.12
2023-05-06,Rice,Grains,10.0,70.0,30.3
2023-05-06,Tomato,Vegetables,9.94,14.92,12.43
2023-05-06,Turmeric,Herbs & Spices,18.0,132.0,56.97
2023-05-06,Watermelon,Fruits,2.0,40.0,10.58
2023-05-06,Wheat,Grains,14.01,59.28,22.09
2023-05-06,Pomegranate,Fruits,3.0,150.0,68.41
2023-05-06,Green Hot Pepper,Vegetables,4.0,300.8,30.35
2023-05-06,Green Onion,Vegetables,12.97,19.45,16.21
2023-05-06,Grapes,Fruits,34.81,52.22,43.51
2023-05-06,Banana,Fruits,4.4,154.0,29.12
2023-05-06,Barley,Grains,15.24,28.99,19.47
2023-05-06,Bell Pepper,Vegetables,17.38,26.07,21.72
2023-05-06,Black pepper,Herbs & Spices,300.0,500.0,454.18
2023-05-06,Cabbage,Vegetables,2.0,150.8,12.93
2023-05-06,Cantaloupe,Fruits,13.81,20.72,17.27
2023-05-06,Carrot,Vegetables,3.0,325.8,30.59
2023-05-06,Apple,Fruits,6.0,205.0,85.4
2023-05-06,Corn,Grains,15.1,22.66,18.88
2023-05-06,Cucumber,Vegetables,12.17,18.26,15.21
2023-05-06,Cumin,Herbs & Spices,99.69,550.0,392.6
2023-05-06,Eggplant,Vegetables,14.7,22.05,18.37
2023-05-06,Garlic,Vegetables,40.08,60.12,50.1
2023-05-06,Ginger,Herbs & Spices,6.4,880.8,80.98
2023-05-06,Green Beans,Vegetables,9.0,188.0,44.51
2023-05-06,Coriander Leaves,Herbs & Spices,16.88,25.32,21.1
2023-05-07,Lemon,Fruits,7.0,170.0,53.65
2023-05-07,Mango,Fruits,6.0,100.0,35.49
2023-05-07,Mint,Herbs & Spices,10.21,15.31,12.76
2023-05-07,Okra,Vegetables,3.5,70.0,24.24
2023-05-07,Onion,Vegetables,10.17,15.26,12.71
2023-05-07,Orange,Fruits,18.0,90.0,45.69
2023-05-07,Peach,Fruits,19.0,30.0,24.28
2023-05-07,Rice,Grains,10.0,78.0,29.6
2023-05-07,Pomegranate,Fruits,10.0,150.0,62.95
2023-05-07,Potato,Vegetables,2.0,45.0,11.98
2023-05-07,Tomato,Vegetables,9.68,14.52,12.1
2023-05-07,Turmeric,Herbs & Spices,95.7,96.8,96.25
2023-05-07,Watermelon,Fruits,2.0,40.0,10.14
2023-05-07,Wheat,Grains,17.0,250.0,21.44
2023-05-07,Guava,Fruits,15.0,85.0,36.0
2023-05-07,Pear,Fruits,75.0,85.0,80.0
2023-05-07,Green Onion,Vegetables,12.11,18.17,15.14
2023-05-07,Green Hot Pepper,Vegetables,5.0,120.0,28.47
2023-05-07,Green Beans,Vegetables,9.0,80.0,38.47
2023-05-07,Banana,Fruits,4.4,65.0,25.87
2023-05-07,Barley,Grains,15.91,24.6,19.49
2023-05-07,Bell Pepper,Vegetables,3.0,60.0,23.27
2023-05-07,Black pepper,Herbs & Spices,418.0,485.0,460.0
2023-05-07,Cabbage,Vegetables,2.0,45.0,12.15
2023-05-07,Cantaloupe,Fruits,4.0,200.0,17.07
2023-05-07,Carrot,Vegetables,5.0,80.0,26.11
2023-05-07,Apple,Fruits,8.3,220.0,85.33
2023-05-07,Corn,Grains,13.0,25.0,19.03
2023-05-07,Cucumber,Vegetables,2.0,240.0,16.31
2023-05-07,Cumin,Herbs & Spices,340.0,442.0,391.0
2023-05-07,Eggplant,Vegetables,14.23,21.35,17.79
2023-05-07,Garlic,Vegetables,4.0,140.0,46.08
2023-05-07,Ginger,Herbs & Spices,5.0,190.0,68.6
2023-05-07,Grapes,Fruits,10.0,200.0,44.26
2023-05-07,Coriander Leaves,Herbs & Spices,12.4,18.6,15.5
2023-05-08,Guava,Fruits,5.0,120.0,48.32
2023-05-08,Lemon,Fruits,4.0,140.0,57.03
2023-05-08,Mango,Fruits,2.5,300.0,44.34
2023-05-08,Mint,Herbs & Spices,11.27,16.91,14.09
2023-05-08,Okra,Vegetables,4.0,180.0,26.8
2023-05-08,Onion,Vegetables,10.68,16.02,13.35
2023-05-08,Orange,Fruits,18.0,100.0,49.8
2023-05-08,Potato,Vegetables,2.0,135.8,12.71
2023-05-08,Pear,Fruits,180.0,200.0,190.0
2023-05-08,Pomegranate,Fruits,3.0,160.0,67.75
2023-05-08,Rice,Grains,10.0,84.0,30.62
2023-05-08,Tomato,Vegetables,10.76,16.13,13.44
2023-05-08,Turmeric,Herbs & Spices,18.0,96.8,54.06
2023-05-08,Watermelon,Fruits,3.0,40.0,10.3
2023-05-08,Green Onion,Vegetables,11.55,17.32,14.43
2023-05-08,Peach,Fruits,9.0,50.0,25.12
2023-05-08,Green Hot Pepper,Vegetables,3.0,400.0,31.23
2023-05-08,Wheat,Grains,15.0,59.15,22.2
2023-05-08,Grapes,Fruits,4.0,200.0,44.86
2023-05-08,Apple,Fruits,20.0,240.0,89.5
2023-05-08,Banana,Fruits,4.4,120.0,30.22
2023-05-08,Barley,Grains,14.0,25.15,19.52
2023-05-08,Bell Pepper,Vegetables,16.58,24.87,20.73
2023-05-08,Black pepper,Herbs & Spices,88.0,490.0,437.94
2023-05-08,Cabbage,Vegetables,11.63,17.44,14.54
2023-05-08,Cantaloupe,Fruits,4.0,220.0,17.67
2023-05-08,Green Beans,Vegetables,15.0,150.8,46.57
2023-05-08,Coriander Leaves,Herbs & Spices,16.52,24.78,20.65
2023-05-08,Corn,Grains,15.09,22.64,18.86
2023-05-08,Cucumber,Vegetables,12.77,19.16,15.96
2023-05-08,Cumin,Herbs & Spices,15.07,550.0,394.72
2023-05-08,Eggplant,Vegetables,14.9,22.35,18.62
2023-05-08,Garlic,Vegetables,2.0,540.8,53.4
2023-05-08,Ginger,Herbs & Spices,10.0,990.8,83.93
2023-05-08,Carrot,Vegetables,2.0,260.8,30.54
2023-05-09,Guava,Fruits,8.0,130.0,42.75
2023-05-09,Lemon,Fruits,10.0,170.0,57.04
2023-05-09,Mango,Fruits,5.0,260.0,41.44
2023-05-09,Mint,Herbs & Spices,10.73,16.1,13.42
2023-05-09,Okra,Vegetables,3.5,128.0,25.18
2023-05-09,Onion,Vegetables,10.57,15.86,13.22
2023-05-09,Orange,Fruits,14.0,120.0,48.76
2023-05-09,Rice,Grains,10.0,110.0,30.85
2023-05-09,Pomegranate,Fruits,3.0,160.0,69.75
2023-05-09,Potato,Vegetables,2.0,120.8,12.39
2023-05-09,Tomato,Vegetables,10.14,15.21,12.68
2023-05-09,Turmeric,Herbs & Spices,27.01,125.0,58.0
2023-05-09,Watermelon,Fruits,2.5,40.0,10.63
2023-05-09,Wheat,Grains,13.5,59.69,22.01
2023-05-09,Green Onion,Vegetables,11.15,16.72,13.93
2023-05-09,Peach,Fruits,10.0,60.0,28.69
2023-05-09,Green Hot Pepper,Vegetables,3.5,240.8,30.14
2023-05-09,Green Beans,Vegetables,9.0,113.0,44.41
2023-05-09,Grapes,Fruits,37.62,56.43,47.02
2023-05-09,Apple,Fruits,5.0,200.0,89.28
2023-05-09,Banana,Fruits,5.0,124.0,29.26
2023-05-09,Barley,Grains,15.0,25.4,19.02
2023-05-09,Bell Pepper,Vegetables,15.27,22.9,19.09
2023-05-09,Cabbage,Vegetables,10.96,16.45,13.71
2023-05-09,Cantaloupe,Fruits,4.75,220.0,16.69
2023-05-09,Carrot,Vegetables,3.0,228.0,29.39
2023-05-09,Black pepper,Herbs & Spices,300.0,541.89,461.27
2023-05-09,Corn,Grains,15.07,22.61,18.84
2023-05-09,Cucumber,Vegetables,11.99,17.99,14.99
2023-05-09,Cumin,Herbs & Spices,30.24,550.0,378.55
2023-05-09,Eggplant,Vegetables,14.42,21.62,18.02
2023-05-09,Garlic,Vegetables,4.0,480.8,53.8
2023-05-09,Ginger,Herbs & Spices,7.0,880.8,84.61
2023-05-09,Coriander Leaves,Herbs & Spices,17.68,26.52,22.1
2023-05-10,Orange,Fruits,15.0,100.0,48.55
2023-05-10,Lemon,Fruits,5.0,140.0,57.65
2023-05-10,Mango,Fruits,2.75,240.0,41.64
2023-05-10,Mint,Herbs & Spices,30.57,45.85,38.21
2023-05-10,Okra,Vegetables,3.0,150.8,25.64
2023-05-10,Onion,Vegetables,10.76,16.13,13.44
2023-05-10,Peach,Fruits,10.0,50.0,29.24
2023-05-10,Wheat,Grains,14.97,50.0,21.93
2023-05-10,Pomegranate,Fruits,4.0,169.98,69.35
2023-05-10,Potato,Vegetables,9.98,14.97,12.48
2023-05-10,Rice,Grains,10.0,88.0,30.22
2023-05-10,Tomato,Vegetables,10.36,15.54,12.95
2023-05-10,Turmeric,Herbs & Spices,18.0,150.0,60.13
2023-05-10,Watermelon,Fruits,2.0,100.0,10.36
2023-05-10,Guava,Fruits,5.0,140.0,50.19
2023-05-10,Pear,Fruits,75.0,200.0,126.33
2023-05-10,Green Onion,Vegetables,12.95,19.42,16.19
2023-05-10,Apple,Fruits,16.0,236.0,89.61
2023-05-10,Green Beans,Vegetables,8.0,245.8,47.14
2023-05-10,Green Hot Pepper,Vegetables,24.76,37.15,30.96
2023-05-10,Banana,Fruits,4.4,120.0,29.73
2023-05-10,Barley,Grains,10.0,25.2,18.98
2023-05-10,Bell Pepper,Vegetables,15.86,23.79,19.82
2023-05-10,Black pepper,Herbs & Spices,300.0,500.0,453.6
2023-05-10,Cantaloupe,Fruits,3.0,180.0,15.73
2023-05-10,Carrot,Vegetables,3.0,300.8,30.05
2023-05-10,Cabbage,Vegetables,11.3,16.95,14.12
2023-05-10,Corn,Grains,14.96,22.43,18.69
2023-05-10,Cucumber,Vegetables,12.7,19.05,15.87
2023-05-10,Cumin,Herbs & Spices,165.0,550.0,408.38
2023-05-10,Eggplant,Vegetables,15.15,22.73,18.94
2023-05-10,Garlic,Vegetables,4.0,540.8,55.63
2023-05-10,Ginger,Herbs & Spices,8.0,960.8,86.68
2023-05-10,Grapes,Fruits,42.02,63.04,52.53
2023-05-10,Coriander Leaves,Herbs & Spices,18.61,27.92,23.27
2023-05-11,Orange,Fruits,17.0,90.0,48.94
2023-05-11,Lemon,Fruits,7.0,140.0,56.58
2023-05-11,Mango,Fruits,5.0,240.0,43.45
2023-05-11,Mint,Herbs & Spices,13.28,19.92,16.6
2023-05-11,Okra,Vegetables,4.0,143.0,25.57
2023-05-11,Onion,Vegetables,10.76,16.14,13.45
2023-05-11,Peach,Fruits,10.0,60.0,28.48
2023-05-11,Guava,Fruits,5.0,110.0,42.97
2023-05-11,Pomegranate,Fruits,4.0,160.0,69.25
2023-05-11,Potato,Vegetables,2.0,120.8,12.78
2023-05-11,Rice,Grains,10.0,87.8,31.03
2023-05-11,Tomato,Vegetables,10.54,15.81,13.17
2023-05-11,Turmeric,Herbs & Spices,30.0,140.0,59.38
2023-05-11,Watermelon,Fruits,2.0,50.0,10.96
2023-05-11,Wheat,Grains,15.0,55.1,22.17
2023-05-11,Pear,Fruits,75.0,85.0,80.0
2023-05-11,Green Onion,Vegetables,11.82,17.73,14.78
2023-05-11,Green Hot Pepper,Vegetables,4.0,220.8,31.36
2023-05-11,Green Beans,Vegetables,8.0,140.8,43.69
2023-05-11,Banana,Fruits,4.4,124.0,29.57
2023-05-11,Barley,Grains,12.25,24.5,18.86
2023-05-11,Bell Pepper,Vegetables,16.17,24.25,20.21
2023-05-11,Black pepper,Herbs & Spices,300.0,500.0,454.32
2023-05-11,Cabbage,Vegetables,11.31,16.96,14.13
2023-05-11,Cantaloupe,Fruits,4.0,50.0,14.71
2023-05-11,Carrot,Vegetables,3.0,270.8,31.41
2023-05-11,Apple,Fruits,6.0,240.0,90.0
2023-05-11,Corn,Grains,14.79,22.19,18.49
2023-05-11,Cucumber,Vegetables,12.92,19.39,16.16
2023-05-11,Cumin,Herbs & Spices,105.89,550.0,387.89
2023-05-11,Eggplant,Vegetables,15.17,22.75,18.96
2023-05-11,Garlic,Vegetables,4.0,480.8,56.23
2023-05-11,Ginger,Herbs & Spices,7.0,960.8,90.93
2023-05-11,Grapes,Fruits,43.28,64.92,54.1
2023-05-11,Coriander Leaves,Herbs & Spices,17.63,26.45,22.04
2023-05-12,Guava,Fruits,5.0,110.0,49.46
2023-05-12,Lemon,Fruits,13.0,154.0,56.18
2023-05-12,Mango,Fruits,5.0,250.0,43.35
2023-05-12,Mint,Herbs & Spices,11.79,17.69,14.74
2023-05-12,Okra,Vegetables,3.0,180.0,26.22
2023-05-12,Onion,Vegetables,10.58,15.87,13.22
2023-05-12,Orange,Fruits,15.0,110.0,54.19
2023-05-12,Potato,Vegetables,9.96,14.94,12.45
2023-05-12,Pear,Fruits,50.0,166.0,101.0
2023-05-12,Pomegranate,Fruits,3.0,150.0,71.36
2023-05-12,Rice,Grains,10.0,85.0,30.44
2023-05-12,Tomato,Vegetables,10.8,16.19,13.49
2023-05-12,Turmeric,Herbs & Spices,18.0,123.0,58.7
2023-05-12,Watermelon,Fruits,2.0,45.0,10.59
2023-05-12,Green Onion,Vegetables,11.29,16.94,14.12
2023-05-12,Peach,Fruits,11.16,60.0,30.39
2023-05-12,Green Hot Pepper,Vegetables,4.0,400.0,31.69
2023-05-12,Wheat,Grains,14.0,57.15,22.2
2023-05-12,Grapes,Fruits,41.61,62.41,52.01
2023-05-12,Apple,Fruits,6.0,220.0,90.61
2023-05-12,Banana,Fruits,4.4,120.0,30.01
2023-05-12,Barley,Grains,15.19,25.1,19.19
2023-05-12,Bell Pepper,Vegetables,16.57,24.86,20.72
2023-05-12,Black pepper,Herbs & Spices,300.0,500.0,457.68
2023-05-12,Cabbage,Vegetables,11.35,17.03,14.19
2023-05-12,Cantaloupe,Fruits,4.0,180.0,16.13
2023-05-12,Green Beans,Vegetables,8.0,105.8,42.72
2023-05-12,Coriander Leaves,Herbs & Spices,15.33,22.99,19.16
2023-05-12,Corn,Grains,11.51,43.2,18.97
2023-05-12,Cucumber,Vegetables,13.15,19.72,16.43
2023-05-12,Cumin,Herbs & Spices,30.24,550.0,393.9
2023-05-12,Eggplant,Vegetables,15.02,22.53,18.77
2023-05-12,Garlic,Vegetables,4.0,480.8,55.06
2023-05-12,Ginger,Herbs & Spices,5.0,840.8,90.86
2023-05-12,Carrot,Vegetables,2.0,240.8,31.13
2023-05-13,Green Onion,Vegetables,14.32,21.47,17.89
2023-05-13,Guava,Fruits,10.0,100.0,37.84
2023-05-13,Lemon,Fruits,14.0,140.0,52.71
2023-05-13,Mango,Fruits,3.0,250.0,41.09
2023-05-13,Mint,Herbs & Spices,13.74,20.61,17.17
2023-05-13,Okra,Vegetables,5.0,80.0,24.93
2023-05-13,Onion,Vegetables,10.42,15.64,13.03
2023-05-13,Potato,Vegetables,9.75,14.63,12.19
2023-05-13,Peach,Fruits,15.0,60.0,28.73
2023-05-13,Pomegranate,Fruits,8.0,150.0,67.9
2023-05-13,Rice,Grains,10.0,85.0,30.67
2023-05-13,Tomato,Vegetables,10.4,15.6,13.0
2023-05-13,Turmeric,Herbs & Spices,16.0,125.0,58.89
2023-05-13,Watermelon,Fruits,2.0,40.0,9.29
2023-05-13,Green Hot Pepper,Vegetables,3.0,180.0,30.9
2023-05-13,Orange,Fruits,9.0,75.0,40.08
2023-05-13,Wheat,Grains,14.55,70.3,22.12
2023-05-13,Green Beans,Vegetables,9.0,80.0,41.86
2023-05-13,Ginger,Herbs & Spices,5.0,210.0,84.16
2023-05-13,Grapes,Fruits,38.34,57.51,47.93
2023-05-13,Apple,Fruits,15.0,200.0,89.05
2023-05-13,Banana,Fruits,4.0,124.0,29.04
2023-05-13,Barley,Grains,14.25,24.0,18.6
2023-05-13,Black pepper,Herbs & Spices,418.0,515.99,456.83
2023-05-13,Cabbage,Vegetables,10.16,15.24,12.7
2023-05-13,Cantaloupe,Fruits,4.5,200.0,15.86
2023-05-13,Bell Pepper,Vegetables,14.55,21.82,18.19
2023-05-13,Coriander Leaves,Herbs & Spices,14.79,22.18,18.49
2023-05-13,Corn,Grains,12.0,36.0,19.1
2023-05-13,Cucumber,Vegetables,12.05,18.08,15.06
2023-05-13,Cumin,Herbs & Spices,87.0,550.0,405.52
2023-05-13,Eggplant,Vegetables,14.5,21.75,18.13
2023-05-13,Garlic,Vegetables,3.66,146.01,47.54
2023-05-13,Carrot,Vegetables,3.0,90.0,28.28
2023-05-14,Orange,Fruits,6.0,90.0,48.74
2023-05-14,Lemon,Fruits,6.0,170.0,53.01
2023-05-14,Mango,Fruits,5.0,143.8,35.71
2023-05-14,Mint,Herbs & Spices,13.17,19.76,16.47
2023-05-14,Okra,Vegetables,4.0,80.0,24.18
2023-05-14,Onion,Vegetables,10.31,15.47,12.89
2023-05-14,Peach,Fruits,10.0,23.0,16.23
2023-05-14,Wheat,Grains,15.0,40.0,21.77
2023-05-14,Pomegranate,Fruits,10.0,150.0,63.07
2023-05-14,Potato,Vegetables,2.0,45.0,12.21
2023-05-14,Rice,Grains,10.0,85.0,30.52
2023-05-14,Tomato,Vegetables,10.51,15.76,13.14
2023-05-14,Turmeric,Herbs & Spices,96.0,97.0,96.45
2023-05-14,Watermelon,Fruits,2.5,50.0,10.21
2023-05-14,Guava,Fruits,15.0,42.5,23.25
2023-05-14,Pear,Fruits,75.0,85.0,80.0
2023-05-14,Green Onion,Vegetables,12.03,18.05,15.04
2023-05-14,Apple,Fruits,20.0,232.5,85.12
2023-05-14,Green Beans,Vegetables,9.0,82.0,39.13
2023-05-14,Banana,Fruits,4.4,68.0,27.26
2023-05-14,Barley,Grains,15.75,24.0,19.38
2023-05-14,Bell Pepper,Vegetables,2.0,80.0,22.83
2023-05-14,Black pepper,Herbs & Spices,418.0,490.0,455.0
2023-05-14,Cabbage,Vegetables,2.0,70.0,12.84
2023-05-14,Cantaloupe,Fruits,5.0,27.0,13.96
2023-05-14,Carrot,Vegetables,5.0,90.0,28.93
2023-05-14,Green Hot Pepper,Vegetables,4.0,150.0,31.79
2023-05-14,Corn,Grains,12.02,27.4,18.93
2023-05-14,Cucumber,Vegetables,11.88,17.82,14.85
2023-05-14,Cumin,Herbs & Spices,350.0,480.0,412.5
2023-05-14,Eggplant,Vegetables,14.55,21.83,18.19
2023-05-14,Garlic,Vegetables,4.0,142.0,47.46
2023-05-14,Ginger,Herbs & Spices,10.0,210.0,76.59
2023-05-14,Grapes,Fruits,7.0,160.0,47.38
2023-05-14,Coriander Leaves,Herbs & Spices,14.84,22.25,18.54
2023-05-15,Guava,Fruits,5.0,85.0,36.91
2023-05-15,Lemon,Fruits,14.0,170.0,54.38
2023-05-15,Mango,Fruits,4.0,250.0,41.83
2023-05-15,Mint,Herbs & Spices,13.31,19.96,16.63
2023-05-15,Okra,Vegetables,4.0,180.0,25.13
2023-05-15,Onion,Vegetables,10.75,16.12,13.43
2023-05-15,Orange,Fruits,10.0,100.0,51.44
2023-05-15,Potato,Vegetables,10.26,15.39,12.82
2023-05-15,Pear,Fruits,75.0,85.0,80.0
2023-05-15,Pomegranate,Fruits,4.0,150.0,69.43
2023-05-15,Rice,Grains,10.0,90.0,30.53
2023-05-15,Tomato,Vegetables,11.35,17.02,14.18
2023-05-15,Turmeric,Herbs & Spices,30.0,121.0,64.27
2023-05-15,Watermelon,Fruits,2.0,40.0,9.92
2023-05-15,Green Onion,Vegetables,11.5,17.24,14.37
2023-05-15,Peach,Fruits,10.0,60.0,35.54
2023-05-15,Wheat,Grains,15.0,58.15,22.25
2023-05-15,Green Hot Pepper,Vegetables,3.0,400.0,32.89
2023-05-15,Grapes,Fruits,42.75,64.13,53.44
2023-05-15,Green Beans,Vegetables,10.0,210.8,43.19
2023-05-15,Apple,Fruits,7.0,240.0,89.73
2023-05-15,Banana,Fruits,4.4,120.0,29.72
2023-05-15,Barley,Grains,13.75,24.6,18.96
2023-05-15,Bell Pepper,Vegetables,17.34,26.01,21.67
2023-05-15,Cabbage,Vegetables,12.2,18.29,15.24
2023-05-15,Cantaloupe,Fruits,12.97,19.46,16.21
2023-05-15,Black pepper,Herbs & Spices,408.99,560.0,470.22
2023-05-15,Coriander Leaves,Herbs & Spices,16.85,25.28,21.06
2023-05-15,Corn,Grains,15.1,22.65,18.88
2023-05-15,Cucumber,Vegetables,13.3,19.95,16.63
2023-05-15,Cumin,Herbs & Spices,24.12,480.0,381.56
2023-05-15,Eggplant,Vegetables,15.43,23.14,19.28
2023-05-15,Garlic,Vegetables,4.0,540.8,54.99
2023-05-15,Ginger,Herbs & Spices,9.0,880.8,90.77
2023-05-15,Carrot,Vegetables,3.0,300.8,32.56
2023-05-16,Orange,Fruits,15.0,90.0,53.84
2023-05-16,Lemon,Fruits,14.0,180.0,53.82
2023-05-16,Mango,Fruits,2.5,250.0,42.82
2023-05-16,Mint,Herbs & Spices,9.67,14.51,12.09
2023-05-16,Okra,Vegetables,18.59,27.89,23.24
2023-05-16,Onion,Vegetables,10.65,15.98,13.31
2023-05-16,Peach,Fruits,8.0,50.0,24.38
2023-05-16,Guava,Fruits,5.0,100.0,39.66
2023-05-16,Pomegranate,Fruits,4.0,180.0,70.31
2023-05-16,Potato,Vegetables,10.14,15.2,12.67
2023-05-16,Rice,Grains,10.0,165.0,31.01
2023-05-16,Tomato,Vegetables,11.02,16.54,13.78
2023-05-16,Turmeric,Herbs & Spices,30.25,130.0,62.76
2023-05-16,Watermelon,Fruits,2.0,40.0,10.38
2023-05-16,Wheat,Grains,12.5,59.59,22.37
2023-05-16,Pear,Fruits,30.0,85.0,56.5
2023-05-16,Green Onion,Vegetables,12.56,18.84,15.7
2023-05-16,Apple,Fruits,21.0,220.0,91.77
2023-05-16,Green Beans,Vegetables,9.0,140.8,40.64
2023-05-16,Banana,Fruits,6.0,86.8,29.4
2023-05-16,Barley,Grains,15.0,24.5,18.91
2023-05-16,Bell Pepper,Vegetables,16.23,24.35,20.29
2023-05-16,Black pepper,Herbs & Spices,280.0,560.0,453.1
2023-05-16,Cabbage,Vegetables,11.52,17.27,14.39
2023-05-16,Cantaloupe,Fruits,4.0,50.0,14.64
2023-05-16,Carrot,Vegetables,2.0,450.8,33.63
2023-05-16,Green Hot Pepper,Vegetables,2.0,234.8,30.97
2023-05-16,Corn,Grains,8.0,36.0,19.04
2023-05-16,Cucumber,Vegetables,12.76,19.14,15.95
2023-05-16,Cumin,Herbs & Spices,110.0,550.0,400.34
2023-05-16,Eggplant,Vegetables,15.12,22.68,18.9
2023-05-16,Garlic,Vegetables,2.0,420.8,54.4
2023-05-16,Ginger,Herbs & Spices,9.0,880.8,90.02
2023-05-16,Grapes,Fruits,42.87,64.31,53.59
2023-05-16,Coriander Leaves,Herbs & Spices,18.46,27.7,23.08
2023-05-17,Lemon,Fruits,10.0,170.0,52.93
2023-05-17,Mango,Fruits,5.0,250.0,40.79
2023-05-17,Mint,Herbs & Spices,12.55,18.83,15.69
2023-05-17,Okra,Vegetables,2.5,113.0,23.04
2023-05-17,Onion,Vegetables,10.53,15.79,13.16
2023-05-17,Orange,Fruits,15.0,100.0,49.4
2023-05-17,Peach,Fruits,15.0,50.0,29.95
2023-05-17,Rice,Grains,10.0,70.0,30.59
2023-05-17,Pomegranate,Fruits,4.0,160.0,68.13
2023-05-17,Potato,Vegetables,2.0,150.8,12.76
2023-05-17,Tomato,Vegetables,11.43,17.15,14.29
2023-05-17,Turmeric,Herbs & Spices,15.0,120.0,60.82
2023-05-17,Watermelon,Fruits,2.5,103.0,10.21
2023-05-17,Wheat,Grains,14.5,58.19,22.38
2023-05-17,Guava,Fruits,5.0,130.0,50.61
2023-05-17,Pear,Fruits,75.0,153.0,116.5
2023-05-17,Green Onion,Vegetables,13.15,19.72,16.44
2023-05-17,Green Hot Pepper,Vegetables,3.55,250.8,31.23
2023-05-17,Green Beans,Vegetables,8.0,210.8,41.38
2023-05-17,Banana,Fruits,4.0,111.6,29.21
2023-05-17,Barley,Grains,13.5,24.0,19.05
2023-05-17,Bell Pepper,Vegetables,16.25,24.37,20.31
2023-05-17,Black pepper,Herbs & Spices,280.0,700.0,453.01
2023-05-17,Cabbage,Vegetables,11.1,16.66,13.88
2023-05-17,Cantaloupe,Fruits,4.0,180.0,16.11
2023-05-17,Carrot,Vegetables,3.0,275.8,32.39
2023-05-17,Apple,Fruits,7.0,220.0,91.76
2023-05-17,Corn,Grains,15.03,22.55,18.79
2023-05-17,Cucumber,Vegetables,12.94,19.41,16.18
2023-05-17,Cumin,Herbs & Spices,107.01,707.01,385.68
2023-05-17,Eggplant,Vegetables,14.96,22.44,18.7
2023-05-17,Garlic,Vegetables,2.34,480.8,55.42
2023-05-17,Ginger,Herbs & Spices,12.0,960.8,91.78
2023-05-17,Grapes,Fruits,4.54,215.0,54.84
2023-05-17,Coriander Leaves,Herbs & Spices,21.25,31.88,26.57
2023-05-18,Guava,Fruits,5.0,140.0,47.02
2023-05-18,Lemon,Fruits,7.0,137.0,51.74
2023-05-18,Mango,Fruits,5.0,230.0,42.91
2023-05-18,Mint,Herbs & Spices,27.17,40.76,33.97
2023-05-18,Okra,Vegetables,3.0,120.0,23.23
2023-05-18,Onion,Vegetables,10.51,15.76,13.13
2023-05-18,Orange,Fruits,15.0,120.0,53.1
2023-05-18,Potato,Vegetables,10.22,15.33,12.78
2023-05-18,Pear,Fruits,75.0,155.0,117.5
2023-05-18,Pomegranate,Fruits,4.0,160.0,68.85
2023-05-18,Rice,Grains,10.0,90.0,30.65
2023-05-18,Tomato,Vegetables,11.1,16.66,13.88
2023-05-18,Turmeric,Herbs & Spices,30.0,120.0,63.44
2023-05-18,Watermelon,Fruits,8.08,12.11,10.1
2023-05-18,Green Onion,Vegetables,10.96,16.44,13.7
2023-05-18,Peach,Fruits,15.0,60.0,32.95
2023-05-18,Green Hot Pepper,Vegetables,3.0,400.0,32.93
2023-05-18,Wheat,Grains,17.84,26.75,22.29
2023-05-18,Grapes,Fruits,4.55,160.0,52.63
2023-05-18,Apple,Fruits,21.0,220.0,93.99
2023-05-18,Banana,Fruits,4.4,136.4,30.63
2023-05-18,Barley,Grains,10.9,32.0,19.24
2023-05-18,Bell Pepper,Vegetables,15.72,23.59,19.66
2023-05-18,Black pepper,Herbs & Spices,132.0,580.0,439.35
2023-05-18,Cabbage,Vegetables,11.34,17.01,14.17
2023-05-18,Cantaloupe,Fruits,4.0,160.0,16.35
2023-05-18,Green Beans,Vegetables,8.0,175.8,42.01
2023-05-18,Coriander Leaves,Herbs & Spices,22.66,33.99,28.33
2023-05-18,Corn,Grains,10.0,36.0,18.86
2023-05-18,Cucumber,Vegetables,13.16,19.73,16.45
2023-05-18,Cumin,Herbs & Spices,200.0,550.0,411.62
2023-05-18,Eggplant,Vegetables,15.58,23.38,19.48
2023-05-18,Garlic,Vegetables,4.0,360.8,53.28
2023-05-18,Ginger,Herbs & Spices,6.0,840.8,88.2
2023-05-18,Carrot,Vegetables,3.0,248.0,32.14
2023-05-19,Guava,Fruits,5.0,140.0,49.56
2023-05-19,Lemon,Fruits,10.0,170.0,51.71
2023-05-19,Mango,Fruits,2.0,250.0,41.38
2023-05-19,Mint,Herbs & Spices,8.71,13.06,10.88
2023-05-19,Okra,Vegetables,2.0,180.0,23.0
2023-05-19,Onion,Vegetables,10.91,16.36,13.63
2023-05-19,Orange,Fruits,18.0,110.0,51.78
2023-05-19,Potato,Vegetables,10.06,15.1,12.58
2023-05-19,Pear,Fruits,75.0,85.0,80.0
2023-05-19,Pomegranate,Fruits,4.0,150.0,71.43
2023-05-19,Rice,Grains,10.0,100.0,30.61
2023-05-19,Tomato,Vegetables,10.65,15.97,13.31
2023-05-19,Turmeric,Herbs & Spices,48.48,125.0,70.09
2023-05-19,Watermelon,Fruits,3.0,40.0,9.28
2023-05-19,Green Onion,Vegetables,10.09,15.14,12.61
2023-05-19,Peach,Fruits,14.0,50.0,30.63
2023-05-19,Green Hot Pepper,Vegetables,4.0,400.0,31.74
2023-05-19,Wheat,Grains,15.0,50.0,22.24
2023-05-19,Grapes,Fruits,4.54,160.0,53.68
2023-05-19,Apple,Fruits,14.0,255.0,91.6
2023-05-19,Banana,Fruits,4.0,120.0,30.09
2023-05-19,Barley,Grains,14.95,28.2,19.35
2023-05-19,Bell Pepper,Vegetables,15.34,23.01,19.18
2023-05-19,Black pepper,Herbs & Spices,290.0,550.0,455.17
2023-05-19,Cabbage,Vegetables,2.0,120.0,13.47
2023-05-19,Cantaloupe,Fruits,12.63,18.95,15.79
2023-05-19,Green Beans,Vegetables,9.0,85.0,37.64
2023-05-19,Coriander Leaves,Herbs & Spices,18.73,28.1,23.42
2023-05-19,Corn,Grains,10.0,36.0,19.03
2023-05-19,Cucumber,Vegetables,12.51,18.76,15.63
2023-05-19,Cumin,Herbs & Spices,60.55,550.0,390.11
2023-05-19,Eggplant,Vegetables,14.97,22.46,18.72
2023-05-19,Garlic,Vegetables,4.0,152.71,50.4
2023-05-19,Ginger,Herbs & Spices,6.0,400.0,86.64
2023-05-19,Carrot,Vegetables,3.0,100.0,31.14
2023-05-20,Green Onion,Vegetables,15.71,23.56,19.63
2023-05-20,Guava,Fruits,8.0,130.0,47.96
2023-05-20,Lemon,Fruits,8.25,150.0,51.96
2023-05-20,Mango,Fruits,2.0,255.0,41.64
2023-05-20,Mint,Herbs & Spices,6.26,9.39,7.82
2023-05-20,Okra,Vegetables,2.0,90.0,22.4
2023-05-20,Onion,Vegetables,10.68,16.02,13.35
2023-05-20,Potato,Vegetables,2.0,82.0,12.61
2023-05-20,Peach,Fruits,10.0,88.0,31.59
2023-05-20,Pomegranate,Fruits,4.5,150.0,68.95
2023-05-20,Rice,Grains,10.0,85.0,30.5
2023-05-20,Tomato,Vegetables,10.43,15.65,13.04
2023-05-20,Turmeric,Herbs & Spices,16.0,120.0,59.62
2023-05-20,Watermelon,Fruits,2.0,93.0,10.21
2023-05-20,Green Hot Pepper,Vegetables,2.0,160.0,30.7
2023-05-20,Orange,Fruits,15.0,90.0,48.14
2023-05-20,Wheat,Grains,10.0,58.5,22.5
2023-05-20,Green Beans,Vegetables,9.0,80.0,38.91
2023-05-20,Ginger,Herbs & Spices,8.0,240.0,84.92
2023-05-20,Grapes,Fruits,4.55,220.0,60.95
2023-05-20,Apple,Fruits,7.0,250.0,90.06
2023-05-20,Banana,Fruits,2.0,124.8,29.35
2023-05-20,Barley,Grains,11.01,24.0,18.93
2023-05-20,Black pepper,Herbs & Spices,280.0,570.0,461.37
2023-05-20,Cabbage,Vegetables,10.87,16.31,13.59
2023-05-20,Cantaloupe,Fruits,12.53,18.79,15.66
2023-05-20,Bell Pepper,Vegetables,15.72,23.58,19.65
2023-05-20,Coriander Leaves,Herbs & Spices,20.71,31.06,25.88
2023-05-20,Corn,Grains,11.57,36.0,18.98
2023-05-20,Cucumber,Vegetables,12.49,18.73,15.61
2023-05-20,Cumin,Herbs & Spices,18.24,550.0,383.8
2023-05-20,Eggplant,Vegetables,14.95,22.43,18.69
2023-05-20,Garlic,Vegetables,4.0,151.0,48.46
2023-05-20,Carrot,Vegetables,3.0,90.0,30.84
2023-05-21,Orange,Fruits,15.0,100.0,46.82
2023-05-21,Lemon,Fruits,7.0,150.0,48.6
2023-05-21,Mango,Fruits,4.0,152.5,34.37
2023-05-21,Mint,Herbs & Spices,6.89,10.34,8.62
2023-05-21,Okra,Vegetables,17.09,25.64,21.36
2023-05-21,Onion,Vegetables,10.28,15.43,12.85
2023-05-21,Peach,Fruits,15.0,50.0,31.72
2023-05-21,Wheat,Grains,17.5,40.0,21.96
2023-05-21,Pomegranate,Fruits,10.0,165.0,63.45
2023-05-21,Potato,Vegetables,2.0,47.0,12.45
2023-05-21,Rice,Grains,10.0,70.0,30.41
2023-05-21,Tomato,Vegetables,10.14,15.21,12.67
2023-05-21,Turmeric,Herbs & Spices,55.0,97.25,77.3
2023-05-21,Watermelon,Fruits,2.5,40.0,10.34
2023-05-21,Guava,Fruits,10.0,45.0,24.08
2023-05-21,Pear,Fruits,75.0,85.0,80.0
2023-05-21,Green Onion,Vegetables,15.31,22.96,19.14
2023-05-21,Apple,Fruits,12.0,220.0,86.44
2023-05-21,Green Beans,Vegetables,8.0,80.0,38.07
2023-05-21,Banana,Fruits,5.0,75.0,27.62
2023-05-21,Barley,Grains,16.0,23.6,19.27
2023-05-21,Bell Pepper,Vegetables,3.0,80.0,22.16
2023-05-21,Black pepper,Herbs & Spices,438.0,445.0,440.0
2023-05-21,Cabbage,Vegetables,2.0,70.0,12.81
2023-05-21,Cantaloupe,Fruits,4.0,30.0,13.29
2023-05-21,Carrot,Vegetables,5.0,80.0,29.52
2023-05-21,Green Hot Pepper,Vegetables,4.0,160.0,32.64
2023-05-21,Corn,Grains,11.41,26.0,19.15
2023-05-21,Cucumber,Vegetables,12.55,18.82,15.68
2023-05-21,Cumin,Herbs & Spices,300.0,400.0,362.5
2023-05-21,Eggplant,Vegetables,14.52,21.78,18.15
2023-05-21,Garlic,Vegetables,4.0,160.0,46.66
2023-05-21,Ginger,Herbs & Spices,9.5,240.0,79.56
2023-05-21,Grapes,Fruits,12.0,150.0,52.41
2023-05-21,Coriander Leaves,Herbs & Spices,18.79,28.18,23.48
2023-05-22,Lemon,Fruits,5.0,180.0,52.36
2023-05-22,Mint,Herbs & Spices,11.51,17.27,14.39
2023-05-22,Okra,Vegetables,18.06,27.09,22.57
2023-05-22,Onion,Vegetables,11.14,16.72,13.93
2023-05-22,Orange,Fruits,18.0,90.0,50.15
2023-05-22,Peach,Fruits,10.0,86.0,28.29
2023-05-22,Rice,Grains,10.0,70.0,30.79
2023-05-22,Pomegranate,Fruits,4.0,150.0,67.06
2023-05-22,Potato,Vegetables,10.68,16.02,13.35
2023-05-22,Guava,Fruits,5.0,90.0,36.21
2023-05-22,Tomato,Vegetables,11.45,17.17,14.31
2023-05-22,Turmeric,Herbs & Spices,17.0,136.0,61.53
2023-05-22,Watermelon,Fruits,2.0,50.0,10.16
2023-05-22,Wheat,Grains,17.0,58.14,22.49
2023-05-22,Pear,Fruits,185.0,185.0,185.0
2023-05-22,Green Onion,Vegetables,12.94,19.41,16.17
2023-05-22,Mango,Fruits,3.0,250.0,39.91
2023-05-22,Green Hot Pepper,Vegetables,2.0,400.0,33.21
2023-05-22,Green Beans,Vegetables,11.0,245.8,40.38
2023-05-22,Apple,Fruits,7.0,220.0,90.41
2023-05-22,Banana,Fruits,4.0,120.0,29.67
2023-05-22,Barley,Grains,14.0,23.8,18.86
2023-05-22,Bell Pepper,Vegetables,16.92,25.38,21.15
2023-05-22,Cabbage,Vegetables,12.09,18.13,15.11
2023-05-22,Cantaloupe,Fruits,12.21,18.31,15.26
2023-05-22,Carrot,Vegetables,3.0,248.0,34.21
2023-05-22,Black pepper,Herbs & Spices,280.0,490.0,462.29
2023-05-22,Corn,Grains,10.71,36.0,18.98
2023-05-22,Cucumber,Vegetables,12.87,19.31,16.09
2023-05-22,Cumin,Herbs & Spices,22.69,550.0,387.8
2023-05-22,Eggplant,Vegetables,15.8,23.7,19.75
2023-05-22,Garlic,Vegetables,4.0,480.8,53.9
2023-05-22,Ginger,Herbs & Spices,12.0,960.8,91.37
2023-05-22,Grapes,Fruits,4.55,220.0,57.35
2023-05-22,Coriander Leaves,Herbs & Spices,18.64,27.96,23.3
2023-05-23,Onion,Vegetables,10.48,15.72,13.1
2023-05-23,Guava,Fruits,5.0,120.0,43.12
2023-05-23,Lemon,Fruits,10.0,150.0,51.46
2023-05-23,Mango,Fruits,3.0,250.0,39.91
2023-05-23,Mint,Herbs & Spices,9.07,13.61,11.34
2023-05-23,Okra,Vegetables,17.3,25.95,21.62
2023-05-23,Orange,Fruits,18.0,130.0,55.85
2023-05-23,Green Onion,Vegetables,11.37,17.05,14.21
2023-05-23,Pear,Fruits,130.0,137.3,133.65
2023-05-23,Pomegranate,Fruits,4.0,160.0,70.6
2023-05-23,Potato,Vegetables,10.31,15.46,12.89
2023-05-23,Rice,Grains,10.0,70.0,30.41
2023-05-23,Tomato,Vegetables,10.37,15.56,12.96
2023-05-23,Turmeric,Herbs & Spices,40.05,120.0,59.34
2023-05-23,Watermelon,Fruits,3.0,105.0,10.35
2023-05-23,Peach,Fruits,9.0,89.9,30.72
2023-05-23,Wheat,Grains,15.0,57.69,22.58
2023-05-23,Green Hot Pepper,Vegetables,2.44,225.8,32.17
2023-05-23,Grapes,Fruits,6.74,150.0,58.92
2023-05-23,Apple,Fruits,5.0,225.0,91.48
2023-05-23,Banana,Fruits,5.0,94.5,29.05
2023-05-23,Barley,Grains,15.0,43.5,19.02
2023-05-23,Bell Pepper,Vegetables,16.78,25.16,20.97
2023-05-23,Black pepper,Herbs & Spices,42.11,531.99,447.13
2023-05-23,Cabbage,Vegetables,11.09,16.64,13.87
2023-05-23,Cantaloupe,Fruits,12.45,18.67,15.56
2023-05-23,Green Beans,Vegetables,8.0,140.8,38.77
2023-05-23,Coriander Leaves,Herbs & Spices,21.32,31.97,26.64
2023-05-23,Corn,Grains,11.85,36.0,18.97
2023-05-23,Cucumber,Vegetables,12.7,19.04,15.87
2023-05-23,Cumin,Herbs & Spices,104.5,550.0,384.46
2023-05-23,Eggplant,Vegetables,15.2,22.8,19.0
2023-05-23,Garlic,Vegetables,4.0,360.8,54.01
2023-05-23,Ginger,Herbs & Spices,7.0,720.8,88.92
2023-05-23,Carrot,Vegetables,3.0,220.8,32.8
2023-05-24,Guava,Fruits,10.0,130.0,53.5
2023-05-24,Lemon,Fruits,9.0,170.0,52.29
2023-05-24,Mango,Fruits,3.0,250.0,38.74
2023-05-24,Mint,Herbs & Spices,8.77,13.16,10.96
2023-05-24,Okra,Vegetables,2.0,125.8,21.31
2023-05-24,Onion,Vegetables,10.79,16.19,13.49
2023-05-24,Orange,Fruits,19.0,120.0,52.6
2023-05-24,Potato,Vegetables,10.39,15.59,12.99
2023-05-24,Pear,Fruits,75.0,85.0,80.0
2023-05-24,Pomegranate,Fruits,4.0,180.0,69.44
2023-05-24,Rice,Grains,10.0,81.0,30.48
2023-05-24,Tomato,Vegetables,10.53,15.8,13.16
2023-05-24,Turmeric,Herbs & Spices,21.0,120.0,58.72
2023-05-24,Watermelon,Fruits,2.0,94.0,10.43
2023-05-24,Green Onion,Vegetables,12.61,18.92,15.77
2023-05-24,Peach,Fruits,5.0,70.0,32.89
2023-05-24,Wheat,Grains,15.0,51.51,22.61
2023-05-24,Green Hot Pepper,Vegetables,2.0,300.8,32.81
2023-05-24,Grapes,Fruits,4.53,220.0,59.69
2023-05-24,Green Beans,Vegetables,5.0,210.8,40.69
2023-05-24,Apple,Fruits,21.0,250.0,92.38
2023-05-24,Banana,Fruits,4.4,84.0,29.33
2023-05-24,Barley,Grains,14.18,24.0,18.8
2023-05-24,Bell Pepper,Vegetables,17.71,26.57,22.14
2023-05-24,Cabbage,Vegetables,11.37,17.06,14.22
2023-05-24,Cantaloupe,Fruits,11.35,17.02,14.18
2023-05-24,Black pepper,Herbs & Spices,280.0,500.16,455.66
2023-05-24,Coriander Leaves,Herbs & Spices,19.83,29.75,24.79
2023-05-24,Corn,Grains,7.0,36.0,18.81
2023-05-24,Cucumber,Vegetables,12.8,19.19,16.0
2023-05-24,Cumin,Herbs & Spices,107.69,550.0,382.3
2023-05-24,Eggplant,Vegetables,15.73,23.59,19.66
2023-05-24,Garlic,Vegetables,3.1,330.8,52.86
2023-05-24,Ginger,Herbs & Spices,7.0,800.8,93.19
2023-05-24,Carrot,Vegetables,3.0,350.8,34.1
2023-05-25,Onion,Vegetables,10.89,16.34,13.62
2023-05-25,Guava,Fruits,5.0,130.0,46.82
2023-05-25,Lemon,Fruits,10.5,150.0,50.77
2023-05-25,Mango,Fruits,3.0,250.0,40.01
2023-05-25,Mint,Herbs & Spices,8.71,13.06,10.88
2023-05-25,Okra,Vegetables,16.98,25.47,21.23
2023-05-25,Orange,Fruits,15.0,100.0,58.29
2023-05-25,Green Onion,Vegetables,12.47,18.71,15.59
2023-05-25,Pear,Fruits,75.0,90.0,83.0
2023-05-25,Pomegranate,Fruits,4.0,160.0,71.33
2023-05-25,Potato,Vegetables,10.67,16.01,13.34
2023-05-25,Rice,Grains,10.0,90.0,31.04
2023-05-25,Tomato,Vegetables,10.85,16.27,13.56
2023-05-25,Turmeric,Herbs & Spices,5.0,120.0,56.53
2023-05-25,Watermelon,Fruits,2.0,93.0,10.44
2023-05-25,Peach,Fruits,10.0,60.0,35.71
2023-05-25,Green Hot Pepper,Vegetables,3.0,240.8,32.99
2023-05-25,Wheat,Grains,6.0,58.15,22.71
2023-05-25,Grapes,Fruits,4.6,240.0,58.25
2023-05-25,Apple,Fruits,20.0,250.0,93.46
2023-05-25,Banana,Fruits,4.4,120.0,30.83
2023-05-25,Barley,Grains,13.6,28.85,19.01
2023-05-25,Bell Pepper,Vegetables,18.24,27.36,22.8
2023-05-25,Black pepper,Herbs & Spices,272.0,500.0,444.43
2023-05-25,Cabbage,Vegetables,11.7,17.55,14.62
2023-05-25,Cantaloupe,Fruits,12.47,18.7,15.58
2023-05-25,Green Beans,Vegetables,5.0,175.8,40.57
2023-05-25,Coriander Leaves,Herbs & Spices,20.32,30.48,25.4
2023-05-25,Corn,Grains,10.01,36.0,18.9
2023-05-25,Cucumber,Vegetables,13.14,19.71,16.43
2023-05-25,Cumin,Herbs & Spices,85.0,550.0,397.36
2023-05-25,Eggplant,Vegetables,15.85,23.78,19.82
2023-05-25,Garlic,Vegetables,3.0,275.8,53.34
2023-05-25,Ginger,Herbs & Spices,10.0,700.8,88.51
2023-05-25,Carrot,Vegetables,3.0,175.8,34.33
2023-05-26,Lemon,Fruits,10.0,154.0,49.47
2023-05-26,Mango,Fruits,2.75,180.0,38.53
2023-05-26,Mint,Herbs & Spices,7.48,11.22,9.35
2023-05-26,Okra,Vegetables,2.5,180.0,20.74
2023-05-26,Onion,Vegetables,10.78,16.17,13.48
2023-05-26,Orange,Fruits,15.0,100.0,56.72
2023-05-26,Peach,Fruits,10.0,60.0,36.8
2023-05-26,Rice,Grains,10.0,85.0,30.42
2023-05-26,Pomegranate,Fruits,4.0,180.0,72.07
2023-05-26,Potato,Vegetables,2.0,60.0,12.56
2023-05-26,Tomato,Vegetables,10.35,15.52,12.93
2023-05-26,Turmeric,Herbs & Spices,40.06,120.0,60.62
2023-05-26,Watermelon,Fruits,2.0,93.0,9.92
2023-05-26,Wheat,Grains,16.0,68.5,22.83
2023-05-26,Guava,Fruits,5.0,120.0,43.26
2023-05-26,Pear,Fruits,75.0,85.0,80.0
2023-05-26,Green Onion,Vegetables,12.36,18.53,15.44
2023-05-26,Green Beans,Vegetables,5.0,140.8,39.13
2023-05-26,Apple,Fruits,13.0,220.0,92.97
2023-05-26,Green Hot Pepper,Vegetables,3.0,400.0,32.79
2023-05-26,Banana,Fruits,2.0,120.0,29.36
2023-05-26,Barley,Grains,12.5,24.1,18.75
2023-05-26,Bell Pepper,Vegetables,16.66,24.99,20.82
2023-05-26,Black pepper,Herbs & Spices,280.0,560.0,460.79
2023-05-26,Cantaloupe,Fruits,10.91,16.36,13.63
2023-05-26,Carrot,Vegetables,3.0,280.8,34.65
2023-05-26,Cabbage,Vegetables,11.25,16.87,14.06
2023-05-26,Corn,Grains,11.0,36.0,18.73
2023-05-26,Cucumber,Vegetables,12.79,19.18,15.99
2023-05-26,Cumin,Herbs & Spices,86.0,550.0,367.33
2023-05-26,Eggplant,Vegetables,15.45,23.17,19.31
2023-05-26,Garlic,Vegetables,3.0,275.8,54.07
2023-05-26,Ginger,Herbs & Spices,7.73,800.8,95.86
2023-05-26,Grapes,Fruits,4.71,220.0,63.79
2023-05-26,Coriander Leaves,Herbs & Spices,20.81,31.22,26.01
2023-05-27,Onion,Vegetables,11.33,17.0,14.17
2023-05-27,Guava,Fruits,5.0,120.0,48.7
2023-05-27,Lemon,Fruits,8.0,140.0,49.09
2023-05-27,Mango,Fruits,2.0,250.0,39.96
2023-05-27,Mint,Herbs & Spices,8.65,12.97,10.81
2023-05-27,Okra,Vegetables,2.5,136.0,20.37
2023-05-27,Orange,Fruits,33.0,100.0,57.05
2023-05-27,Green Onion,Vegetables,13.89,20.83,17.36
2023-05-27,Pomegranate,Fruits,4.0,160.0,72.06
2023-05-27,Potato,Vegetables,10.22,15.33,12.78
2023-05-27,Rice,Grains,10.0,85.5,30.15
2023-05-27,Tomato,Vegetables,10.44,15.66,13.05
2023-05-27,Turmeric,Herbs & Spices,32.17,120.0,59.49
2023-05-27,Watermelon,Fruits,2.0,94.0,10.29
2023-05-27,Peach,Fruits,11.0,60.0,33.5
2023-05-27,Green Hot Pepper,Vegetables,2.0,300.8,32.4
2023-05-27,Wheat,Grains,15.01,58.15,22.44
2023-05-27,Grapes,Fruits,4.7,150.0,62.1
2023-05-27,Apple,Fruits,20.0,250.0,93.39
2023-05-27,Banana,Fruits,4.4,84.0,29.1
2023-05-27,Barley,Grains,14.0,28.9,18.61
2023-05-27,Bell Pepper,Vegetables,17.6,26.4,22.0
2023-05-27,Black pepper,Herbs & Spices,250.0,580.0,456.2
2023-05-27,Cabbage,Vegetables,11.53,17.3,14.42
2023-05-27,Cantaloupe,Fruits,11.27,16.9,14.08
2023-05-27,Green Beans,Vegetables,8.0,175.8,38.53
2023-05-27,Coriander Leaves,Herbs & Spices,20.39,30.59,25.49
2023-05-27,Corn,Grains,11.11,36.0,19.04
2023-05-27,Cucumber,Vegetables,12.76,19.14,15.95
2023-05-27,Cumin,Herbs & Spices,107.11,550.0,371.83
2023-05-27,Eggplant,Vegetables,15.41,23.11,19.26
2023-05-27,Garlic,Vegetables,3.0,440.8,51.49
2023-05-27,Ginger,Herbs & Spices,12.0,800.8,95.14
2023-05-27,Carrot,Vegetables,3.0,315.8,34.85
2023-05-28,Guava,Fruits,15.0,42.5,26.56
2023-05-28,Lemon,Fruits,7.0,99.0,45.58
2023-05-28,Mango,Fruits,5.0,150.05,32.47
2023-05-28,Mint,Herbs & Spices,10.02,15.03,12.52
2023-05-28,Okra,Vegetables,15.39,23.09,19.24
2023-05-28,Onion,Vegetables,10.65,15.97,13.31
2023-05-28,Orange,Fruits,35.0,100.0,58.5
2023-05-28,Potato,Vegetables,2.0,40.0,12.51
2023-05-28,Pear,Fruits,85.0,90.0,88.0
2023-05-28,Pomegranate,Fruits,10.0,160.0,66.14
2023-05-28,Rice,Grains,10.0,70.0,30.2
2023-05-28,Tomato,Vegetables,10.21,15.32,12.76
2023-05-28,Watermelon,Fruits,3.0,40.0,9.88
2023-05-28,Green Onion,Vegetables,9.77,14.65,12.21
2023-05-28,Peach,Fruits,16.0,80.0,36.6
2023-05-28,Green Hot Pepper,Vegetables,3.0,200.0,31.82
2023-05-28,Wheat,Grains,17.5,38.0,22.14
2023-05-28,Grapes,Fruits,20.0,150.0,59.64
2023-05-28,Apple,Fruits,15.0,220.0,88.59
2023-05-28,Banana,Fruits,4.0,64.0,26.17
2023-05-28,Barley,Grains,15.25,23.4,19.07
2023-05-28,Bell Pepper,Vegetables,3.0,80.0,26.39
2023-05-28,Black pepper,Herbs & Spices,200.0,500.0,386.67
2023-05-28,Cabbage,Vegetables,10.32,15.48,12.9
2023-05-28,Cantaloupe,Fruits,11.05,16.58,13.81
2023-05-28,Green Beans,Vegetables,8.5,80.0,36.97
2023-05-28,Coriander Leaves,Herbs & Spices,13.73,20.59,17.16
2023-05-28,Corn,Grains,12.01,25.0,18.8
2023-05-28,Cucumber,Vegetables,12.6,18.9,15.75
2023-05-28,Cumin,Herbs & Spices,330.0,437.55,379.65
2023-05-28,Eggplant,Vegetables,2.5,62.0,18.3
2023-05-28,Garlic,Vegetables,3.0,150.0,48.78
2023-05-28,Ginger,Herbs & Spices,7.8,200.0,78.98
2023-05-28,Carrot,Vegetables,4.0,110.0,31.14
2023-05-29,Green Onion,Vegetables,8.13,12.2,10.16
2023-05-29,Guava,Fruits,5.0,110.0,45.0
2023-05-29,Lemon,Fruits,7.0,124.0,46.27
2023-05-29,Mango,Fruits,2.75,200.0,37.63
2023-05-29,Mint,Herbs & Spices,9.61,14.41,12.01
2023-05-29,Okra,Vegetables,16.58,24.87,20.72
2023-05-29,Onion,Vegetables,11.02,16.53,13.78
2023-05-29,Potato,Vegetables,10.94,16.41,13.67
2023-05-29,Peach,Fruits,10.0,70.0,34.38
2023-05-29,Pomegranate,Fruits,4.0,160.0,71.82
2023-05-29,Rice,Grains,10.0,85.0,30.85
2023-05-29,Tomato,Vegetables,11.09,16.63,13.86
2023-05-29,Turmeric,Herbs & Spices,21.21,130.0,61.23
2023-05-29,Watermelon,Fruits,2.0,70.0,10.69
2023-05-29,Green Hot Pepper,Vegetables,2.0,400.0,33.74
2023-05-29,Orange,Fruits,12.0,120.0,60.5
2023-05-29,Wheat,Grains,15.0,60.0,22.91
2023-05-29,Green Beans,Vegetables,9.75,440.8,43.94
2023-05-29,Ginger,Herbs & Spices,3.0,880.8,96.86
2023-05-29,Grapes,Fruits,4.8,150.0,58.59
2023-05-29,Apple,Fruits,10.0,222.0,93.66
2023-05-29,Banana,Fruits,3.0,500.0,30.52
2023-05-29,Barley,Grains,14.0,27.0,18.75
2023-05-29,Black pepper,Herbs & Spices,272.0,580.0,451.98
2023-05-29,Cabbage,Vegetables,13.17,19.76,16.46
2023-05-29,Cantaloupe,Fruits,12.24,18.36,15.3
2023-05-29,Bell Pepper,Vegetables,18.11,27.17,22.64
2023-05-29,Coriander Leaves,Herbs & Spices,20.5,30.74,25.62
2023-05-29,Corn,Grains,10.0,96.0,19.13
2023-05-29,Cucumber,Vegetables,13.35,20.03,16.69
2023-05-29,Cumin,Herbs & Spices,195.05,477.5,395.78
2023-05-29,Eggplant,Vegetables,16.05,24.07,20.06
2023-05-29,Garlic,Vegetables,3.0,330.8,55.51
2023-05-29,Carrot,Vegetables,2.8,480.0,39.9
2023-05-30,Onion,Vegetables,10.98,16.46,13.72
2023-05-30,Guava,Fruits,5.0,120.0,37.86
2023-05-30,Lemon,Fruits,8.0,180.0,47.77
2023-05-30,Mango,Fruits,2.0,180.0,38.47
2023-05-30,Mint,Herbs & Spices,8.28,12.41,10.34
2023-05-30,Okra,Vegetables,16.5,24.74,20.62
2023-05-30,Orange,Fruits,15.0,150.0,57.21
2023-05-30,Watermelon,Fruits,12.33,18.5,15.41
2023-05-30,Pear,Fruits,15.0,190.0,78.0
2023-05-30,Pomegranate,Fruits,4.0,183.0,75.48
2023-05-30,Potato,Vegetables,2.0,124.8,12.93
2023-05-30,Rice,Grains,10.0,90.0,30.95
2023-05-30,Tomato,Vegetables,10.75,16.13,13.44
2023-05-30,Turmeric,Herbs & Spices,18.0,120.0,54.86
2023-05-30,Wheat,Grains,15.0,50.0,22.71
2023-05-30,Peach,Fruits,10.0,200.0,39.24
2023-05-30,Green Hot Pepper,Vegetables,2.0,210.8,32.81
2023-05-30,Green Onion,Vegetables,11.54,17.32,14.43
2023-05-30,Grapes,Fruits,4.78,215.0,61.81
2023-05-30,Apple,Fruits,8.0,205.0,93.38
2023-05-30,Banana,Fruits,4.5,94.5,28.54
2023-05-30,Barley,Grains,15.14,23.75,18.56
2023-05-30,Bell Pepper,Vegetables,19.57,29.35,24.46
2023-05-30,Black pepper,Herbs & Spices,280.0,521.99,458.6
2023-05-30,Cabbage,Vegetables,11.45,17.18,14.31
2023-05-30,Cantaloupe,Fruits,11.37,17.06,14.22
2023-05-30,Green Beans,Vegetables,8.0,210.8,39.36
2023-05-30,Coriander Leaves,Herbs & Spices,21.37,32.05,26.71
2023-05-30,Corn,Grains,14.98,22.47,18.72
2023-05-30,Cucumber,Vegetables,12.54,18.81,15.68
2023-05-30,Cumin,Herbs & Spices,20.19,550.0,367.33
2023-05-30,Eggplant,Vegetables,2.0,180.8,19.27
2023-05-30,Garlic,Vegetables,3.0,400.8,56.72
2023-05-30,Ginger,Herbs & Spices,5.0,770.8,96.77
2023-05-30,Carrot,Vegetables,3.0,279.8,36.24
2023-05-31,Lemon,Fruits,8.0,138.6,44.23
2023-05-31,Mango,Fruits,2.0,180.0,38.3
2023-05-31,Mint,Herbs & Spices,9.7,14.55,12.12
2023-05-31,Okra,Vegetables,2.0,210.8,21.45
2023-05-31,Onion,Vegetables,10.98,16.48,13.73
2023-05-31,Orange,Fruits,15.0,100.0,56.07
2023-05-31,Peach,Fruits,10.0,70.0,37.39
2023-05-31,Rice,Grains,10.0,81.0,30.7
2023-05-31,Pomegranate,Fruits,4.0,180.0,76.39
2023-05-31,Potato,Vegetables,10.49,15.73,13.11
2023-05-31,Tomato,Vegetables,11.5,17.25,14.38
2023-05-31,Turmeric,Herbs & Spices,41.5,120.0,59.56
2023-05-31,Watermelon,Fruits,2.0,1000.0,16.38
2023-05-31,Wheat,Grains,15.0,78.1,22.88
2023-05-31,Guava,Fruits,5.0,120.0,43.26
2023-05-31,Pear,Fruits,75.0,160.0,120.0
2023-05-31,Green Onion,Vegetables,14.49,21.73,18.11
2023-05-31,Green Hot Pepper,Vegetables,2.0,310.8,34.22
2023-05-31,Green Beans,Vegetables,8.0,238.8,41.16
2023-05-31,Banana,Fruits,4.4,104.0,29.06
2023-05-31,Barley,Grains,13.2,23.5,18.69
2023-05-31,Bell Pepper,Vegetables,21.56,32.35,26.95
2023-05-31,Black pepper,Herbs & Spices,280.0,520.0,455.74
2023-05-31,Cabbage,Vegetables,11.99,17.99,14.99
2023-05-31,Cantaloupe,Fruits,11.4,17.1,14.25
2023-05-31,Carrot,Vegetables,3.0,300.8,34.53
2023-05-31,Apple,Fruits,7.0,211.0,92.81
2023-05-31,Corn,Grains,14.99,22.49,18.74
2023-05-31,Cucumber,Vegetables,13.34,20.0,16.67
2023-05-31,Cumin,Herbs & Spices,109.11,550.0,366.53
2023-05-31,Eggplant,Vegetables,15.78,23.67,19.72
2023-05-31,Garlic,Vegetables,3.0,150.0,54.25
2023-05-31,Ginger,Herbs & Spices,12.0,880.8,98.65
2023-05-31,Grapes,Fruits,4.75,160.0,61.1
2023-05-31,Coriander Leaves,Herbs & Spices,20.27,30.4,25.33
2023-06-01,Guava,Fruits,5.0,120.0,34.98
2023-06-01,Lemon,Fruits,7.0,155.0,45.89
2023-06-01,Mango,Fruits,2.25,180.0,38.06
2023-06-01,Mint,Herbs & Spices,10.25,15.37,12.81
2023-06-01,Okra,Vegetables,2.0,2500.0,27.17
2023-06-01,Onion,Vegetables,11.59,17.39,14.49
2023-06-01,Orange,Fruits,20.0,90.0,55.31
2023-06-01,Potato,Vegetables,2.0,140.0,13.64
2023-06-01,Pear,Fruits,60.0,100.0,80.0
2023-06-01,Pomegranate,Fruits,4.0,200.0,72.79
2023-06-01,Rice,Grains,10.0,165.0,31.29
2023-06-01,Tomato,Vegetables,12.21,18.32,15.27
2023-06-01,Turmeric,Herbs & Spices,30.11,120.0,61.05
2023-06-01,Watermelon,Fruits,2.0,155.0,10.54
2023-06-01,Green Onion,Vegetables,11.5,17.25,14.37
2023-06-01,Peach,Fruits,14.0,200.0,44.16
2023-06-01,Green Hot Pepper,Vegetables,27.98,41.97,34.98
2023-06-01,Wheat,Grains,15.01,50.9,22.97
2023-06-01,Grapes,Fruits,10.0,212.5,62.88
2023-06-01,Apple,Fruits,20.0,260.0,94.19
2023-06-01,Banana,Fruits,4.4,4000.0,38.91
2023-06-01,Barley,Grains,14.5,23.6,18.61
2023-06-01,Bell Pepper,Vegetables,3.0,246.8,27.85
2023-06-01,Black pepper,Herbs & Spices,300.0,520.0,461.69
2023-06-01,Cabbage,Vegetables,12.03,18.04,15.03
2023-06-01,Cantaloupe,Fruits,3.0,50.0,14.16
2023-06-01,Green Beans,Vegetables,7.0,204.8,42.22
2023-06-01,Coriander Leaves,Herbs & Spices,22.16,33.24,27.7
2023-06-01,Corn,Grains,14.78,22.16,18.47
2023-06-01,Cucumber,Vegetables,13.67,20.5,17.08
2023-06-01,Cumin,Herbs & Spices,15.27,550.0,378.91
2023-06-01,Eggplant,Vegetables,16.76,25.14,20.95
2023-06-01,Garlic,Vegetables,3.7,700.8,59.4
2023-06-01,Ginger,Herbs & Spices,9.25,770.8,97.43
2023-06-01,Carrot,Vegetables,3.0,270.8,35.85
2023-06-02,Guava,Fruits,5.0,120.0,42.76
2023-06-02,Lemon,Fruits,10.0,140.0,44.34
2023-06-02,Mango,Fruits,30.27,45.4,37.84
2023-06-02,Mint,Herbs & Spices,18.44,27.65,23.05
2023-06-02,Okra,Vegetables,2.0,168.8,21.67
2023-06-02,Onion,Vegetables,11.26,16.88,14.07
2023-06-02,Orange,Fruits,15.0,100.0,55.61
2023-06-02,Potato,Vegetables,10.55,15.82,13.19
2023-06-02,Pear,Fruits,70.0,85.0,78.0
2023-06-02,Pomegranate,Fruits,4.0,175.0,73.75
2023-06-02,Rice,Grains,10.0,85.0,30.29
2023-06-02,Tomato,Vegetables,12.14,18.21,15.18
2023-06-02,Turmeric,Herbs & Spices,18.0,125.0,60.75
2023-06-02,Watermelon,Fruits,2.0,50.0,9.92
2023-06-02,Green Onion,Vegetables,16.35,24.53,20.44
2023-06-02,Peach,Fruits,10.0,200.0,43.87
2023-06-02,Green Hot Pepper,Vegetables,27.64,41.46,34.55
2023-06-02,Wheat,Grains,15.8,50.0,22.84
2023-06-02,Grapes,Fruits,10.0,220.0,62.4
2023-06-02,Apple,Fruits,20.0,240.0,93.37
2023-06-02,Banana,Fruits,2.0,120.0,29.14
2023-06-02,Barley,Grains,10.0,23.6,18.48
2023-06-02,Bell Pepper,Vegetables,21.61,32.41,27.01
2023-06-02,Black pepper,Herbs & Spices,300.0,580.0,471.78
2023-06-02,Cabbage,Vegetables,11.61,17.42,14.51
2023-06-02,Cantaloupe,Fruits,3.0,50.0,14.13
2023-06-02,Green Beans,Vegetables,8.5,170.8,42.72
2023-06-02,Coriander Leaves,Herbs & Spices,20.5,30.75,25.62
2023-06-02,Corn,Grains,10.6,36.0,18.87
2023-06-02,Cucumber,Vegetables,2.0,171.8,16.05
2023-06-02,Cumin,Herbs & Spices,80.01,550.0,384.22
2023-06-02,Eggplant,Vegetables,16.23,24.35,20.29
2023-06-02,Garlic,Vegetables,10.7,750.0,56.0
2023-06-02,Ginger,Herbs & Spices,5.0,660.8,98.49
2023-06-02,Carrot,Vegetables,3.0,240.8,36.12
2023-06-03,Guava,Fruits,5.0,120.0,37.64
2023-06-03,Lemon,Fruits,4.0,170.0,43.34
2023-06-03,Mango,Fruits,4.0,180.0,37.89
2023-06-03,Mint,Herbs & Spices,11.39,17.09,14.24
2023-06-03,Okra,Vegetables,2.0,200.8,21.73
2023-06-03,Onion,Vegetables,10.96,16.44,13.7
2023-06-03,Orange,Fruits,15.0,190.0,59.1
2023-06-03,Potato,Vegetables,10.45,15.67,13.06
2023-06-03,Pear,Fruits,15.0,80.0,45.25
2023-06-03,Pomegranate,Fruits,4.0,200.0,72.58
2023-06-03,Rice,Grains,10.0,85.0,30.36
2023-06-03,Tomato,Vegetables,12.21,18.31,15.26
2023-06-03,Turmeric,Herbs & Spices,17.0,120.0,57.61
2023-06-03,Watermelon,Fruits,7.72,11.58,9.65
2023-06-03,Green Onion,Vegetables,16.61,24.91,20.76
2023-06-03,Peach,Fruits,10.0,190.0,39.42
2023-06-03,Wheat,Grains,13.01,60.08,23.0
2023-06-03,Green Hot Pepper,Vegetables,27.3,40.95,34.13
2023-06-03,Grapes,Fruits,7.0,200.0,63.53
2023-06-03,Green Beans,Vegetables,7.0,195.8,41.51
2023-06-03,Apple,Fruits,21.0,220.0,93.83
2023-06-03,Banana,Fruits,22.13,33.19,27.66
2023-06-03,Barley,Grains,10.0,31.5,18.48
2023-06-03,Bell Pepper,Vegetables,2.0,280.8,27.35
2023-06-03,Cabbage,Vegetables,11.26,16.89,14.08
2023-06-03,Cantaloupe,Fruits,10.7,16.05,13.37
2023-06-03,Black pepper,Herbs & Spices,300.0,520.0,462.61
2023-06-03,Coriander Leaves,Herbs & Spices,19.87,29.8,24.83
2023-06-03,Corn,Grains,15.04,22.57,18.81
2023-06-03,Cucumber,Vegetables,13.36,20.04,16.7
2023-06-03,Cumin,Herbs & Spices,102.5,550.0,403.34
2023-06-03,Eggplant,Vegetables,2.0,350.0,19.85
2023-06-03,Garlic,Vegetables,2.0,735.8,58.57
2023-06-03,Ginger,Herbs & Spices,9.25,990.8,98.09
2023-06-03,Carrot,Vegetables,3.0,95.0,33.24
2023-06-04,Onion,Vegetables,10.33,15.49,12.91
2023-06-04,Guava,Fruits,10.0,45.0,28.42
2023-06-04,Lemon,Fruits,7.0,120.0,42.46
2023-06-04,Mango,Fruits,4.0,117.5,30.29
2023-06-04,Mint,Herbs & Spices,9.54,14.31,11.92
2023-06-04,Okra,Vegetables,16.44,24.65,20.54
2023-06-04,Orange,Fruits,15.0,100.0,50.04
2023-06-04,Wheat,Grains,17.0,42.0,22.44
2023-06-04,Pear,Fruits,15.0,85.0,51.53
2023-06-04,Pomegranate,Fruits,10.0,225.0,67.3
2023-06-04,Potato,Vegetables,2.0,40.0,12.26
2023-06-04,Rice,Grains,10.0,85.0,30.69
2023-06-04,Tomato,Vegetables,12.04,18.06,15.05
2023-06-04,Turmeric,Herbs & Spices,57.0,97.0,81.75
2023-06-04,Watermelon,Fruits,2.0,42.0,9.61
2023-06-04,Peach,Fruits,14.0,60.0,33.32
2023-06-04,Green Hot Pepper,Vegetables,5.0,150.0,34.13
2023-06-04,Green Onion,Vegetables,15.57,23.36,19.46
2023-06-04,Grapes,Fruits,15.0,212.5,54.37
2023-06-04,Apple,Fruits,10.0,250.0,89.39
2023-06-04,Banana,Fruits,4.4,62.0,25.55
2023-06-04,Barley,Grains,15.0,23.5,19.27
2023-06-04,Bell Pepper,Vegetables,3.0,120.0,26.42
2023-06-04,Black pepper,Herbs & Spices,418.0,500.0,463.33
2023-06-04,Cabbage,Vegetables,10.83,16.25,13.54
2023-06-04,Cantaloupe,Fruits,10.0,15.01,12.51
2023-06-04,Green Beans,Vegetables,8.0,80.0,36.79
2023-06-04,Coriander Leaves,Herbs & Spices,14.86,22.29,18.58
2023-06-04,Corn,Grains,8.0,25.0,18.52
2023-06-04,Cucumber,Vegetables,13.19,19.79,16.49
2023-06-04,Cumin,Herbs & Spices,390.0,435.0,420.0
2023-06-04,Eggplant,Vegetables,15.61,23.42,19.52
2023-06-04,Garlic,Vegetables,12.0,170.0,51.43
2023-06-04,Ginger,Herbs & Spices,9.0,200.0,86.22
2023-06-04,Carrot,Vegetables,5.0,91.0,29.91
2023-06-05,Guava,Fruits,5.0,120.0,50.03
2023-06-05,Lemon,Fruits,10.0,180.0,43.9
2023-06-05,Mint,Herbs & Spices,10.21,15.31,12.76
2023-06-05,Okra,Vegetables,2.5,200.8,22.12
2023-06-05,Onion,Vegetables,11.22,16.83,14.02
2023-06-05,Orange,Fruits,18.0,200.0,66.11
2023-06-05,Peach,Fruits,8.0,180.0,40.26
2023-06-05,Rice,Grains,10.0,85.0,30.77
2023-06-05,Pomegranate,Fruits,4.0,180.0,72.91
2023-06-05,Potato,Vegetables,10.38,15.56,12.97
2023-06-05,Green Onion,Vegetables,14.15,21.23,17.69
2023-06-05,Tomato,Vegetables,13.08,19.62,16.35
2023-06-05,Turmeric,Herbs & Spices,30.0,150.0,61.94
2023-06-05,Watermelon,Fruits,7.56,11.34,9.45
2023-06-05,Wheat,Grains,14.97,53.99,23.03
2023-06-05,Pear,Fruits,15.0,145.0,65.25
2023-06-05,Green Hot Pepper,Vegetables,28.37,42.55,35.46
2023-06-05,Mango,Fruits,4.0,200.0,36.48
2023-06-05,Grapes,Fruits,18.0,225.0,64.49
2023-06-05,Green Beans,Vegetables,8.0,228.0,43.73
2023-06-05,Banana,Fruits,4.4,120.0,29.18
2023-06-05,Barley,Grains,13.0,23.5,18.5
2023-06-05,Bell Pepper,Vegetables,20.57,30.86,25.71
2023-06-05,Black pepper,Herbs & Spices,408.95,580.0,470.9
2023-06-05,Cabbage,Vegetables,12.28,18.42,15.35
2023-06-05,Cantaloupe,Fruits,10.86,16.29,13.57
2023-06-05,Carrot,Vegetables,3.0,310.8,37.49
2023-06-05,Apple,Fruits,20.0,250.0,94.89
2023-06-05,Corn,Grains,14.84,22.26,18.55
2023-06-05,Cucumber,Vegetables,13.63,20.44,17.04
2023-06-05,Cumin,Herbs & Spices,19.09,550.0,386.78
2023-06-05,Eggplant,Vegetables,2.1,210.8,21.07
2023-06-05,Garlic,Vegetables,13.0,630.8,58.46
2023-06-05,Ginger,Herbs & Spices,14.2,880.8,108.43
2023-06-05,Coriander Leaves,Herbs & Spices,20.01,30.02,25.02
2023-06-06,Guava,Fruits,5.0,120.0,44.83
2023-06-06,Lemon,Fruits,7.0,160.0,43.76
2023-06-06,Mango,Fruits,3.25,190.0,36.77
2023-06-06,Mint,Herbs & Spices,25.83,38.74,32.29
2023-06-06,Okra,Vegetables,2.0,160.8,22.4
2023-06-06,Onion,Vegetables,11.1,16.65,13.88
2023-06-06,Orange,Fruits,22.5,100.0,51.66
2023-06-06,Potato,Vegetables,10.81,16.21,13.51
2023-06-06,Pear,Fruits,15.0,100.0,57.8
2023-06-06,Pomegranate,Fruits,4.0,180.0,72.53
2023-06-06,Rice,Grains,10.0,90.0,31.11
2023-06-06,Tomato,Vegetables,13.3,19.95,16.63
2023-06-06,Turmeric,Herbs & Spices,30.11,120.0,60.46
2023-06-06,Watermelon,Fruits,2.0,42.0,9.39
2023-06-06,Green Onion,Vegetables,11.25,16.87,14.06
2023-06-06,Peach,Fruits,9.0,150.0,41.05
2023-06-06,Green Hot Pepper,Vegetables,29.01,43.51,36.26
2023-06-06,Wheat,Grains,16.0,51.59,22.84
2023-06-06,Grapes,Fruits,8.0,225.0,62.39
2023-06-06,Apple,Fruits,20.0,220.0,94.57
2023-06-06,Banana,Fruits,5.0,500.0,30.01
2023-06-06,Barley,Grains,13.21,23.5,18.3
2023-06-06,Bell Pepper,Vegetables,2.0,200.8,26.57
2023-06-06,Black pepper,Herbs & Spices,271.0,580.0,454.28
2023-06-06,Cabbage,Vegetables,12.89,19.34,16.12
2023-06-06,Cantaloupe,Fruits,3.0,55.0,14.08
2023-06-06,Green Beans,Vegetables,9.0,163.0,40.04
2023-06-06,Coriander Leaves,Herbs & Spices,24.31,36.47,30.39
2023-06-06,Corn,Grains,15.0,22.51,18.76
2023-06-06,Cucumber,Vegetables,13.44,20.16,16.8
2023-06-06,Cumin,Herbs & Spices,205.5,550.0,393.65
2023-06-06,Eggplant,Vegetables,2.0,360.0,21.27
2023-06-06,Garlic,Vegetables,2.5,625.8,58.75
2023-06-06,Ginger,Herbs & Spices,9.15,770.8,103.13
2023-06-06,Carrot,Vegetables,4.0,560.0,39.82
2023-06-07,Guava,Fruits,5.0,120.0,43.39
2023-06-07,Lemon,Fruits,7.0,154.0,45.02
2023-06-07,Mango,Fruits,3.75,190.0,38.0
2023-06-07,Mint,Herbs & Spices,9.74,14.6,12.17
2023-06-07,Okra,Vegetables,21.18,31.78,26.48
2023-06-07,Onion,Vegetables,11.5,17.25,14.38
2023-06-07,Orange,Fruits,15.0,100.0,57.65
2023-06-07,Potato,Vegetables,2.0,160.8,13.22
2023-06-07,Pear,Fruits,85.0,100.0,94.0
2023-06-07,Pomegranate,Fruits,4.0,250.0,74.79
2023-06-07,Rice,Grains,10.0,77.0,30.63
2023-06-07,Tomato,Vegetables,13.03,19.55,16.29
2023-06-07,Turmeric,Herbs & Spices,20.0,120.0,59.84
2023-06-07,Watermelon,Fruits,2.0,42.0,10.11
2023-06-07,Green Onion,Vegetables,15.09,22.63,18.86
2023-06-07,Peach,Fruits,8.0,130.0,41.51
2023-06-07,Green Hot Pepper,Vegetables,27.85,41.77,34.81
2023-06-07,Wheat,Grains,13.0,200.0,22.83
2023-06-07,Grapes,Fruits,7.0,230.0,64.08
2023-06-07,Green Beans,Vegetables,8.0,272.8,42.01
2023-06-07,Apple,Fruits,5.0,250.0,93.49
2023-06-07,Banana,Fruits,3.0,4000.0,38.89
2023-06-07,Barley,Grains,14.0,27.0,18.34
2023-06-07,Bell Pepper,Vegetables,2.0,246.8,26.92
2023-06-07,Cabbage,Vegetables,11.9,17.86,14.88
2023-06-07,Cantaloupe,Fruits,10.91,16.36,13.64
2023-06-07,Black pepper,Herbs & Spices,300.0,520.0,466.36
2023-06-07,Coriander Leaves,Herbs & Spices,19.64,29.46,24.55
2023-06-07,Carrot,Vegetables,29.96,44.94,37.45
2023-06-07,Garlic,Vegetables,5.5,360.8,59.27
2023-06-07,Eggplant,Vegetables,16.63,24.95,20.79
2023-06-07,Ginger,Herbs & Spices,9.3,788.0,99.29
2023-06-07,Cucumber,Vegetables,13.4,20.1,16.75
2023-06-07,Corn,Grains,9.0,37.0,18.7
2023-06-07,Cumin,Herbs & Spices,80.0,550.0,391.14
2023-06-08,Guava,Fruits,5.0,120.0,44.81
2023-06-08,Lemon,Fruits,7.0,124.0,44.3
2023-06-08,Mint,Herbs & Spices,15.41,23.11,19.26
2023-06-08,Okra,Vegetables,2.5,2000.0,27.7
2023-06-08,Onion,Vegetables,11.49,17.23,14.36
2023-06-08,Orange,Fruits,11.0,120.0,53.27
2023-06-08,Peach,Fruits,10.0,70.0,34.97
2023-06-08,Pomegranate,Fruits,4.0,300.0,74.43
2023-06-08,Green Onion,Vegetables,13.97,20.96,17.47
2023-06-08,Rice,Grains,10.0,85.0,30.76
2023-06-08,Tomato,Vegetables,13.17,19.75,16.46
2023-06-08,Turmeric,Herbs & Spices,20.0,120.0,56.88
2023-06-08,Watermelon,Fruits,2.0,42.0,9.74
2023-06-08,Wheat,Grains,15.5,60.0,22.84
2023-06-08,Pear,Fruits,14.0,85.0,48.7
2023-06-08,Potato,Vegetables,10.57,15.86,13.21
2023-06-08,Mango,Fruits,4.75,400.0,37.28
2023-06-08,Grapes,Fruits,14.0,230.0,69.51
2023-06-08,Green Beans,Vegetables,8.0,238.8,41.1
2023-06-08,Apple,Fruits,7.0,250.0,94.28
2023-06-08,Banana,Fruits,3.4,4000.0,38.65
2023-06-08,Barley,Grains,13.0,23.7,18.43
2023-06-08,Bell Pepper,Vegetables,3.0,300.0,26.59
2023-06-08,Black pepper,Herbs & Spices,300.0,560.0,465.3
2023-06-08,Cabbage,Vegetables,11.75,17.63,14.69
2023-06-08,Cantaloupe,Fruits,11.3,16.94,14.12
2023-06-08,Green Hot Pepper,Vegetables,3.0,300.0,34.84
2023-06-08,Coriander Leaves,Herbs & Spices,20.71,31.07,25.89
2023-06-08,Corn,Grains,14.89,22.33,18.61
2023-06-08,Cucumber,Vegetables,2.0,135.8,17.48
2023-06-08,Cumin,Herbs & Spices,236.5,550.0,408.4
2023-06-08,Eggplant,Vegetables,16.76,25.14,20.95
2023-06-08,Garlic,Vegetables,9.0,525.8,59.95
2023-06-08,Ginger,Herbs & Spices,9.3,675.8,96.68
2023-06-08,Carrot,Vegetables,3.0,270.8,38.04
2023-06-09,Guava,Fruits,5.0,120.0,41.33
2023-06-09,Lemon,Fruits,7.0,139.5,43.72
2023-06-09,Mango,Fruits,4.0,140.0,37.2
2023-06-09,Mint,Herbs & Spices,11.24,16.86,14.05
2023-06-09,Okra,Vegetables,2.5,180.8,23.22
2023-06-09,Onion,Vegetables,11.2,16.8,14.0
2023-06-09,Orange,Fruits,15.0,150.0,56.45
2023-06-09,Potato,Vegetables,10.41,15.61,13.01
2023-06-09,Pear,Fruits,14.0,15.0,14.5
2023-06-09,Pomegranate,Fruits,4.0,255.0,77.11
2023-06-09,Rice,Grains,10.0,85.0,30.62
2023-06-09,Tomato,Vegetables,13.39,20.09,16.74
2023-06-09,Turmeric,Herbs & Spices,19.0,120.0,59.84
2023-06-09,Watermelon,Fruits,2.0,42.0,9.5
2023-06-09,Green Onion,Vegetables,17.93,26.9,22.42
2023-06-09,Peach,Fruits,9.0,90.0,35.0
2023-06-09,Wheat,Grains,14.0,60.0,22.94
2023-06-09,Green Hot Pepper,Vegetables,27.76,41.64,34.7
2023-06-09,Grapes,Fruits,25.0,225.0,66.74
2023-06-09,Apple,Fruits,12.0,230.0,93.15
2023-06-09,Banana,Fruits,4.01,120.0,29.08
2023-06-09,Barley,Grains,7.6,23.5,18.41
2023-06-09,Bell Pepper,Vegetables,2.0,164.8,25.72
2023-06-09,Black pepper,Herbs & Spices,280.0,600.89,469.52
2023-06-09,Cabbage,Vegetables,12.02,18.03,15.02
2023-06-09,Cantaloupe,Fruits,11.13,16.7,13.92
2023-06-09,Green Beans,Vegetables,10.0,204.8,41.8
2023-06-09,Coriander Leaves,Herbs & Spices,18.78,28.17,23.47
2023-06-09,Corn,Grains,8.0,45.5,18.74
2023-06-09,Cucumber,Vegetables,2.0,120.8,16.76
2023-06-09,Cumin,Herbs & Spices,89.0,550.0,393.77
2023-06-09,Eggplant,Vegetables,2.0,200.0,20.77
2023-06-09,Garlic,Vegetables,5.42,420.8,59.24
2023-06-09,Ginger,Herbs & Spices,8.75,563.0,99.55
2023-06-09,Carrot,Vegetables,4.0,240.8,38.81
2023-06-10,Lemon,Fruits,5.0,124.0,41.58
2023-06-10,Mango,Fruits,4.75,140.0,37.26
2023-06-10,Mint,Herbs & Spices,10.73,16.09,13.41
2023-06-10,Okra,Vegetables,2.5,98.0,21.55
2023-06-10,Onion,Vegetables,10.58,15.87,13.23
2023-06-10,Orange,Fruits,25.0,120.0,53.58
2023-06-10,Peach,Fruits,10.0,180.0,38.82
2023-06-10,Rice,Grains,10.0,85.5,30.39
2023-06-10,Pomegranate,Fruits,5.0,200.0,76.12
2023-06-10,Potato,Vegetables,9.88,14.83,12.35
2023-06-10,Tomato,Vegetables,12.68,19.01,15.85
2023-06-10,Turmeric,Herbs & Spices,19.0,120.0,60.1
2023-06-10,Watermelon,Fruits,2.0,50.0,9.48
2023-06-10,Wheat,Grains,15.0,60.0,22.83
2023-06-10,Guava,Fruits,5.0,100.0,37.68
2023-06-10,Pear,Fruits,14.0,195.0,103.3
2023-06-10,Green Onion,Vegetables,12.41,18.61,15.51
2023-06-10,Green Hot Pepper,Vegetables,3.0,170.0,32.81
2023-06-10,Green Beans,Vegetables,7.0,70.0,36.21
2023-06-10,Banana,Fruits,4.5,112.5,28.08
2023-06-10,Barley,Grains,11.31,23.5,18.18
2023-06-10,Bell Pepper,Vegetables,2.0,120.0,24.54
2023-06-10,Black pepper,Herbs & Spices,300.0,500.0,460.37
2023-06-10,Cabbage,Vegetables,11.3,16.94,14.12
2023-06-10,Cantaloupe,Fruits,3.0,43.75,13.69
2023-06-10,Carrot,Vegetables,4.0,95.0,35.37
2023-06-10,Apple,Fruits,20.0,250.0,95.67
2023-06-10,Corn,Grains,7.6,40.0,18.44
2023-06-10,Cucumber,Vegetables,2.0,62.0,16.51
2023-06-10,Cumin,Herbs & Spices,227.5,550.0,402.3
2023-06-10,Eggplant,Vegetables,2.0,113.0,19.68
2023-06-10,Garlic,Vegetables,3.0,150.0,54.36
2023-06-10,Ginger,Herbs & Spices,9.3,200.0,86.86
2023-06-10,Grapes,Fruits,10.0,150.0,61.34
2023-06-10,Coriander Leaves,Herbs & Spices,17.06,25.6,21.33
2023-06-11,Guava,Fruits,15.0,45.0,24.39
2023-06-11,Lemon,Fruits,7.0,90.0,42.17
2023-06-11,Mango,Fruits,4.0,140.0,30.9
2023-06-11,Mint,Herbs & Spices,12.13,18.2,15.16
2023-06-11,Okra,Vegetables,2.2,80.0,20.35
2023-06-11,Onion,Vegetables,10.42,15.62,13.02
2023-06-11,Orange,Fruits,35.0,130.0,56.86
2023-06-11,Potato,Vegetables,2.5,40.0,12.2
2023-06-11,Pear,Fruits,14.0,85.0,47.35
2023-06-11,Pomegranate,Fruits,2.5,250.0,67.43
2023-06-11,Rice,Grains,10.0,85.5,31.24
2023-06-11,Tomato,Vegetables,13.36,20.04,16.7
2023-06-11,Turmeric,Herbs & Spices,95.65,97.1,96.5
2023-06-11,Watermelon,Fruits,2.6,40.0,9.87
2023-06-11,Green Onion,Vegetables,14.1,21.15,17.63
2023-06-11,Peach,Fruits,14.0,60.0,31.03
2023-06-11,Green Hot Pepper,Vegetables,4.0,150.0,35.93
2023-06-11,Wheat,Grains,13.51,34.0,22.38
2023-06-11,Grapes,Fruits,25.0,150.0,78.9
2023-06-11,Apple,Fruits,11.0,250.0,91.6
2023-06-11,Banana,Fruits,4.5,75.0,24.62
2023-06-11,Barley,Grains,14.0,24.0,18.9
2023-06-11,Bell Pepper,Vegetables,4.0,100.0,26.57
2023-06-11,Black pepper,Herbs & Spices,418.0,480.0,445.0
2023-06-11,Cabbage,Vegetables,10.72,16.08,13.4
2023-06-11,Cantaloupe,Fruits,10.13,15.19,12.66
2023-06-11,Green Beans,Vegetables,8.0,68.0,31.9
2023-06-11,Coriander Leaves,Herbs & Spices,16.56,24.85,20.71
2023-06-11,Corn,Grains,8.3,26.0,18.04
2023-06-11,Cucumber,Vegetables,3.0,60.0,16.76
2023-06-11,Cumin,Herbs & Spices,350.0,457.55,409.4
2023-06-11,Eggplant,Vegetables,15.49,23.23,19.36
2023-06-11,Garlic,Vegetables,9.5,180.0,53.4
2023-06-11,Ginger,Herbs & Spices,9.3,200.0,86.75
2023-06-11,Carrot,Vegetables,5.0,90.0,32.6
2023-06-12,Guava,Fruits,5.0,120.0,42.1
2023-06-12,Lemon,Fruits,5.0,107.8,43.15
2023-06-12,Mango,Fruits,3.0,120.0,36.15
2023-06-12,Mint,Herbs & Spices,29.48,44.22,36.85
2023-06-12,Okra,Vegetables,2.0,200.8,23.3
2023-06-12,Onion,Vegetables,11.55,17.33,14.44
2023-06-12,Orange,Fruits,30.0,120.0,56.65
2023-06-12,Potato,Vegetables,10.65,15.98,13.31
2023-06-12,Pear,Fruits,14.0,196.0,111.4
2023-06-12,Pomegranate,Fruits,4.0,225.0,77.24
2023-06-12,Rice,Grains,10.0,90.0,31.13
2023-06-12,Tomato,Vegetables,14.7,22.05,18.37
2023-06-12,Turmeric,Herbs & Spices,19.0,150.0,57.96
2023-06-12,Watermelon,Fruits,2.0,110.0,10.9
2023-06-12,Green Onion,Vegetables,17.0,25.5,21.25
2023-06-12,Peach,Fruits,2.5,160.0,37.48
2023-06-12,Green Hot Pepper,Vegetables,30.41,45.61,38.01
2023-06-12,Wheat,Grains,14.0,60.13,22.95
2023-06-12,Grapes,Fruits,13.0,230.0,76.87
2023-06-12,Apple,Fruits,5.0,240.0,96.86
2023-06-12,Banana,Fruits,4.0,120.0,30.11
2023-06-12,Barley,Grains,14.0,23.6,18.3
2023-06-12,Bell Pepper,Vegetables,2.0,280.8,29.24
2023-06-12,Black pepper,Herbs & Spices,270.6,560.0,451.92
2023-06-12,Cabbage,Vegetables,11.93,17.9,14.91
2023-06-12,Cantaloupe,Fruits,11.35,17.02,14.19
2023-06-12,Green Beans,Vegetables,10.0,228.0,43.14
2023-06-12,Coriander Leaves,Herbs & Spices,23.05,34.58,28.82
2023-06-12,Corn,Grains,14.77,22.15,18.46
2023-06-12,Cucumber,Vegetables,13.87,20.81,17.34
2023-06-12,Cumin,Herbs & Spices,215.05,496.0,408.83
2023-06-12,Eggplant,Vegetables,17.76,26.64,22.2
2023-06-12,Garlic,Vegetables,7.37,630.8,62.88
2023-06-12,Ginger,Herbs & Spices,14.0,675.8,101.04
2023-06-12,Carrot,Vegetables,4.0,325.8,41.29
2023-06-13,Guava,Fruits,5.0,120.0,46.19
2023-06-13,Lemon,Fruits,5.0,139.5,42.63
2023-06-13,Mango,Fruits,3.0,140.0,37.15
2023-06-13,Mint,Herbs & Spices,11.85,17.78,14.82
2023-06-13,Okra,Vegetables,2.2,180.8,22.99
2023-06-13,Onion,Vegetables,11.48,17.22,14.35
2023-06-13,Orange,Fruits,15.0,120.0,53.75
2023-06-13,Potato,Vegetables,10.54,15.81,13.18
2023-06-13,Pear,Fruits,14.0,192.0,112.51
2023-06-13,Pomegranate,Fruits,4.0,270.0,78.64
2023-06-13,Rice,Grains,10.0,90.0,31.05
2023-06-13,Tomato,Vegetables,14.57,21.85,18.21
2023-06-13,Turmeric,Herbs & Spices,18.0,120.0,56.65
2023-06-13,Watermelon,Fruits,2.0,40.0,9.56
2023-06-13,Green Onion,Vegetables,16.59,24.89,20.74
2023-06-13,Peach,Fruits,10.0,120.0,33.99
2023-06-13,Wheat,Grains,15.0,63.0,22.71
2023-06-13,Green Hot Pepper,Vegetables,29.35,44.02,36.68
2023-06-13,Grapes,Fruits,25.0,220.0,77.14
2023-06-13,Green Beans,Vegetables,7.0,195.8,41.28
2023-06-13,Apple,Fruits,8.8,240.0,95.34
2023-06-13,Banana,Fruits,4.0,95.0,28.81
2023-06-13,Barley,Grains,12.81,32.8,18.15
2023-06-13,Bell Pepper,Vegetables,2.0,240.8,26.87
2023-06-13,Cabbage,Vegetables,11.89,17.84,14.87
2023-06-13,Cantaloupe,Fruits,2.0,50.0,14.69
2023-06-13,Black pepper,Herbs & Spices,280.0,560.0,463.86
2023-06-13,Coriander Leaves,Herbs & Spices,22.21,33.32,27.77
2023-06-13,Corn,Grains,14.69,22.03,18.36
2023-06-13,Cucumber,Vegetables,2.0,158.0,17.2
2023-06-13,Cumin,Herbs & Spices,30.0,550.0,404.05
2023-06-13,Eggplant,Vegetables,2.0,194.0,21.34
2023-06-13,Garlic,Vegetables,4.0,525.8,61.32
2023-06-13,Ginger,Herbs & Spices,13.5,550.8,100.53
2023-06-13,Carrot,Vegetables,4.0,293.0,39.32
2023-06-14,Onion,Vegetables,11.95,17.92,14.93
2023-06-14,Wheat,Grains,14.5,60.0,22.6
2023-06-14,Lemon,Fruits,5.0,108.5,41.22
2023-06-14,Mango,Fruits,3.0,150.0,36.32
2023-06-14,Mint,Herbs & Spices,12.63,18.94,15.78
2023-06-14,Okra,Vegetables,3.0,2000.0,27.13
2023-06-14,Orange,Fruits,15.0,120.0,55.66
2023-06-14,Green Onion,Vegetables,16.3,24.45,20.37
2023-06-14,Pear,Fruits,14.0,190.0,89.9
2023-06-14,Pomegranate,Fruits,4.0,277.75,81.13
2023-06-14,Potato,Vegetables,2.0,140.8,13.49
2023-06-14,Rice,Grains,10.0,70.0,30.93
2023-06-14,Tomato,Vegetables,15.49,23.23,19.36
2023-06-14,Turmeric,Herbs & Spices,35.11,150.0,64.68
2023-06-14,Watermelon,Fruits,2.85,35.0,9.68
2023-06-14,Peach,Fruits,10.0,120.0,38.21
2023-06-14,Green Hot Pepper,Vegetables,30.11,45.17,37.64
2023-06-14,Guava,Fruits,5.0,90.0,39.0
2023-06-14,Grapes,Fruits,13.0,150.0,72.04
2023-06-14,Apple,Fruits,11.0,270.0,98.42
2023-06-14,Banana,Fruits,4.11,4000.0,38.84
2023-06-14,Barley,Grains,14.0,25.15,18.24
2023-06-14,Bell Pepper,Vegetables,3.0,298.0,27.34
2023-06-14,Black pepper,Herbs & Spices,280.0,580.0,462.24
2023-06-14,Cabbage,Vegetables,11.97,17.95,14.96
2023-06-14,Cantaloupe,Fruits,11.92,17.88,14.9
2023-06-14,Green Beans,Vegetables,10.0,245.8,43.86
2023-06-14,Coriander Leaves,Herbs & Spices,22.47,33.71,28.09
2023-06-14,Corn,Grains,14.89,22.34,18.62
2023-06-14,Cucumber,Vegetables,14.11,21.17,17.64
2023-06-14,Cumin,Herbs & Spices,79.0,550.0,410.66
2023-06-14,Eggplant,Vegetables,17.07,25.6,21.33
2023-06-14,Garlic,Vegetables,4.0,405.8,60.33
2023-06-14,Ginger,Herbs & Spices,9.3,700.8,102.55
2023-06-14,Carrot,Vegetables,4.0,425.8,41.96
2023-06-15,Lemon,Fruits,5.0,138.6,41.98
2023-06-15,Mango,Fruits,5.0,140.0,35.75
2023-06-15,Mint,Herbs & Spices,10.84,16.25,13.55
2023-06-15,Okra,Vegetables,2.0,203.0,23.53
2023-06-15,Onion,Vegetables,11.55,17.32,14.43
2023-06-15,Orange,Fruits,15.0,130.0,57.3
2023-06-15,Peach,Fruits,10.0,75.0,33.64
2023-06-15,Rice,Grains,10.0,90.0,31.54
2023-06-15,Pomegranate,Fruits,4.0,255.0,79.79
2023-06-15,Potato,Vegetables,10.67,16.0,13.33
2023-06-15,Tomato,Vegetables,15.58,23.37,19.48
2023-06-15,Turmeric,Herbs & Spices,18.0,120.0,58.18
2023-06-15,Watermelon,Fruits,2.0,103.0,10.77
2023-06-15,Wheat,Grains,15.51,60.0,22.58
2023-06-15,Guava,Fruits,5.0,100.0,42.03
2023-06-15,Pear,Fruits,14.0,190.0,73.68
2023-06-15,Green Onion,Vegetables,16.56,24.84,20.7
2023-06-15,Green Hot Pepper,Vegetables,30.8,46.2,38.5
2023-06-15,Green Beans,Vegetables,9.0,210.8,44.67
2023-06-15,Banana,Fruits,4.0,105.0,29.69
2023-06-15,Barley,Grains,14.0,23.5,18.58
2023-06-15,Bell Pepper,Vegetables,2.0,255.8,28.5
2023-06-15,Black pepper,Herbs & Spices,280.0,517.0,455.64
2023-06-15,Cabbage,Vegetables,11.99,17.99,14.99
2023-06-15,Cantaloupe,Fruits,11.84,17.76,14.8
2023-06-15,Carrot,Vegetables,4.0,383.0,41.36
2023-06-15,Apple,Fruits,6.0,250.0,99.72
2023-06-15,Corn,Grains,6.0,40.0,18.35
2023-06-15,Cucumber,Vegetables,2.0,135.8,17.77
2023-06-15,Cumin,Herbs & Spices,150.0,550.0,399.7
2023-06-15,Eggplant,Vegetables,17.65,26.47,22.06
2023-06-15,Garlic,Vegetables,10.0,338.0,59.24
2023-06-15,Ginger,Herbs & Spices,8.0,600.8,103.69
2023-06-15,Grapes,Fruits,25.0,200.0,69.0
2023-06-15,Coriander Leaves,Herbs & Spices,23.66,35.49,29.58
2023-06-16,Lemon,Fruits,5.0,124.0,41.93
2023-06-16,Mango,Fruits,5.0,200.0,34.96
2023-06-16,Mint,Herbs & Spices,9.97,14.96,12.47
2023-06-16,Okra,Vegetables,3.0,2000.0,27.38
2023-06-16,Onion,Vegetables,11.98,17.97,14.98
2023-06-16,Orange,Fruits,15.0,120.0,57.43
2023-06-16,Peach,Fruits,10.0,120.0,32.87
2023-06-16,Rice,Grains,10.0,85.5,30.64
2023-06-16,Pomegranate,Fruits,4.0,255.0,77.69
2023-06-16,Potato,Vegetables,10.62,15.93,13.28
2023-06-16,Tomato,Vegetables,15.78,23.67,19.73
2023-06-16,Turmeric,Herbs & Spices,20.0,120.0,63.29
2023-06-16,Watermelon,Fruits,2.0,83.0,10.99
2023-06-16,Wheat,Grains,13.0,60.0,22.56
2023-06-16,Guava,Fruits,5.0,120.0,41.05
2023-06-16,Pear,Fruits,14.0,85.0,58.6
2023-06-16,Green Onion,Vegetables,16.57,24.86,20.72
2023-06-16,Green Hot Pepper,Vegetables,29.74,44.61,37.18
2023-06-16,Green Beans,Vegetables,7.0,175.8,46.97
2023-06-16,Banana,Fruits,4.5,112.5,28.26
2023-06-16,Barley,Grains,13.5,30.0,18.57
2023-06-16,Bell Pepper,Vegetables,2.0,213.0,28.31
2023-06-16,Black pepper,Herbs & Spices,280.0,700.0,472.2
2023-06-16,Cabbage,Vegetables,12.09,18.13,15.11
2023-06-16,Cantaloupe,Fruits,11.48,17.22,14.35
2023-06-16,Carrot,Vegetables,4.0,340.8,40.94
2023-06-16,Apple,Fruits,21.0,280.0,96.79
2023-06-16,Corn,Grains,7.75,40.0,18.72
2023-06-16,Cucumber,Vegetables,2.0,120.8,17.45
2023-06-16,Cumin,Herbs & Spices,300.0,550.0,433.58
2023-06-16,Eggplant,Vegetables,17.09,25.63,21.36
2023-06-16,Garlic,Vegetables,14.8,270.8,60.94
2023-06-16,Ginger,Herbs & Spices,3.0,500.8,104.55
2023-06-16,Grapes,Fruits,12.0,150.0,69.06
2023-06-16,Coriander Leaves,Herbs & Spices,20.25,30.37,25.31
2023-06-17,Lemon,Fruits,7.0,138.6,41.87
2023-06-17,Mango,Fruits,3.0,6000.0,54.31
2023-06-17,Mint,Herbs & Spices,14.24,21.36,17.8
2023-06-17,Okra,Vegetables,2.0,225.8,22.52
2023-06-17,Onion,Vegetables,11.67,17.5,14.59
2023-06-17,Orange,Fruits,15.0,130.0,55.05
2023-06-17,Peach,Fruits,10.0,70.0,35.38
2023-06-17,Rice,Grains,10.0,85.5,30.76
2023-06-17,Pomegranate,Fruits,3.0,220.0,78.62
2023-06-17,Potato,Vegetables,10.8,16.2,13.5
2023-06-17,Tomato,Vegetables,2.0,300.8,20.42
2023-06-17,Turmeric,Herbs & Spices,35.01,120.0,65.2
2023-06-17,Watermelon,Fruits,2.0,93.0,10.7
2023-06-17,Wheat,Grains,15.0,61.51,22.75
2023-06-17,Guava,Fruits,5.0,120.0,41.78
2023-06-17,Pear,Fruits,14.0,15.0,14.5
2023-06-17,Green Onion,Vegetables,21.93,32.9,27.41
2023-06-17,Green Hot Pepper,Vegetables,30.97,46.46,38.72
2023-06-17,Green Beans,Vegetables,7.0,245.8,44.86
2023-06-17,Banana,Fruits,4.11,100.0,28.47
2023-06-17,Barley,Grains,14.0,23.5,18.49
2023-06-17,Bell Pepper,Vegetables,2.0,400.8,29.52
2023-06-17,Black pepper,Herbs & Spices,280.0,585.0,461.43
2023-06-17,Cabbage,Vegetables,11.94,17.92,14.93
2023-06-17,Cantaloupe,Fruits,12.14,18.2,15.17
2023-06-17,Carrot,Vegetables,4.0,450.8,42.05
2023-06-17,Apple,Fruits,20.0,300.0,96.52
2023-06-17,Corn,Grains,14.77,22.15,18.46
2023-06-17,Cucumber,Vegetables,2.0,210.8,17.56
2023-06-17,Cumin,Herbs & Spices,30.11,550.0,382.29
2023-06-17,Eggplant,Vegetables,17.06,25.58,21.32
2023-06-17,Garlic,Vegetables,3.0,640.8,61.84
2023-06-17,Ginger,Herbs & Spices,18.0,840.8,105.81
2023-06-17,Grapes,Fruits,24.0,250.0,68.27
2023-06-17,Coriander Leaves,Herbs & Spices,23.99,35.99,29.99
2023-06-18,Guava,Fruits,15.0,50.0,27.71
2023-06-18,Lemon,Fruits,10.0,92.0,42.21
2023-06-18,Mango,Fruits,4.0,120.0,28.52
2023-06-18,Mint,Herbs & Spices,7.34,11.01,9.18
2023-06-18,Okra,Vegetables,4.0,80.0,21.45
2023-06-18,Onion,Vegetables,11.36,17.03,14.19
2023-06-18,Orange,Fruits,15.0,120.0,46.0
2023-06-18,Potato,Vegetables,3.0,40.0,12.73
2023-06-18,Pear,Fruits,14.0,85.0,47.3
2023-06-18,Pomegranate,Fruits,10.0,225.0,72.37
2023-06-18,Rice,Grains,10.0,85.5,30.97
2023-06-18,Tomato,Vegetables,2.0,80.0,20.4
2023-06-18,Turmeric,Herbs & Spices,96.0,97.3,96.7
2023-06-18,Watermelon,Fruits,3.25,40.0,9.78
2023-06-18,Green Onion,Vegetables,3.83,5.75,4.79
2023-06-18,Peach,Fruits,15.0,114.0,35.57
2023-06-18,Green Hot Pepper,Vegetables,5.0,200.0,40.1
2023-06-18,Wheat,Grains,17.0,41.0,22.36
2023-06-18,Grapes,Fruits,15.0,140.0,64.05
2023-06-18,Apple,Fruits,22.0,220.0,92.26
2023-06-18,Banana,Fruits,5.8,75.0,27.26
2023-06-18,Barley,Grains,14.5,40.0,19.35
2023-06-18,Bell Pepper,Vegetables,4.0,120.0,27.1
2023-06-18,Black pepper,Herbs & Spices,418.0,480.0,445.0
2023-06-18,Cabbage,Vegetables,12.26,18.39,15.33
2023-06-18,Cantaloupe,Fruits,10.73,16.09,13.41
2023-06-18,Green Beans,Vegetables,7.0,82.0,39.89
2023-06-18,Coriander Leaves,Herbs & Spices,19.89,29.84,24.86
2023-06-18,Corn,Grains,7.0,23.0,17.76
2023-06-18,Cucumber,Vegetables,2.0,70.0,17.12
2023-06-18,Cumin,Herbs & Spices,400.05,480.05,440.3
2023-06-18,Eggplant,Vegetables,3.0,93.0,20.86
2023-06-18,Garlic,Vegetables,15.0,180.0,57.18
2023-06-18,Ginger,Herbs & Spices,9.3,200.0,82.35
2023-06-18,Carrot,Vegetables,5.0,120.0,40.26
2023-06-19,Lemon,Fruits,5.0,124.0,41.11
2023-06-19,Mango,Fruits,3.0,120.0,32.98
2023-06-19,Mint,Herbs & Spices,12.54,18.82,15.68
2023-06-19,Okra,Vegetables,2.5,203.0,23.29
2023-06-19,Onion,Vegetables,11.96,17.95,14.96
2023-06-19,Orange,Fruits,30.0,170.0,63.83
2023-06-19,Peach,Fruits,10.0,116.0,35.89
2023-06-19,Rice,Grains,10.0,90.0,31.33
2023-06-19,Pomegranate,Fruits,3.0,300.0,79.79
2023-06-19,Potato,Vegetables,2.0,149.0,13.51
2023-06-19,Tomato,Vegetables,17.47,26.2,21.83
2023-06-19,Turmeric,Herbs & Spices,25.25,127.0,60.14
2023-06-19,Watermelon,Fruits,3.0,40.0,11.16
2023-06-19,Wheat,Grains,14.67,60.0,22.75
2023-06-19,Guava,Fruits,5.0,120.0,46.17
2023-06-19,Pear,Fruits,12.0,192.0,111.37
2023-06-19,Green Onion,Vegetables,12.81,19.22,16.01
2023-06-19,Green Hot Pepper,Vegetables,33.39,50.09,41.74
2023-06-19,Green Beans,Vegetables,8.0,210.8,46.87
2023-06-19,Banana,Fruits,2.0,112.5,29.56
2023-06-19,Barley,Grains,14.0,25.5,18.43
2023-06-19,Bell Pepper,Vegetables,2.0,350.8,29.21
2023-06-19,Black pepper,Herbs & Spices,280.0,520.0,463.02
2023-06-19,Cabbage,Vegetables,13.4,20.1,16.75
2023-06-19,Cantaloupe,Fruits,12.17,18.26,15.21
2023-06-19,Carrot,Vegetables,4.0,405.8,44.78
2023-06-19,Apple,Fruits,10.0,280.0,97.14
2023-06-19,Corn,Grains,14.93,22.39,18.66
2023-06-19,Cucumber,Vegetables,2.0,189.8,18.27
2023-06-19,Cumin,Herbs & Spices,240.0,550.0,438.03
2023-06-19,Eggplant,Vegetables,2.0,225.8,22.2
2023-06-19,Garlic,Vegetables,4.05,560.8,63.87
2023-06-19,Ginger,Herbs & Spices,10.0,735.8,105.65
2023-06-19,Grapes,Fruits,25.0,225.0,82.68
2023-06-19,Coriander Leaves,Herbs & Spices,26.88,40.32,33.6
2023-06-20,Guava,Fruits,5.0,120.0,48.2
2023-06-20,Lemon,Fruits,10.0,108.5,41.96
2023-06-20,Mango,Fruits,3.0,130.0,33.44
2023-06-20,Mint,Herbs & Spices,9.51,14.26,11.89
2023-06-20,Okra,Vegetables,17.68,26.52,22.1
2023-06-20,Onion,Vegetables,12.06,18.09,15.07
2023-06-20,Orange,Fruits,15.0,130.0,54.54
2023-06-20,Potato,Vegetables,10.57,15.86,13.22
2023-06-20,Pear,Fruits,8.0,190.0,72.1
2023-06-20,Pomegranate,Fruits,3.0,220.0,82.27
2023-06-20,Rice,Grains,10.0,165.0,31.12
2023-06-20,Tomato,Vegetables,2.0,113.0,21.53
2023-06-20,Turmeric,Herbs & Spices,21.0,120.0,62.36
2023-06-20,Watermelon,Fruits,3.0,93.0,11.94
2023-06-20,Green Onion,Vegetables,15.84,23.77,19.8
2023-06-20,Peach,Fruits,10.0,150.0,39.94
2023-06-20,Green Hot Pepper,Vegetables,5.0,280.0,41.6
2023-06-20,Wheat,Grains,15.0,60.0,22.75
2023-06-20,Grapes,Fruits,20.0,230.0,80.71
2023-06-20,Apple,Fruits,10.2,260.0,95.39
2023-06-20,Banana,Fruits,3.0,105.0,29.06
2023-06-20,Barley,Grains,14.0,46.21,18.57
2023-06-20,Bell Pepper,Vegetables,2.0,160.0,26.35
2023-06-20,Black pepper,Herbs & Spices,270.22,580.0,450.28
2023-06-20,Cabbage,Vegetables,12.5,18.75,15.62
2023-06-20,Cantaloupe,Fruits,12.35,18.53,15.44
2023-06-20,Green Beans,Vegetables,7.0,82.0,41.08
2023-06-20,Coriander Leaves,Herbs & Spices,29.4,44.1,36.75
2023-06-20,Corn,Grains,8.06,80.0,19.24
2023-06-20,Cucumber,Vegetables,2.0,78.0,17.46
2023-06-20,Cumin,Herbs & Spices,125.05,550.0,435.18
2023-06-20,Eggplant,Vegetables,2.5,113.0,21.13
2023-06-20,Garlic,Vegetables,9.5,174.0,59.73
2023-06-20,Ginger,Herbs & Spices,13.0,240.0,101.07
2023-06-20,Carrot,Vegetables,4.0,150.0,41.48
2023-06-21,Guava,Fruits,5.0,120.0,45.85
2023-06-21,Lemon,Fruits,4.0,93.0,41.24
2023-06-21,Mango,Fruits,4.0,140.0,34.02
2023-06-21,Mint,Herbs & Spices,9.61,14.42,12.02
2023-06-21,Okra,Vegetables,22.34,33.51,27.92
2023-06-21,Onion,Vegetables,12.0,18.01,15.0
2023-06-21,Orange,Fruits,18.0,170.0,63.62
2023-06-21,Potato,Vegetables,10.84,16.25,13.54
2023-06-21,Pear,Fruits,10.0,190.0,72.38
2023-06-21,Pomegranate,Fruits,3.0,255.0,80.59
2023-06-21,Rice,Grains,10.0,70.0,31.13
2023-06-21,Tomato,Vegetables,18.56,27.84,23.2
2023-06-21,Turmeric,Herbs & Spices,32.56,120.0,62.33
2023-06-21,Watermelon,Fruits,2.23,40.0,11.08
2023-06-21,Green Onion,Vegetables,16.38,24.57,20.47
2023-06-21,Peach,Fruits,3.8,140.0,40.34
2023-06-21,Green Hot Pepper,Vegetables,33.53,50.3,41.91
2023-06-21,Wheat,Grains,15.0,60.0,22.84
2023-06-21,Grapes,Fruits,25.0,225.0,77.39
2023-06-21,Apple,Fruits,12.0,280.0,98.99
2023-06-21,Banana,Fruits,4.0,4000.0,38.11
2023-06-21,Barley,Grains,14.0,23.5,18.14
2023-06-21,Bell Pepper,Vegetables,2.0,360.8,28.46
2023-06-21,Black pepper,Herbs & Spices,280.0,620.0,466.19
2023-06-21,Cabbage,Vegetables,12.66,18.99,15.83
2023-06-21,Cantaloupe,Fruits,12.75,19.13,15.94
2023-06-21,Green Beans,Vegetables,7.0,300.8,47.84
2023-06-21,Coriander Leaves,Herbs & Spices,29.5,44.25,36.88
2023-06-21,Corn,Grains,7.0,50.0,18.74
2023-06-21,Cucumber,Vegetables,2.0,250.8,18.65
2023-06-21,Cumin,Herbs & Spices,150.0,555.55,469.54
2023-06-21,Eggplant,Vegetables,2.0,325.8,21.75
2023-06-21,Garlic,Vegetables,5.0,525.8,62.08
2023-06-21,Ginger,Herbs & Spices,9.3,945.8,106.18
2023-06-21,Carrot,Vegetables,4.0,425.8,44.31
2023-06-22,Guava,Fruits,5.0,120.0,43.36
2023-06-22,Lemon,Fruits,5.0,108.5,39.84
2023-06-22,Mango,Fruits,3.75,300.0,33.67
2023-06-22,Mint,Herbs & Spices,10.75,16.13,13.44
2023-06-22,Okra,Vegetables,2.2,270.8,23.7
2023-06-22,Onion,Vegetables,12.15,18.23,15.19
2023-06-22,Orange,Fruits,15.0,120.0,55.65
2023-06-22,Potato,Vegetables,11.34,17.0,14.17
2023-06-22,Pear,Fruits,8.0,190.0,93.8
2023-06-22,Pomegranate,Fruits,3.0,275.0,79.87
2023-06-22,Rice,Grains,10.0,90.0,31.11
2023-06-22,Tomato,Vegetables,2.0,280.0,24.88
2023-06-22,Turmeric,Herbs & Spices,30.0,150.0,68.04
2023-06-22,Watermelon,Fruits,2.0,40.0,11.78
2023-06-22,Green Onion,Vegetables,13.78,20.67,17.22
2023-06-22,Peach,Fruits,10.0,120.0,39.01
2023-06-22,Wheat,Grains,13.18,60.0,22.79
2023-06-22,Green Hot Pepper,Vegetables,34.53,51.79,43.16
2023-06-22,Grapes,Fruits,25.0,237.5,83.26
2023-06-22,Green Beans,Vegetables,7.0,263.0,45.2
2023-06-22,Apple,Fruits,7.0,240.0,96.58
2023-06-22,Banana,Fruits,4.5,500.0,30.93
2023-06-22,Barley,Grains,13.0,23.5,18.15
2023-06-22,Bell Pepper,Vegetables,2.0,315.8,28.4
2023-06-22,Cabbage,Vegetables,13.94,20.91,17.43
2023-06-22,Cantaloupe,Fruits,4.0,50.0,16.53
2023-06-22,Black pepper,Herbs & Spices,280.0,560.0,453.86
2023-06-22,Coriander Leaves,Herbs & Spices,29.83,44.75,37.29
2023-06-22,Corn,Grains,7.5,70.0,19.39
2023-06-22,Cucumber,Vegetables,2.0,225.8,18.69
2023-06-22,Cumin,Herbs & Spices,300.05,675.0,487.88
2023-06-22,Eggplant,Vegetables,2.0,360.0,22.88
2023-06-22,Garlic,Vegetables,9.0,450.8,64.37
2023-06-22,Ginger,Herbs & Spices,11.0,840.8,105.77
2023-06-22,Carrot,Vegetables,4.0,560.0,47.08
2023-06-23,Onion,Vegetables,11.81,17.71,14.76
2023-06-23,Guava,Fruits,5.0,120.0,43.48
2023-06-23,Lemon,Fruits,5.0,139.5,41.87
2023-06-23,Mango,Fruits,5.0,110.0,32.06
2023-06-23,Mint,Herbs & Spices,12.25,18.38,15.32
2023-06-23,Okra,Vegetables,2.6,2000.0,26.85
2023-06-23,Orange,Fruits,15.0,120.0,52.34
2023-06-23,Green Onion,Vegetables,22.12,33.19,27.66
2023-06-23,Pear,Fruits,8.0,190.0,73.5
2023-06-23,Pomegranate,Fruits,3.0,350.0,82.17
2023-06-23,Potato,Vegetables,2.0,117.0,13.58
2023-06-23,Rice,Grains,10.0,90.0,30.86
2023-06-23,Tomato,Vegetables,2.0,240.8,26.14
2023-06-23,Turmeric,Herbs & Spices,20.0,120.0,66.28
2023-06-23,Watermelon,Fruits,3.0,40.0,11.82
2023-06-23,Peach,Fruits,15.0,110.0,39.09
2023-06-23,Green Hot Pepper,Vegetables,3.0,440.8,43.91
2023-06-23,Wheat,Grains,12.3,60.0,22.79
2023-06-23,Grapes,Fruits,25.0,250.0,80.66
2023-06-23,Apple,Fruits,7.0,230.0,98.37
2023-06-23,Banana,Fruits,4.0,4000.0,38.54
2023-06-23,Barley,Grains,14.0,23.5,18.19
2023-06-23,Bell Pepper,Vegetables,2.0,270.8,29.81
2023-06-23,Black pepper,Herbs & Spices,290.0,520.0,464.13
2023-06-23,Cabbage,Vegetables,12.57,18.85,15.71
2023-06-23,Cantaloupe,Fruits,4.0,50.0,16.9
2023-06-23,Green Beans,Vegetables,7.0,225.8,47.17
2023-06-23,Coriander Leaves,Herbs & Spices,30.23,45.35,37.79
2023-06-23,Corn,Grains,5.35,40.0,18.77
2023-06-23,Cucumber,Vegetables,2.0,200.8,18.46
2023-06-23,Cumin,Herbs & Spices,110.0,630.0,477.78
2023-06-23,Eggplant,Vegetables,17.75,26.63,22.19
2023-06-23,Garlic,Vegetables,9.0,375.8,63.47
2023-06-23,Ginger,Herbs & Spices,12.0,735.8,107.53
2023-06-23,Carrot,Vegetables,4.0,340.8,42.68
2023-06-24,Guava,Fruits,10.0,110.0,46.72
2023-06-24,Lemon,Fruits,7.5,124.0,41.56
2023-06-24,Mint,Herbs & Spices,14.88,22.32,18.6
2023-06-24,Okra,Vegetables,2.2,2000.0,27.14
2023-06-24,Onion,Vegetables,12.14,18.21,15.18
2023-06-24,Orange,Fruits,15.0,130.0,51.09
2023-06-24,Peach,Fruits,10.0,110.0,37.4
2023-06-24,Rice,Grains,19.25,74.0,30.6
2023-06-24,Pomegranate,Fruits,3.0,250.0,80.23
2023-06-24,Potato,Vegetables,10.69,16.03,13.36
2023-06-24,Green Onion,Vegetables,18.91,28.37,23.64
2023-06-24,Tomato,Vegetables,2.0,150.0,28.36
2023-06-24,Turmeric,Herbs & Spices,20.0,120.0,65.07
2023-06-24,Watermelon,Fruits,3.0,40.0,12.08
2023-06-24,Wheat,Grains,16.0,61.0,22.58
2023-06-24,Pear,Fruits,8.0,10.0,9.0
2023-06-24,Green Hot Pepper,Vegetables,33.73,50.6,42.17
2023-06-24,Mango,Fruits,4.0,120.0,32.51
2023-06-24,Grapes,Fruits,25.0,240.0,76.97
2023-06-24,Green Beans,Vegetables,10.0,85.0,45.22
2023-06-24,Banana,Fruits,4.0,4000.0,39.86
2023-06-24,Barley,Grains,14.0,23.5,18.06
2023-06-24,Bell Pepper,Vegetables,2.0,120.0,25.75
2023-06-24,Black pepper,Herbs & Spices,300.0,500.0,463.33
2023-06-24,Cabbage,Vegetables,12.57,18.85,15.71
2023-06-24,Cantaloupe,Fruits,4.0,50.0,17.62
2023-06-24,Carrot,Vegetables,4.0,100.0,41.27
2023-06-24,Apple,Fruits,19.0,300.0,100.95
2023-06-24,Corn,Grains,7.21,61.0,18.8
2023-06-24,Cucumber,Vegetables,2.0,75.0,17.94
2023-06-24,Cumin,Herbs & Spices,116.11,623.8,489.21
2023-06-24,Eggplant,Vegetables,17.33,25.99,21.66
2023-06-24,Garlic,Vegetables,18.0,166.0,60.82
2023-06-24,Ginger,Herbs & Spices,16.0,240.0,104.36
2023-06-24,Coriander Leaves,Herbs & Spices,31.53,47.29,39.41
2023-06-25,Guava,Fruits,15.0,47.5,24.17
2023-06-25,Lemon,Fruits,10.0,92.0,41.61
2023-06-25,Mango,Fruits,5.0,100.0,28.48
2023-06-25,Mint,Herbs & Spices,14.74,22.11,18.43
2023-06-25,Okra,Vegetables,2.2,80.0,22.45
2023-06-25,Onion,Vegetables,11.25,16.87,14.06
2023-06-25,Orange,Fruits,15.0,120.0,55.42
2023-06-25,Potato,Vegetables,3.0,40.0,12.8
2023-06-25,Pear,Fruits,10.0,85.0,45.5
2023-06-25,Pomegranate,Fruits,7.0,301.0,73.29
2023-06-25,Rice,Grains,20.0,86.0,31.44
2023-06-25,Tomato,Vegetables,2.1,150.0,31.86
2023-06-25,Watermelon,Fruits,3.0,40.0,11.26
2023-06-25,Wheat,Grains,15.0,52.25,22.44
2023-06-25,Green Onion,Vegetables,16.95,25.43,21.19
2023-06-25,Peach,Fruits,10.0,60.0,28.25
2023-06-25,Green Hot Pepper,Vegetables,4.0,180.0,45.87
2023-06-25,Bell Pepper,Vegetables,4.0,110.0,27.41
2023-06-25,Grapes,Fruits,25.0,120.0,73.72
2023-06-25,Green Beans,Vegetables,12.0,82.0,40.59
2023-06-25,Apple,Fruits,8.7,206.5,91.98
2023-06-25,Banana,Fruits,2.0,105.0,26.72
2023-06-25,Barley,Grains,14.5,35.0,19.09
2023-06-25,Cabbage,Vegetables,2.0,70.0,14.66
2023-06-25,Cantaloupe,Fruits,5.0,35.0,15.33
2023-06-25,Carrot,Vegetables,5.0,96.0,36.76
2023-06-25,Black pepper,Herbs & Spices,418.0,480.0,453.33
2023-06-25,Corn,Grains,7.0,35.6,18.52
2023-06-25,Cucumber,Vegetables,3.0,70.0,19.51
2023-06-25,Cumin,Herbs & Spices,457.0,560.0,508.0
2023-06-25,Eggplant,Vegetables,2.0,87.0,21.79
2023-06-25,Garlic,Vegetables,17.0,160.0,59.0
2023-06-25,Ginger,Herbs & Spices,7.75,200.0,91.26
2023-06-25,Coriander Leaves,Herbs & Spices,29.7,44.55,37.13
2023-06-26,Orange,Fruits,20.0,150.0,61.54
2023-06-26,Lemon,Fruits,5.0,108.5,40.64
2023-06-26,Mango,Fruits,4.0,4000.0,46.01
2023-06-26,Mint,Herbs & Spices,12.05,18.08,15.07
2023-06-26,Okra,Vegetables,2.0,2000.0,28.14
2023-06-26,Onion,Vegetables,12.05,18.07,15.06
2023-06-26,Peach,Fruits,10.0,100.0,36.72
2023-06-26,Watermelon,Fruits,9.97,14.95,12.46
2023-06-26,Pomegranate,Fruits,3.0,275.0,79.41
2023-06-26,Potato,Vegetables,10.9,16.34,13.62
2023-06-26,Wheat,Grains,10.0,61.15,22.85
2023-06-26,Rice,Grains,10.0,610.0,30.94
2023-06-26,Tomato,Vegetables,3.0,140.0,36.84
2023-06-26,Turmeric,Herbs & Spices,22.22,130.0,62.98
2023-06-26,Guava,Fruits,7.0,110.0,42.14
2023-06-26,Pear,Fruits,12.0,85.0,37.5
2023-06-26,Green Onion,Vegetables,17.99,26.98,22.48
2023-06-26,Black pepper,Herbs & Spices,280.0,585.0,467.29
2023-06-26,Green Beans,Vegetables,8.0,95.0,42.37
2023-06-26,Green Hot Pepper,Vegetables,37.76,56.63,47.19
2023-06-26,Banana,Fruits,2.0,4000.0,39.93
2023-06-26,Barley,Grains,14.21,23.0,18.1
2023-06-26,Bell Pepper,Vegetables,3.0,120.0,28.28
2023-06-26,Cabbage,Vegetables,13.15,19.73,16.44
2023-06-26,Cantaloupe,Fruits,4.0,60.0,18.36
2023-06-26,Carrot,Vegetables,4.0,96.0,42.08
2023-06-26,Apple,Fruits,15.0,320.0,101.2
2023-06-26,Corn,Grains,6.15,40.0,18.99
2023-06-26,Coriander Leaves,Herbs & Spices,32.99,49.48,41.23
2023-06-26,Ginger,Herbs & Spices,7.6,350.0,109.46
2023-06-26,Garlic,Vegetables,4.49,170.0,64.75
2023-06-26,Grapes,Fruits,25.0,250.0,77.44
2023-06-26,Cumin,Herbs & Spices,327.5,620.0,527.68
2023-06-26,Cucumber,Vegetables,2.0,80.0,18.67
2023-06-26,Eggplant,Vegetables,2.1,160.0,22.63
2023-06-27,Guava,Fruits,5.0,100.0,37.18
2023-06-27,Lemon,Fruits,5.0,93.0,39.47
2023-06-27,Mint,Herbs & Spices,10.58,15.87,13.22
2023-06-27,Okra,Vegetables,2.4,2000.0,28.61
2023-06-27,Onion,Vegetables,12.27,18.4,15.34
2023-06-27,Orange,Fruits,25.0,130.0,61.41
2023-06-27,Peach,Fruits,10.0,110.0,34.4
2023-06-27,Pomegranate,Fruits,3.0,250.0,80.25
2023-06-27,Green Onion,Vegetables,17.47,26.2,21.84
2023-06-27,Rice,Grains,10.0,90.0,31.29
2023-06-27,Tomato,Vegetables,2.0,320.8,41.53
2023-06-27,Turmeric,Herbs & Spices,32.09,120.0,65.87
2023-06-27,Watermelon,Fruits,3.0,33.0,12.02
2023-06-27,Wheat,Grains,11.25,60.0,22.83
2023-06-27,Pear,Fruits,8.0,85.0,23.67
2023-06-27,Potato,Vegetables,10.82,16.23,13.53
2023-06-27,Mango,Fruits,5.0,3000.0,42.86
2023-06-27,Grapes,Fruits,25.0,230.0,76.28
2023-06-27,Green Beans,Vegetables,12.0,188.0,43.62
2023-06-27,Apple,Fruits,10.0,230.0,99.16
2023-06-27,Banana,Fruits,2.0,4000.0,39.61
2023-06-27,Barley,Grains,13.61,23.5,17.84
2023-06-27,Bell Pepper,Vegetables,2.0,225.8,30.4
2023-06-27,Black pepper,Herbs & Spices,280.0,520.0,460.33
2023-06-27,Cabbage,Vegetables,12.84,19.26,16.05
2023-06-27,Cantaloupe,Fruits,3.8,60.0,17.46
2023-06-27,Green Hot Pepper,Vegetables,39.61,59.41,49.51
2023-06-27,Coriander Leaves,Herbs & Spices,35.53,53.29,44.41
2023-06-27,Corn,Grains,6.5,80.08,19.19
2023-06-27,Cucumber,Vegetables,16.37,24.56,20.47
2023-06-27,Cumin,Herbs & Spices,250.0,652.5,518.6
2023-06-27,Eggplant,Vegetables,2.0,228.0,22.78
2023-06-27,Garlic,Vegetables,18.0,300.8,66.45
2023-06-27,Ginger,Herbs & Spices,10.0,630.8,114.07
2023-06-27,Carrot,Vegetables,4.0,298.0,42.7
2023-06-28,Guava,Fruits,5.0,120.0,46.61
2023-06-28,Lemon,Fruits,5.0,107.8,38.93
2023-06-28,Mango,Fruits,5.0,140.0,33.04
2023-06-28,Mint,Herbs & Spices,15.61,23.42,19.51
2023-06-28,Okra,Vegetables,2.4,2000.0,28.3
2023-06-28,Onion,Vegetables,11.92,17.89,14.91
2023-06-28,Orange,Fruits,16.0,130.0,54.86
2023-06-28,Potato,Vegetables,10.6,15.9,13.25
2023-06-28,Pear,Fruits,6.0,85.0,23.75
2023-06-28,Pomegranate,Fruits,2.0,250.0,79.03
2023-06-28,Rice,Grains,10.0,90.0,31.21
2023-06-28,Tomato,Vegetables,2.5,130.0,44.78
2023-06-28,Turmeric,Herbs & Spices,35.69,120.0,64.97
2023-06-28,Watermelon,Fruits,4.0,30.0,12.73
2023-06-28,Wheat,Grains,10.89,60.0,22.7
2023-06-28,Peach,Fruits,15.0,110.0,38.49
2023-06-28,Green Onion,Vegetables,17.43,26.14,21.78
2023-06-28,Green Hot Pepper,Vegetables,39.97,59.95,49.96
2023-06-28,Grapes,Fruits,10.0,220.0,79.65
2023-06-28,Apple,Fruits,11.0,300.0,101.34
2023-06-28,Banana,Fruits,2.0,4000.0,39.65
2023-06-28,Barley,Grains,10.0,23.1,18.09
2023-06-28,Bell Pepper,Vegetables,4.0,130.0,29.34
2023-06-28,Black pepper,Herbs & Spices,300.0,500.0,461.03
2023-06-28,Cabbage,Vegetables,12.03,18.04,15.04
2023-06-28,Cantaloupe,Fruits,3.8,55.0,18.25
2023-06-28,Green Beans,Vegetables,12.0,85.0,42.64
2023-06-28,Coriander Leaves,Herbs & Spices,34.47,51.71,43.09
2023-06-28,Corn,Grains,6.0,59.0,19.22
2023-06-28,Cucumber,Vegetables,2.0,90.0,20.13
2023-06-28,Cumin,Herbs & Spices,247.5,5500.0,502.5
2023-06-28,Eggplant,Vegetables,2.0,80.0,22.24
2023-06-28,Garlic,Vegetables,16.0,186.0,63.61
2023-06-28,Ginger,Herbs & Spices,15.0,200.0,105.3
2023-06-28,Carrot,Vegetables,4.0,96.0,39.07
2023-06-29,Lemon,Fruits,5.0,111.6,39.65
2023-06-29,Mango,Fruits,5.0,100.0,32.23
2023-06-29,Mint,Herbs & Spices,11.22,16.82,14.02
2023-06-29,Okra,Vegetables,3.0,80.0,24.83
2023-06-29,Onion,Vegetables,12.73,19.09,15.91
2023-06-29,Orange,Fruits,37.5,120.0,64.8
2023-06-29,Peach,Fruits,15.0,118.0,52.39
2023-06-29,Rice,Grains,10.0,61.0,30.63
2023-06-29,Pomegranate,Fruits,5.0,255.0,78.93
2023-06-29,Potato,Vegetables,2.0,50.0,13.27
2023-06-29,Tomato,Vegetables,3.0,200.0,46.95
2023-06-29,Turmeric,Herbs & Spices,51.5,97.5,73.35
2023-06-29,Watermelon,Fruits,3.3,45.0,13.37
2023-06-29,Wheat,Grains,15.6,48.0,22.33
2023-06-29,Guava,Fruits,15.0,80.0,33.28
2023-06-29,Pear,Fruits,12.0,85.0,36.0
2023-06-29,Green Onion,Vegetables,21.19,31.79,26.49
2023-06-29,Green Hot Pepper,Vegetables,7.0,350.0,51.38
2023-06-29,Green Beans,Vegetables,10.0,75.0,41.65
2023-06-29,Banana,Fruits,5.0,130.0,28.46
2023-06-29,Barley,Grains,14.5,23.5,18.23
2023-06-29,Bell Pepper,Vegetables,2.0,130.0,29.08
2023-06-29,Black pepper,Herbs & Spices,420.0,500.0,468.98
2023-06-29,Cabbage,Vegetables,2.0,60.0,15.82
2023-06-29,Cantaloupe,Fruits,3.33,60.0,18.98
2023-06-29,Carrot,Vegetables,4.0,96.0,42.32
2023-06-29,Apple,Fruits,9.0,220.0,100.5
2023-06-29,Corn,Grains,7.85,58.0,18.65
2023-06-29,Cucumber,Vegetables,2.0,90.0,21.42
2023-06-29,Cumin,Herbs & Spices,300.0,636.55,507.11
2023-06-29,Eggplant,Vegetables,18.2,27.3,22.75
2023-06-29,Garlic,Vegetables,7.0,140.0,60.25
2023-06-29,Ginger,Herbs & Spices,7.6,240.0,101.9
2023-06-29,Grapes,Fruits,31.0,120.0,66.86
2023-06-29,Coriander Leaves,Herbs & Spices,32.31,48.47,40.39
2023-06-30,Guava,Fruits,12.0,110.0,37.0
2023-06-30,Lemon,Fruits,5.0,100.0,39.24
2023-06-30,Mango,Fruits,5.0,110.0,32.61
2023-06-30,Mint,Herbs & Spices,11.32,16.98,14.15
2023-06-30,Okra,Vegetables,4.0,120.8,25.79
2023-06-30,Onion,Vegetables,13.31,19.97,16.64
2023-06-30,Orange,Fruits,30.0,150.0,71.67
2023-06-30,Potato,Vegetables,12.07,18.11,15.09
2023-06-30,Pear,Fruits,6.0,175.0,55.39
2023-06-30,Pomegranate,Fruits,3.0,260.0,80.69
2023-06-30,Rice,Grains,10.0,70.0,30.65
2023-06-30,Tomato,Vegetables,4.0,280.8,53.69
2023-06-30,Turmeric,Herbs & Spices,35.05,120.0,66.78
2023-06-30,Watermelon,Fruits,4.0,45.0,14.52
2023-06-30,Green Onion,Vegetables,22.77,34.15,28.46
2023-06-30,Peach,Fruits,10.0,150.0,39.0
2023-06-30,Green Hot Pepper,Vegetables,42.43,63.64,53.03
2023-06-30,Wheat,Grains,16.5,60.0,22.74
2023-06-30,Grapes,Fruits,25.0,140.0,74.03
2023-06-30,Apple,Fruits,10.0,300.0,102.48
2023-06-30,Banana,Fruits,4.5,500.0,32.98
2023-06-30,Barley,Grains,14.01,23.7,18.17
2023-06-30,Bell Pepper,Vegetables,2.0,180.8,31.99
2023-06-30,Black pepper,Herbs & Spices,418.0,520.0,466.44
2023-06-30,Cabbage,Vegetables,2.0,500.0,18.82
2023-06-30,Cantaloupe,Fruits,4.0,50.0,16.68
2023-06-30,Green Beans,Vegetables,13.0,150.8,43.09
2023-06-30,Coriander Leaves,Herbs & Spices,37.73,56.59,47.16
2023-06-30,Corn,Grains,6.5,46.0,19.09
2023-06-30,Cucumber,Vegetables,3.0,200.8,21.74
2023-06-30,Cumin,Herbs & Spices,70.0,614.95,498.95
2023-06-30,Eggplant,Vegetables,20.32,30.48,25.4
2023-06-30,Garlic,Vegetables,7.0,375.8,68.06
2023-06-30,Ginger,Herbs & Spices,10.0,525.8,110.24
2023-06-30,Carrot,Vegetables,4.0,480.0,47.09
2023-07-01,Guava,Fruits,5.0,120.0,47.66
2023-07-01,Lemon,Fruits,5.0,102.0,39.27
2023-07-01,Mango,Fruits,5.0,120.0,31.9
2023-07-01,Mint,Herbs & Spices,10.52,15.78,13.15
2023-07-01,Okra,Vegetables,2.2,260.8,27.0
2023-07-01,Onion,Vegetables,13.39,20.08,16.73
2023-07-01,Orange,Fruits,23.0,190.0,68.43
2023-07-01,Potato,Vegetables,11.72,17.58,14.65
2023-07-01,Pear,Fruits,5.0,130.0,72.25
2023-07-01,Pomegranate,Fruits,3.0,280.0,79.0
2023-07-01,Rice,Grains,10.0,101.7,31.69
2023-07-01,Tomato,Vegetables,4.0,1500.0,57.44
2023-07-01,Turmeric,Herbs & Spices,40.0,120.0,69.91
2023-07-01,Watermelon,Fruits,4.0,60.0,17.71
2023-07-01,Green Onion,Vegetables,16.39,24.59,20.49
2023-07-01,Peach,Fruits,4.0,120.0,41.5
2023-07-01,Green Hot Pepper,Vegetables,49.58,74.37,61.98
2023-07-01,Wheat,Grains,13.0,60.0,22.83
2023-07-01,Grapes,Fruits,25.0,290.0,75.13
2023-07-01,Apple,Fruits,9.0,280.0,103.74
2023-07-01,Banana,Fruits,4.0,95.0,29.88
2023-07-01,Barley,Grains,13.5,23.1,18.11
2023-07-01,Bell Pepper,Vegetables,2.5,280.8,34.3
2023-07-01,Black pepper,Herbs & Spices,300.0,680.0,480.8
2023-07-01,Cabbage,Vegetables,2.0,150.8,17.52
2023-07-01,Cantaloupe,Fruits,4.0,60.0,22.18
2023-07-01,Green Beans,Vegetables,14.5,280.8,46.33
2023-07-01,Coriander Leaves,Herbs & Spices,39.58,59.37,49.47
2023-07-01,Corn,Grains,15.0,22.49,18.75
2023-07-01,Cucumber,Vegetables,18.2,27.3,22.75
2023-07-01,Cumin,Herbs & Spices,345.0,625.0,518.75
2023-07-01,Eggplant,Vegetables,3.0,250.8,25.89
2023-07-01,Garlic,Vegetables,3.95,560.8,70.92
2023-07-01,Ginger,Herbs & Spices,12.0,880.8,123.16
2023-07-01,Carrot,Vegetables,4.0,390.8,43.96
2023-07-02,Guava,Fruits,10.0,47.5,17.9
2023-07-02,Lemon,Fruits,7.0,82.0,41.16
2023-07-02,Mango,Fruits,5.0,100.0,27.56
2023-07-02,Mint,Herbs & Spices,10.31,15.46,12.88
2023-07-02,Okra,Vegetables,3.0,90.0,26.32
2023-07-02,Onion,Vegetables,12.62,18.93,15.77
2023-07-02,Orange,Fruits,23.0,120.0,62.67
2023-07-02,Potato,Vegetables,10.73,16.09,13.41
2023-07-02,Pear,Fruits,8.0,125.0,55.83
2023-07-02,Pomegranate,Fruits,10.0,307.5,74.55
2023-07-02,Rice,Grains,10.0,87.0,31.47
2023-07-02,Tomato,Vegetables,2.5,140.0,57.08
2023-07-02,Turmeric,Herbs & Spices,59.1,97.75,79.12
2023-07-02,Watermelon,Fruits,5.0,37.0,14.27
2023-07-02,Green Onion,Vegetables,16.44,24.66,20.55
2023-07-02,Peach,Fruits,10.0,81.0,31.17
2023-07-02,Wheat,Grains,17.9,42.0,22.44
2023-07-02,Green Hot Pepper,Vegetables,6.0,350.0,65.12
2023-07-02,Grapes,Fruits,31.0,180.0,88.83
2023-07-02,Green Beans,Vegetables,15.0,82.0,42.03
2023-07-02,Apple,Fruits,9.0,240.0,98.75
2023-07-02,Banana,Fruits,5.0,70.0,28.0
2023-07-02,Barley,Grains,14.5,23.0,18.48
2023-07-02,Bell Pepper,Vegetables,4.0,140.0,33.63
2023-07-02,Cabbage,Vegetables,2.0,75.0,15.9
2023-07-02,Cantaloupe,Fruits,4.0,21.0,11.67
2023-07-02,Black pepper,Herbs & Spices,418.0,489.0,461.0
2023-07-02,Coriander Leaves,Herbs & Spices,31.76,47.64,39.7
2023-07-02,Corn,Grains,8.0,25.45,18.12
2023-07-02,Cucumber,Vegetables,3.0,65.0,22.02
2023-07-02,Cumin,Herbs & Spices,420.5,555.0,510.12
2023-07-02,Eggplant,Vegetables,2.5,90.5,24.87
2023-07-02,Garlic,Vegetables,15.0,220.0,60.69
2023-07-02,Ginger,Herbs & Spices,11.0,220.0,104.83
2023-07-02,Carrot,Vegetables,6.0,102.0,40.45
2023-07-03,Onion,Vegetables,13.88,20.83,17.35
2023-07-03,Guava,Fruits,2.0,200.0,46.87
2023-07-03,Lemon,Fruits,5.0,111.6,40.67
2023-07-03,Mango,Fruits,2.75,3000.0,44.92
2023-07-03,Mint,Herbs & Spices,11.79,17.68,14.74
2023-07-03,Okra,Vegetables,2.2,234.8,28.19
2023-07-03,Orange,Fruits,20.0,150.0,64.75
2023-07-03,Green Onion,Vegetables,20.42,30.63,25.52
2023-07-03,Pear,Fruits,6.0,230.0,45.91
2023-07-03,Pomegranate,Fruits,3.0,332.55,81.9
2023-07-03,Potato,Vegetables,11.89,17.83,14.86
2023-07-03,Rice,Grains,10.0,75.0,31.64
2023-07-03,Tomato,Vegetables,2.0,650.0,60.54
2023-07-03,Turmeric,Herbs & Spices,20.0,110.0,66.81
2023-07-03,Watermelon,Fruits,5.0,55.0,17.42
2023-07-03,Peach,Fruits,10.0,140.0,42.44
2023-07-03,Green Hot Pepper,Vegetables,51.44,77.15,64.29
2023-07-03,Wheat,Grains,7.01,60.0,22.76
2023-07-03,Grapes,Fruits,25.0,237.5,82.88
2023-07-03,Apple,Fruits,122.85,184.28,153.57
2023-07-03,Banana,Fruits,4.5,4000.0,41.83
2023-07-03,Barley,Grains,12.2,23.1,17.96
2023-07-03,Bell Pepper,Vegetables,3.0,240.8,36.95
2023-07-03,Black pepper,Herbs & Spices,300.0,580.0,472.59
2023-07-03,Cabbage,Vegetables,14.59,21.89,18.24
2023-07-03,Cantaloupe,Fruits,4.0,60.0,23.43
2023-07-03,Green Beans,Vegetables,10.0,245.8,46.21
2023-07-03,Coriander Leaves,Herbs & Spices,38.6,57.89,48.24
2023-07-03,Corn,Grains,15.79,23.68,19.74
2023-07-03,Cucumber,Vegetables,4.0,75.0,22.66
2023-07-03,Cumin,Herbs & Spices,250.0,580.0,513.2
2023-07-03,Eggplant,Vegetables,21.73,32.59,27.16
2023-07-03,Garlic,Vegetables,18.0,8000.0,116.19
2023-07-03,Ginger,Herbs & Spices,2.0,770.8,123.67
2023-07-03,Carrot,Vegetables,4.0,351.8,46.51
2023-07-04,Guava,Fruits,8.0,120.0,34.42
2023-07-04,Lemon,Fruits,5.0,80.0,36.88
2023-07-04,Mint,Herbs & Spices,11.85,17.78,14.81
2023-07-04,Okra,Vegetables,3.0,208.8,27.94
2023-07-04,Onion,Vegetables,13.92,20.87,17.4
2023-07-04,Orange,Fruits,26.0,170.0,64.0
2023-07-04,Peach,Fruits,13.0,140.0,48.73
2023-07-04,Rice,Grains,10.0,90.0,31.92
2023-07-04,Pomegranate,Fruits,3.0,332.55,84.22
2023-07-04,Potato,Vegetables,11.66,17.49,14.58
2023-07-04,Green Onion,Vegetables,16.49,24.73,20.61
2023-07-04,Tomato,Vegetables,5.0,480.8,63.88
2023-07-04,Turmeric,Herbs & Spices,35.58,120.0,71.98
2023-07-04,Watermelon,Fruits,5.0,55.0,17.93
2023-07-04,Wheat,Grains,14.0,60.0,22.86
2023-07-04,Pear,Fruits,5.0,190.0,55.28
2023-07-04,Green Hot Pepper,Vegetables,2.0,800.0,66.6
2023-07-04,Mango,Fruits,5.0,150.0,33.37
2023-07-04,Grapes,Fruits,20.0,250.0,73.13
2023-07-04,Green Beans,Vegetables,17.0,210.8,44.25
2023-07-04,Banana,Fruits,4.5,450.0,31.75
2023-07-04,Barley,Grains,14.0,23.1,17.88
2023-07-04,Bell Pepper,Vegetables,4.0,200.8,36.81
2023-07-04,Black pepper,Herbs & Spices,300.0,520.0,468.29
2023-07-04,Cabbage,Vegetables,2.0,120.8,17.87
2023-07-04,Cantaloupe,Fruits,4.0,60.0,24.07
2023-07-04,Carrot,Vegetables,4.0,312.8,43.12
2023-07-04,Apple,Fruits,6.3,320.0,102.67
2023-07-04,Corn,Grains,7.5,70.0,19.72
2023-07-04,Cucumber,Vegetables,3.0,200.8,23.35
2023-07-04,Cumin,Herbs & Spices,121.69,587.0,491.19
2023-07-04,Eggplant,Vegetables,2.0,200.8,27.2
2023-07-04,Garlic,Vegetables,14.0,420.8,71.68
2023-07-04,Ginger,Herbs & Spices,11.0,660.8,122.84
2023-07-04,Coriander Leaves,Herbs & Spices,40.3,60.46,50.38
2023-07-05,Lemon,Fruits,3.5,107.0,38.58
2023-07-05,Mango,Fruits,5.0,3500.0,45.82
2023-07-05,Mint,Herbs & Spices,15.41,23.11,19.26
2023-07-05,Okra,Vegetables,3.0,136.0,28.14
2023-07-05,Onion,Vegetables,13.92,20.88,17.4
2023-07-05,Orange,Fruits,25.0,100.0,51.86
2023-07-05,Peach,Fruits,14.0,100.0,44.78
2023-07-05,Rice,Grains,10.0,90.0,31.79
2023-07-05,Pomegranate,Fruits,3.0,250.0,78.24
2023-07-05,Potato,Vegetables,11.44,17.16,14.3
2023-07-05,Tomato,Vegetables,5.0,160.0,65.05
2023-07-05,Turmeric,Herbs & Spices,40.59,120.0,69.36
2023-07-05,Watermelon,Fruits,5.0,50.0,16.93
2023-07-05,Wheat,Grains,15.05,60.0,22.75
2023-07-05,Guava,Fruits,5.0,90.0,41.95
2023-07-05,Pear,Fruits,6.0,206.0,46.63
2023-07-05,Green Onion,Vegetables,20.49,30.73,25.61
2023-07-05,Black pepper,Herbs & Spices,300.0,580.0,476.86
2023-07-05,Green Beans,Vegetables,17.0,100.0,43.93
2023-07-05,Green Hot Pepper,Vegetables,5.0,500.0,67.86
2023-07-05,Banana,Fruits,4.5,4000.0,41.86
2023-07-05,Barley,Grains,14.01,23.0,18.02
2023-07-05,Bell Pepper,Vegetables,4.0,135.0,37.66
2023-07-05,Cabbage,Vegetables,2.0,70.0,17.9
2023-07-05,Cantaloupe,Fruits,4.0,50.0,22.03
2023-07-05,Carrot,Vegetables,4.0,102.0,43.01
2023-07-05,Apple,Fruits,9.2,320.0,101.43
2023-07-05,Corn,Grains,7.41,60.0,19.95
2023-07-05,Cucumber,Vegetables,2.0,75.0,23.0
2023-07-05,Cumin,Herbs & Spices,200.0,605.0,490.39
2023-07-05,Eggplant,Vegetables,2.0,120.0,27.3
2023-07-05,Garlic,Vegetables,115.9,173.86,144.88
2023-07-05,Ginger,Herbs & Spices,7.5,300.0,114.22
2023-07-05,Grapes,Fruits,12.0,180.0,75.74
2023-07-05,Coriander Leaves,Herbs & Spices,40.14,60.2,50.17
2023-07-06,Lemon,Fruits,5.0,115.0,38.72
2023-07-06,Mango,Fruits,5.0,130.0,32.24
2023-07-06,Mint,Herbs & Spices,10.05,15.07,12.56
2023-07-06,Okra,Vegetables,2.5,141.0,28.17
2023-07-06,Onion,Vegetables,14.45,21.67,18.06
2023-07-06,Orange,Fruits,30.0,130.0,61.83
2023-07-06,Peach,Fruits,14.0,120.0,51.62
2023-07-06,Rice,Grains,10.0,70.0,31.52
2023-07-06,Pomegranate,Fruits,3.0,277.77,80.15
2023-07-06,Potato,Vegetables,11.43,17.14,14.29
2023-07-06,Tomato,Vegetables,2.1,160.0,66.11
2023-07-06,Turmeric,Herbs & Spices,30.12,120.0,71.07
2023-07-06,Watermelon,Fruits,4.0,55.0,18.18
2023-07-06,Wheat,Grains,16.0,60.0,22.9
2023-07-06,Guava,Fruits,5.0,120.0,42.95
2023-07-06,Pear,Fruits,5.0,130.0,46.98
2023-07-06,Green Onion,Vegetables,18.57,27.85,23.21
2023-07-06,Black pepper,Herbs & Spices,300.0,602.89,476.85
2023-07-06,Green Beans,Vegetables,15.0,100.0,44.96
2023-07-06,Banana,Fruits,4.5,125.0,30.7
2023-07-06,Barley,Grains,13.4,23.2,18.11
2023-07-06,Bell Pepper,Vegetables,3.0,130.0,35.19
2023-07-06,Cabbage,Vegetables,2.0,70.0,17.53
2023-07-06,Cantaloupe,Fruits,4.0,60.0,25.05
2023-07-06,Carrot,Vegetables,4.0,102.0,41.66
2023-07-06,Coriander Leaves,Herbs & Spices,41.3,61.95,51.63
2023-07-06,Apple,Fruits,11.0,330.0,102.93
2023-07-06,Cucumber,Vegetables,2.0,82.0,23.24
2023-07-06,Corn,Grains,15.42,23.13,19.28
2023-07-06,Grapes,Fruits,25.0,200.0,73.77
2023-07-06,Ginger,Herbs & Spices,7.75,290.0,111.04
2023-07-06,Green Hot Pepper,Vegetables,5.0,405.0,62.57
2023-07-06,Eggplant,Vegetables,2.0,101.0,27.09
2023-07-06,Cumin,Herbs & Spices,325.0,660.0,532.05
2023-07-06,Garlic,Vegetables,7.0,200.0,70.87
2023-07-07,Wheat,Grains,11.8,60.0,22.93
2023-07-07,Guava,Fruits,10.0,190.0,51.37
2023-07-07,Lemon,Fruits,5.0,95.0,38.67
2023-07-07,Mango,Fruits,5.0,3000.0,43.82
2023-07-07,Mint,Herbs & Spices,12.41,18.62,15.52
2023-07-07,Okra,Vegetables,4.0,148.0,28.75
2023-07-07,Onion,Vegetables,14.5,21.76,18.13
2023-07-07,Orange,Fruits,23.0,120.0,66.05
2023-07-07,Pear,Fruits,5.0,120.0,47.06
2023-07-07,Pomegranate,Fruits,3.0,220.0,80.4
2023-07-07,Rice,Grains,10.0,95.0,30.77
2023-07-07,Tomato,Vegetables,4.0,140.0,64.74
2023-07-07,Turmeric,Herbs & Spices,42.69,125.0,70.78
2023-07-07,Watermelon,Fruits,5.0,90.0,19.72
2023-07-07,Green Onion,Vegetables,19.78,29.67,24.72
2023-07-07,Peach,Fruits,10.0,120.0,57.35
2023-07-07,Potato,Vegetables,2.0,114.0,14.29
2023-07-07,Green Hot Pepper,Vegetables,7.0,760.0,59.3
2023-07-07,Grapes,Fruits,30.0,135.0,79.35
2023-07-07,Green Beans,Vegetables,17.0,100.0,45.09
2023-07-07,Apple,Fruits,9.2,300.0,104.98
2023-07-07,Banana,Fruits,4.5,6000.0,45.53
2023-07-07,Barley,Grains,13.26,23.5,18.42
2023-07-07,Bell Pepper,Vegetables,7.0,120.0,38.96
2023-07-07,Cabbage,Vegetables,2.0,80.0,18.59
2023-07-07,Cantaloupe,Fruits,4.0,90.0,29.25
2023-07-07,Black pepper,Herbs & Spices,300.0,9600.0,974.58
2023-07-07,Coriander Leaves,Herbs & Spices,38.32,57.48,47.9
2023-07-07,Corn,Grains,16.06,24.09,20.07
2023-07-07,Cucumber,Vegetables,2.0,80.0,22.78
2023-07-07,Cumin,Herbs & Spices,222.5,635.0,516.96
2023-07-07,Eggplant,Vegetables,2.5,121.0,26.23
2023-07-07,Garlic,Vegetables,117.53,176.3,146.91
2023-07-07,Ginger,Herbs & Spices,10.0,280.0,111.03
2023-07-07,Carrot,Vegetables,4.0,102.0,41.61
2023-07-08,Onion,Vegetables,14.08,21.12,17.6
2023-07-08,Guava,Fruits,10.0,100.0,35.06
2023-07-08,Lemon,Fruits,5.0,124.0,35.72
2023-07-08,Wheat,Grains,16.96,61.57,22.58
2023-07-08,Mint,Herbs & Spices,16.73,25.09,20.91
2023-07-08,Okra,Vegetables,3.0,136.0,28.78
2023-07-08,Orange,Fruits,33.0,120.0,63.28
2023-07-08,Green Onion,Vegetables,23.31,34.96,29.14
2023-07-08,Pear,Fruits,9.0,60.0,24.29
2023-07-08,Pomegranate,Fruits,3.0,251.0,78.74
2023-07-08,Potato,Vegetables,11.39,17.09,14.24
2023-07-08,Rice,Grains,10.0,63.8,30.27
2023-07-08,Tomato,Vegetables,7.0,140.0,66.49
2023-07-08,Turmeric,Herbs & Spices,17.0,120.0,64.79
2023-07-08,Watermelon,Fruits,4.0,57.0,17.76
2023-07-08,Peach,Fruits,15.0,35.0,25.67
2023-07-08,Green Hot Pepper,Vegetables,6.0,350.0,60.15
2023-07-08,Mango,Fruits,5.0,118.0,31.33
2023-07-08,Grapes,Fruits,31.0,220.0,88.1
2023-07-08,Apple,Fruits,9.1,320.0,100.6
2023-07-08,Banana,Fruits,4.0,85.0,31.14
2023-07-08,Barley,Grains,14.5,27.5,18.47
2023-07-08,Bell Pepper,Vegetables,6.0,130.0,37.41
2023-07-08,Black pepper,Herbs & Spices,300.0,500.0,461.32
2023-07-08,Cabbage,Vegetables,2.0,76.0,18.27
2023-07-08,Cantaloupe,Fruits,4.0,90.0,27.5
2023-07-08,Green Beans,Vegetables,12.0,85.0,44.49
2023-07-08,Coriander Leaves,Herbs & Spices,37.55,56.32,46.93
2023-07-08,Corn,Grains,13.4,67.01,20.17
2023-07-08,Cucumber,Vegetables,3.0,65.0,22.37
2023-07-08,Cumin,Herbs & Spices,124.19,678.25,504.49
2023-07-08,Eggplant,Vegetables,3.0,100.0,25.54
2023-07-08,Garlic,Vegetables,8.5,165.0,69.43
2023-07-08,Ginger,Herbs & Spices,7.45,265.0,114.77
2023-07-08,Carrot,Vegetables,4.0,83.0,37.71
2023-07-09,Lemon,Fruits,8.0,90.0,39.1
2023-07-09,Mango,Fruits,5.0,270.0,31.27
2023-07-09,Okra,Vegetables,3.5,80.0,27.58
2023-07-09,Onion,Vegetables,13.24,19.86,16.55
2023-07-09,Orange,Fruits,15.0,100.0,49.58
2023-07-09,Peach,Fruits,10.0,20.0,15.0
2023-07-09,Pear,Fruits,10.0,75.0,25.59
2023-07-09,Tomato,Vegetables,4.0,200.0,67.72
2023-07-09,Potato,Vegetables,4.0,45.0,13.79
2023-07-09,Rice,Grains,10.0,88.0,31.95
2023-07-09,Guava,Fruits,7.5,60.0,26.11
2023-07-09,Turmeric,Herbs & Spices,96.4,97.5,97.0
2023-07-09,Watermelon,Fruits,6.0,48.0,17.23
2023-07-09,Wheat,Grains,18.0,48.2,22.31
2023-07-09,Pomegranate,Fruits,10.0,225.0,70.92
2023-07-09,Green Onion,Vegetables,15.17,22.75,18.96
2023-07-09,Mint,Herbs & Spices,5.43,8.15,6.79
2023-07-09,Green Beans,Vegetables,15.0,72.0,40.67
2023-07-09,Green Hot Pepper,Vegetables,5.0,350.0,65.52
2023-07-09,Banana,Fruits,5.0,80.0,27.84
2023-07-09,Barley,Grains,15.21,23.0,18.88
2023-07-09,Bell Pepper,Vegetables,8.0,120.0,39.11
2023-07-09,Black pepper,Herbs & Spices,418.0,490.0,466.67
2023-07-09,Cabbage,Vegetables,2.0,70.0,17.72
2023-07-09,Cantaloupe,Fruits,13.0,23.0,16.0
2023-07-09,Carrot,Vegetables,5.0,102.0,38.68
2023-07-09,Apple,Fruits,9.1,220.0,97.71
2023-07-09,Corn,Grains,14.5,25.25,18.68
2023-07-09,Cucumber,Vegetables,3.0,70.0,22.47
2023-07-09,Eggplant,Vegetables,2.5,110.0,27.29
2023-07-09,Garlic,Vegetables,10.0,210.0,67.74
2023-07-09,Ginger,Herbs & Spices,11.0,200.0,97.56
2023-07-09,Grapes,Fruits,10.0,100.0,52.19
2023-07-09,Coriander Leaves,Herbs & Spices,28.3,42.46,35.38
2023-07-10,Lemon,Fruits,5.0,178.5,37.08
2023-07-10,Mango,Fruits,5.0,160.0,31.14
2023-07-10,Mint,Herbs & Spices,12.45,18.68,15.57
2023-07-10,Okra,Vegetables,3.5,90.0,30.5
2023-07-10,Onion,Vegetables,13.75,20.63,17.19
2023-07-10,Orange,Fruits,25.0,125.0,62.9
2023-07-10,Peach,Fruits,10.0,140.0,46.2
2023-07-10,Rice,Grains,10.0,88.0,31.95
2023-07-10,Pomegranate,Fruits,3.0,225.0,79.11
2023-07-10,Potato,Vegetables,11.93,17.9,14.91
2023-07-10,Tomato,Vegetables,4.0,600.8,72.6
2023-07-10,Turmeric,Herbs & Spices,20.0,150.0,72.55
2023-07-10,Watermelon,Fruits,4.0,48.5,17.2
2023-07-10,Wheat,Grains,16.0,60.0,22.91
2023-07-10,Guava,Fruits,5.0,120.0,41.14
2023-07-10,Pear,Fruits,6.0,85.0,25.84
2023-07-10,Green Onion,Vegetables,19.75,29.62,24.68
2023-07-10,Black pepper,Herbs & Spices,406.29,580.0,475.36
2023-07-10,Green Beans,Vegetables,14.0,210.8,48.97
2023-07-10,Green Hot Pepper,Vegetables,5.0,550.8,65.46
2023-07-10,Banana,Fruits,4.5,124.0,32.11
2023-07-10,Barley,Grains,13.0,23.3,18.28
2023-07-10,Bell Pepper,Vegetables,6.0,360.8,45.62
2023-07-10,Cabbage,Vegetables,2.0,170.8,19.81
2023-07-10,Cantaloupe,Fruits,4.0,45.0,17.71
2023-07-10,Carrot,Vegetables,4.0,425.8,43.32
2023-07-10,Apple,Fruits,7.0,280.0,104.93
2023-07-10,Corn,Grains,15.89,23.84,19.87
2023-07-10,Cucumber,Vegetables,3.0,275.8,23.11
2023-07-10,Cumin,Herbs & Spices,145.55,683.5,525.72
2023-07-10,Eggplant,Vegetables,3.0,225.8,29.21
2023-07-10,Garlic,Vegetables,20.0,640.8,77.21
2023-07-10,Ginger,Herbs & Spices,7.4,1050.8,121.29
2023-07-10,Grapes,Fruits,30.0,314.0,79.34
2023-07-10,Coriander Leaves,Herbs & Spices,38.69,58.04,48.36
2023-07-11,Lemon,Fruits,5.0,204.0,35.92
2023-07-11,Mango,Fruits,4.0,120.0,30.84
2023-07-11,Mint,Herbs & Spices,11.31,16.97,14.14
2023-07-11,Okra,Vegetables,3.5,248.0,31.27
2023-07-11,Onion,Vegetables,13.09,19.63,16.36
2023-07-11,Orange,Fruits,15.0,120.0,51.08
2023-07-11,Peach,Fruits,10.0,120.0,58.13
2023-07-11,Wheat,Grains,15.0,60.0,22.87
2023-07-11,Pomegranate,Fruits,3.0,225.0,79.05
2023-07-11,Potato,Vegetables,11.64,17.46,14.55
2023-07-11,Rice,Grains,25.32,37.98,31.65
2023-07-11,Tomato,Vegetables,5.0,540.8,75.91
2023-07-11,Turmeric,Herbs & Spices,28.75,141.0,76.14
2023-07-11,Watermelon,Fruits,4.0,60.0,18.69
2023-07-11,Guava,Fruits,5.0,100.0,35.46
2023-07-11,Pear,Fruits,6.0,85.0,26.37
2023-07-11,Green Onion,Vegetables,20.93,31.4,26.17
2023-07-11,Black pepper,Herbs & Spices,300.0,636.69,478.88
2023-07-11,Green Beans,Vegetables,17.0,175.8,49.78
2023-07-11,Green Hot Pepper,Vegetables,4.7,495.8,64.08
2023-07-11,Banana,Fruits,4.0,129.5,31.69
2023-07-11,Barley,Grains,13.0,23.5,17.84
2023-07-11,Bell Pepper,Vegetables,5.0,150.0,45.01
2023-07-11,Cabbage,Vegetables,2.0,153.8,19.07
2023-07-11,Cantaloupe,Fruits,4.0,45.0,18.35
2023-07-11,Carrot,Vegetables,4.0,383.0,44.53
2023-07-11,Apple,Fruits,11.0,280.0,104.16
2023-07-11,Corn,Grains,15.75,23.63,19.69
2023-07-11,Coriander Leaves,Herbs & Spices,42.95,64.42,53.68
2023-07-11,Ginger,Herbs & Spices,7.5,900.8,122.26
2023-07-11,Garlic,Vegetables,12.3,560.8,78.78
2023-07-11,Grapes,Fruits,25.0,130.0,70.83
2023-07-11,Cumin,Herbs & Spices,250.0,650.0,533.6
2023-07-11,Cucumber,Vegetables,3.0,248.0,22.8
2023-07-11,Eggplant,Vegetables,2.0,203.0,29.59
2023-07-12,Guava,Fruits,7.0,110.0,39.3
2023-07-12,Lemon,Fruits,5.0,153.0,36.7
2023-07-12,Mint,Herbs & Spices,10.66,15.99,13.32
2023-07-12,Okra,Vegetables,3.2,171.0,31.76
2023-07-12,Onion,Vegetables,13.09,19.64,16.37
2023-07-12,Orange,Fruits,15.0,120.0,52.95
2023-07-12,Peach,Fruits,20.0,100.0,45.83
2023-07-12,Pomegranate,Fruits,3.0,250.0,79.73
2023-07-12,Green Onion,Vegetables,22.38,33.56,27.97
2023-07-12,Rice,Grains,10.0,95.0,31.53
2023-07-12,Tomato,Vegetables,60.86,91.29,76.08
2023-07-12,Turmeric,Herbs & Spices,47.09,144.0,81.59
2023-07-12,Watermelon,Fruits,4.0,48.0,16.74
2023-07-12,Wheat,Grains,15.0,79.0,22.99
2023-07-12,Pear,Fruits,6.0,85.0,23.6
2023-07-12,Potato,Vegetables,11.53,17.29,14.41
2023-07-12,Mango,Fruits,5.0,130.0,31.25
2023-07-12,Grapes,Fruits,25.0,200.0,78.35
2023-07-12,Green Beans,Vegetables,15.0,100.0,48.45
2023-07-12,Apple,Fruits,13.0,350.0,105.06
2023-07-12,Banana,Fruits,4.0,165.6,31.63
2023-07-12,Barley,Grains,14.5,23.4,18.28
2023-07-12,Bell Pepper,Vegetables,6.0,180.0,46.43
2023-07-12,Black pepper,Herbs & Spices,300.0,510.01,467.82
2023-07-12,Cabbage,Vegetables,2.0,80.0,19.13
2023-07-12,Cantaloupe,Fruits,4.0,45.0,19.45
2023-07-12,Green Hot Pepper,Vegetables,5.0,380.0,62.79
2023-07-12,Coriander Leaves,Herbs & Spices,42.86,64.3,53.58
2023-07-12,Corn,Grains,15.83,23.75,19.79
2023-07-12,Cucumber,Vegetables,3.0,80.0,23.19
2023-07-12,Cumin,Herbs & Spices,182.51,645.0,527.16
2023-07-12,Eggplant,Vegetables,2.4,95.0,29.62
2023-07-12,Garlic,Vegetables,8.0,195.0,76.25
2023-07-12,Ginger,Herbs & Spices,7.75,300.0,119.53
2023-07-12,Carrot,Vegetables,5.0,150.0,41.63
2023-07-13,Guava,Fruits,10.0,120.0,38.26
2023-07-13,Lemon,Fruits,5.0,229.5,35.67
2023-07-13,Mango,Fruits,5.0,100.0,29.17
2023-07-13,Mint,Herbs & Spices,11.61,17.42,14.51
2023-07-13,Okra,Vegetables,3.0,112.0,31.61
2023-07-13,Onion,Vegetables,13.5,20.25,16.88
2023-07-13,Orange,Fruits,15.0,130.0,63.85
2023-07-13,Potato,Vegetables,11.62,17.43,14.53
2023-07-13,Pear,Fruits,5.0,120.0,26.46
2023-07-13,Pomegranate,Fruits,3.0,275.0,77.96
2023-07-13,Rice,Grains,10.0,90.0,31.76
2023-07-13,Tomato,Vegetables,2.5,180.0,77.75
2023-07-13,Turmeric,Herbs & Spices,20.0,160.0,77.84
2023-07-13,Watermelon,Fruits,3.0,45.0,16.57
2023-07-13,Wheat,Grains,13.2,60.0,23.01
2023-07-13,Peach,Fruits,10.0,90.0,41.33
2023-07-13,Green Onion,Vegetables,17.79,26.69,22.24
2023-07-13,Green Hot Pepper,Vegetables,5.0,400.0,64.12
2023-07-13,Grapes,Fruits,15.0,150.0,66.53
2023-07-13,Apple,Fruits,18.75,340.0,103.28
2023-07-13,Banana,Fruits,2.0,129.5,32.57
2023-07-13,Barley,Grains,11.25,23.5,18.38
2023-07-13,Bell Pepper,Vegetables,10.0,180.0,50.62
2023-07-13,Black pepper,Herbs & Spices,290.0,9600.0,946.02
2023-07-13,Cabbage,Vegetables,2.0,80.0,19.68
2023-07-13,Cantaloupe,Fruits,4.0,45.0,21.23
2023-07-13,Green Beans,Vegetables,17.0,100.0,49.89
2023-07-13,Coriander Leaves,Herbs & Spices,42.3,63.45,52.88
2023-07-13,Corn,Grains,15.68,23.51,19.59
2023-07-13,Cucumber,Vegetables,3.0,80.0,21.95
2023-07-13,Cumin,Herbs & Spices,210.01,630.0,523.28
2023-07-13,Eggplant,Vegetables,3.0,100.0,30.12
2023-07-13,Garlic,Vegetables,20.0,190.0,79.49
2023-07-13,Ginger,Herbs & Spices,10.0,300.0,127.14
2023-07-13,Carrot,Vegetables,4.0,102.0,41.27
2023-07-14,Guava,Fruits,7.5,130.0,38.95
2023-07-14,Lemon,Fruits,4.0,178.5,36.33
2023-07-14,Mint,Herbs & Spices,20.53,30.79,25.66
2023-07-14,Okra,Vegetables,4.0,86.0,31.21
2023-07-14,Onion,Vegetables,14.43,21.64,18.03
2023-07-14,Orange,Fruits,15.0,130.0,61.29
2023-07-14,Peach,Fruits,10.0,90.0,34.14
2023-07-14,Rice,Grains,10.0,88.0,31.63
2023-07-14,Pomegranate,Fruits,3.0,275.0,79.39
2023-07-14,Potato,Vegetables,2.0,210.0,14.92
2023-07-14,Green Onion,Vegetables,20.29,30.44,25.36
2023-07-14,Tomato,Vegetables,2.5,170.0,77.25
2023-07-14,Turmeric,Herbs & Spices,20.0,160.0,78.93
2023-07-14,Watermelon,Fruits,5.0,50.0,18.55
2023-07-14,Wheat,Grains,15.5,250.0,23.44
2023-07-14,Pear,Fruits,5.0,130.0,40.23
2023-07-14,Green Hot Pepper,Vegetables,5.0,350.0,62.17
2023-07-14,Mango,Fruits,5.56,110.0,30.54
2023-07-14,Grapes,Fruits,10.0,100.0,61.86
2023-07-14,Green Beans,Vegetables,12.0,100.0,48.34
2023-07-14,Banana,Fruits,2.0,4000.0,43.79
2023-07-14,Barley,Grains,14.5,23.6,18.5
2023-07-14,Bell Pepper,Vegetables,5.0,160.0,49.44
2023-07-14,Black pepper,Herbs & Spices,300.0,9600.0,1298.83
2023-07-14,Cabbage,Vegetables,2.0,107.0,18.82
2023-07-14,Cantaloupe,Fruits,4.0,45.0,17.94
2023-07-14,Carrot,Vegetables,5.0,150.0,41.1
2023-07-14,Apple,Fruits,10.0,280.0,102.82
2023-07-14,Corn,Grains,15.9,23.85,19.88
2023-07-14,Cucumber,Vegetables,2.0,75.0,23.04
2023-07-14,Cumin,Herbs & Spices,225.05,600.0,524.64
2023-07-14,Eggplant,Vegetables,4.0,400.0,30.69
2023-07-14,Garlic,Vegetables,119.88,179.82,149.85
2023-07-14,Ginger,Herbs & Spices,10.0,300.0,117.05
2023-07-14,Coriander Leaves,Herbs & Spices,44.63,66.94,55.79
2023-07-15,Guava,Fruits,5.0,130.0,39.9
2023-07-15,Lemon,Fruits,4.0,153.0,36.32
2023-07-15,Mango,Fruits,5.0,115.0,31.85
2023-07-15,Mint,Herbs & Spices,12.06,18.09,15.08
2023-07-15,Okra,Vegetables,3.0,80.0,30.45
2023-07-15,Onion,Vegetables,14.28,21.42,17.85
2023-07-15,Orange,Fruits,15.0,85.0,51.42
2023-07-15,Potato,Vegetables,12.73,19.1,15.92
2023-07-15,Pear,Fruits,5.0,120.0,34.56
2023-07-15,Pomegranate,Fruits,3.0,275.0,76.56
2023-07-15,Rice,Grains,10.0,90.0,31.59
2023-07-15,Tomato,Vegetables,62.97,94.46,78.72
2023-07-15,Turmeric,Herbs & Spices,50.0,160.0,87.52
2023-07-15,Watermelon,Fruits,9.0,50.0,21.56
2023-07-15,Green Onion,Vegetables,18.61,27.92,23.26
2023-07-15,Peach,Fruits,20.0,120.0,46.5
2023-07-15,Green Hot Pepper,Vegetables,5.0,380.0,63.65
2023-07-15,Wheat,Grains,15.0,250.0,23.17
2023-07-15,Grapes,Fruits,25.0,200.0,74.18
2023-07-15,Apple,Fruits,10.0,270.0,103.4
2023-07-15,Banana,Fruits,4.5,500.0,32.44
2023-07-15,Barley,Grains,13.0,57.0,18.94
2023-07-15,Bell Pepper,Vegetables,4.0,160.0,49.3
2023-07-15,Black pepper,Herbs & Spices,300.0,9600.0,1225.77
2023-07-15,Cabbage,Vegetables,3.0,600.0,21.34
2023-07-15,Cantaloupe,Fruits,4.0,80.0,17.76
2023-07-15,Green Beans,Vegetables,15.0,125.0,48.02
2023-07-15,Coriander Leaves,Herbs & Spices,45.53,68.29,56.91
2023-07-15,Corn,Grains,15.8,23.69,19.74
2023-07-15,Cucumber,Vegetables,2.0,85.0,22.66
2023-07-15,Cumin,Herbs & Spices,30.24,608.05,463.21
2023-07-15,Eggplant,Vegetables,2.0,480.0,31.34
2023-07-15,Garlic,Vegetables,6.0,183.01,77.49
2023-07-15,Ginger,Herbs & Spices,8.3,364.5,124.82
2023-07-15,Carrot,Vegetables,4.0,800.0,44.74
2023-07-16,Guava,Fruits,10.0,102.0,32.91
2023-07-16,Lemon,Fruits,7.0,80.0,37.45
2023-07-16,Mango,Fruits,5.0,110.0,26.76
2023-07-16,Mint,Herbs & Spices,25.59,38.38,31.98
2023-07-16,Okra,Vegetables,3.5,80.0,28.07
2023-07-16,Onion,Vegetables,13.67,20.5,17.09
2023-07-16,Orange,Fruits,15.0,120.0,53.5
2023-07-16,Potato,Vegetables,4.0,55.0,14.14
2023-07-16,Pear,Fruits,5.5,121.0,41.63
2023-07-16,Pomegranate,Fruits,10.0,225.0,70.88
2023-07-16,Rice,Grains,10.0,88.0,31.8
2023-07-16,Tomato,Vegetables,5.0,200.0,76.65
2023-07-16,Turmeric,Herbs & Spices,96.4,97.75,97.0
2023-07-16,Watermelon,Fruits,7.0,50.0,22.1
2023-07-16,Green Onion,Vegetables,20.84,31.26,26.05
2023-07-16,Peach,Fruits,10.0,30.0,19.5
2023-07-16,Green Hot Pepper,Vegetables,8.0,340.0,66.45
2023-07-16,Wheat,Grains,15.8,35.0,22.42
2023-07-16,Grapes,Fruits,25.0,100.0,67.83
2023-07-16,Green Beans,Vegetables,18.0,70.0,45.75
2023-07-16,Apple,Fruits,25.0,280.0,98.8
2023-07-16,Banana,Fruits,6.0,65.0,26.09
2023-07-16,Barley,Grains,15.0,23.0,18.24
2023-07-16,Bell Pepper,Vegetables,5.0,120.0,45.53
2023-07-16,Cabbage,Vegetables,2.0,80.0,17.58
2023-07-16,Cantaloupe,Fruits,14.0,23.0,17.0
2023-07-16,Black pepper,Herbs & Spices,480.0,500.0,490.0
2023-07-16,Coriander Leaves,Herbs & Spices,30.29,45.43,37.86
2023-07-16,Carrot,Vegetables,6.0,140.0,37.55
2023-07-16,Garlic,Vegetables,20.0,180.0,72.32
2023-07-16,Eggplant,Vegetables,2.5,87.0,28.47
2023-07-16,Ginger,Herbs & Spices,18.1,230.0,105.22
2023-07-16,Cucumber,Vegetables,16.24,24.36,20.3
2023-07-16,Corn,Grains,9.5,24.0,18.29
2023-07-16,Cumin,Herbs & Spices,459.0,570.0,514.5
2023-07-17,Guava,Fruits,6.5,130.0,46.16
2023-07-17,Lemon,Fruits,5.0,204.0,36.05
2023-07-17,Mint,Herbs & Spices,13.09,19.64,16.37
2023-07-17,Okra,Vegetables,4.0,80.0,28.95
2023-07-17,Onion,Vegetables,13.91,20.87,17.39
2023-07-17,Orange,Fruits,35.0,170.0,86.25
2023-07-17,Peach,Fruits,10.0,54.5,28.22
2023-07-17,Pomegranate,Fruits,3.0,275.0,77.8
2023-07-17,Green Onion,Vegetables,11.05,16.57,13.81
2023-07-17,Rice,Grains,10.0,72.0,31.83
2023-07-17,Tomato,Vegetables,5.05,160.0,74.37
2023-07-17,Turmeric,Herbs & Spices,23.0,160.0,81.29
2023-07-17,Watermelon,Fruits,7.0,50.0,21.22
2023-07-17,Wheat,Grains,2.09,250.0,23.22
2023-07-17,Pear,Fruits,5.5,145.0,51.6
2023-07-17,Potato,Vegetables,11.66,17.5,14.58
2023-07-17,Mango,Fruits,4.0,130.0,30.57
2023-07-17,Grapes,Fruits,25.0,237.5,73.76
2023-07-17,Green Beans,Vegetables,18.0,123.0,49.14
2023-07-17,Apple,Fruits,5.5,280.0,102.05
2023-07-17,Banana,Fruits,4.5,166.5,30.9
2023-07-17,Barley,Grains,15.0,23.5,18.94
2023-07-17,Bell Pepper,Vegetables,5.0,160.0,54.12
2023-07-17,Black pepper,Herbs & Spices,286.0,500.0,457.46
2023-07-17,Cabbage,Vegetables,2.2,98.0,18.67
2023-07-17,Cantaloupe,Fruits,12.0,50.0,23.71
2023-07-17,Green Hot Pepper,Vegetables,5.0,500.0,61.64
2023-07-17,Coriander Leaves,Herbs & Spices,44.73,67.09,55.91
2023-07-17,Corn,Grains,8.0,98.0,20.46
2023-07-17,Cucumber,Vegetables,17.47,26.2,21.83
2023-07-17,Cumin,Herbs & Spices,322.5,618.25,524.19
2023-07-17,Eggplant,Vegetables,2.0,400.0,29.83
2023-07-17,Garlic,Vegetables,7.0,250.0,79.28
2023-07-17,Ginger,Herbs & Spices,6.0,350.0,124.46
2023-07-17,Carrot,Vegetables,5.0,102.0,37.98
2023-07-18,Guava,Fruits,6.0,80.0,29.26
2023-07-18,Lemon,Fruits,4.0,153.0,35.9
2023-07-18,Mango,Fruits,4.0,2000.0,39.94
2023-07-18,Mint,Herbs & Spices,15.35,23.03,19.19
2023-07-18,Okra,Vegetables,2.0,154.0,29.07
2023-07-18,Onion,Vegetables,14.33,21.5,17.92
2023-07-18,Orange,Fruits,35.0,128.0,70.46
2023-07-18,Potato,Vegetables,11.82,17.73,14.78
2023-07-18,Pear,Fruits,5.5,160.0,40.7
2023-07-18,Pomegranate,Fruits,3.0,350.0,78.59
2023-07-18,Rice,Grains,10.0,88.0,32.19
2023-07-18,Tomato,Vegetables,58.2,87.3,72.75
2023-07-18,Turmeric,Herbs & Spices,40.18,134.0,91.9
2023-07-18,Watermelon,Fruits,5.0,50.0,20.89
2023-07-18,Green Onion,Vegetables,14.87,22.31,18.59
2023-07-18,Peach,Fruits,9.0,120.0,37.19
2023-07-18,Wheat,Grains,18.54,27.81,23.17
2023-07-18,Green Hot Pepper,Vegetables,5.0,320.0,62.87
2023-07-18,Grapes,Fruits,28.0,280.0,80.86
2023-07-18,Apple,Fruits,118.47,177.71,148.09
2023-07-18,Banana,Fruits,4.5,5000.0,44.84
2023-07-18,Barley,Grains,14.0,23.6,18.16
2023-07-18,Bell Pepper,Vegetables,4.0,150.0,54.3
2023-07-18,Black pepper,Herbs & Spices,300.0,501.99,466.49
2023-07-18,Cabbage,Vegetables,2.0,98.0,19.36
2023-07-18,Cantaloupe,Fruits,4.0,60.0,23.42
2023-07-18,Green Beans,Vegetables,10.0,120.0,47.88
2023-07-18,Coriander Leaves,Herbs & Spices,43.64,65.47,54.56
2023-07-18,Corn,Grains,9.0,63.0,20.15
2023-07-18,Cucumber,Vegetables,2.0,70.0,21.62
2023-07-18,Cumin,Herbs & Spices,250.0,641.5,535.69
2023-07-18,Eggplant,Vegetables,3.0,400.0,29.4
2023-07-18,Garlic,Vegetables,124.62,186.93,155.77
2023-07-18,Ginger,Herbs & Spices,8.1,300.0,118.18
2023-07-18,Carrot,Vegetables,4.0,140.0,39.6
2023-07-19,Lemon,Fruits,5.0,127.5,37.04
2023-07-19,Mango,Fruits,5.0,150.0,31.17
2023-07-19,Mint,Herbs & Spices,16.81,25.21,21.01
2023-07-19,Okra,Vegetables,3.5,80.0,29.37
2023-07-19,Onion,Vegetables,13.98,20.97,17.48
2023-07-19,Orange,Fruits,30.0,150.0,73.73
2023-07-19,Peach,Fruits,8.0,120.0,52.56
2023-07-19,Rice,Grains,10.0,90.0,31.9
2023-07-19,Pomegranate,Fruits,9.0,335.0,78.79
2023-07-19,Potato,Vegetables,11.91,17.87,14.89
2023-07-19,Tomato,Vegetables,59.46,89.19,74.32
2023-07-19,Turmeric,Herbs & Spices,43.0,175.0,100.01
2023-07-19,Watermelon,Fruits,6.0,50.0,20.75
2023-07-19,Wheat,Grains,14.11,60.0,22.9
2023-07-19,Guava,Fruits,9.0,140.0,42.89
2023-07-19,Pear,Fruits,6.0,140.0,43.94
2023-07-19,Green Onion,Vegetables,16.92,25.38,21.15
2023-07-19,Green Hot Pepper,Vegetables,5.0,350.0,65.18
2023-07-19,Green Beans,Vegetables,15.0,130.0,46.24
2023-07-19,Banana,Fruits,4.5,123.0,31.93
2023-07-19,Barley,Grains,13.25,23.6,18.14
2023-07-19,Bell Pepper,Vegetables,5.0,160.0,62.27
2023-07-19,Black pepper,Herbs & Spices,300.0,550.0,466.93
2023-07-19,Cabbage,Vegetables,2.0,120.0,20.29
2023-07-19,Cantaloupe,Fruits,4.0,60.0,26.79
2023-07-19,Carrot,Vegetables,5.0,140.0,41.21
2023-07-19,Apple,Fruits,7.0,275.0,104.45
2023-07-19,Corn,Grains,6.0,56.0,20.09
2023-07-19,Cucumber,Vegetables,2.0,72.0,21.62
2023-07-19,Cumin,Herbs & Spices,172.0,644.0,517.61
2023-07-19,Eggplant,Vegetables,3.5,90.0,29.07
2023-07-19,Garlic,Vegetables,20.0,200.0,83.14
2023-07-19,Ginger,Herbs & Spices,8.0,300.0,118.52
2023-07-19,Grapes,Fruits,3.0,300.0,95.39
2023-07-19,Coriander Leaves,Herbs & Spices,38.53,57.79,48.16
2023-07-20,Guava,Fruits,4.85,130.0,35.74
2023-07-20,Lemon,Fruits,5.0,102.0,35.38
2023-07-20,Mango,Fruits,5.0,3500.0,43.48
2023-07-20,Mint,Herbs & Spices,10.45,15.67,13.06
2023-07-20,Okra,Vegetables,3.5,131.0,29.42
2023-07-20,Onion,Vegetables,13.73,20.6,17.16
2023-07-20,Orange,Fruits,15.0,150.0,70.06
2023-07-20,Potato,Vegetables,12.01,18.02,15.01
2023-07-20,Pear,Fruits,5.3,130.0,44.55
2023-07-20,Pomegranate,Fruits,3.0,245.0,77.13
2023-07-20,Rice,Grains,4.5,95.0,32.2
2023-07-20,Tomato,Vegetables,5.0,160.0,74.23
2023-07-20,Turmeric,Herbs & Spices,40.05,220.0,103.32
2023-07-20,Watermelon,Fruits,8.0,52.0,21.5
2023-07-20,Green Onion,Vegetables,14.2,21.3,17.75
2023-07-20,Peach,Fruits,10.0,95.0,38.83
2023-07-20,Green Hot Pepper,Vegetables,5.0,360.0,64.27
2023-07-20,Wheat,Grains,15.0,65.5,23.06
2023-07-20,Grapes,Fruits,20.0,243.0,83.14
2023-07-20,Apple,Fruits,5.0,240.0,104.49
2023-07-20,Banana,Fruits,4.5,5000.0,45.32
2023-07-20,Barley,Grains,15.0,23.7,18.43
2023-07-20,Bell Pepper,Vegetables,6.15,170.0,62.75
2023-07-20,Black pepper,Herbs & Spices,300.0,580.0,479.18
2023-07-20,Cabbage,Vegetables,15.86,23.79,19.83
2023-07-20,Cantaloupe,Fruits,4.0,70.0,19.44
2023-07-20,Green Beans,Vegetables,15.0,120.0,46.06
2023-07-20,Coriander Leaves,Herbs & Spices,41.04,61.57,51.31
2023-07-20,Corn,Grains,15.91,23.87,19.89
2023-07-20,Cucumber,Vegetables,2.0,98.0,21.14
2023-07-20,Cumin,Herbs & Spices,295.05,611.0,542.84
2023-07-20,Eggplant,Vegetables,2.0,86.5,29.22
2023-07-20,Garlic,Vegetables,128.26,192.4,160.33
2023-07-20,Ginger,Herbs & Spices,7.0,300.0,123.71
2023-07-20,Carrot,Vegetables,5.0,120.0,40.41
2023-07-21,Guava,Fruits,7.5,130.0,33.77
2023-07-21,Lemon,Fruits,5.0,80.0,36.11
2023-07-21,Mango,Fruits,3.0,150.0,30.87
2023-07-21,Mint,Herbs & Spices,12.59,18.88,15.74
2023-07-21,Okra,Vegetables,3.0,70.0,29.18
2023-07-21,Onion,Vegetables,14.5,21.75,18.13
2023-07-21,Orange,Fruits,20.0,120.0,66.17
2023-07-21,Potato,Vegetables,12.2,18.3,15.25
2023-07-21,Pear,Fruits,9.0,140.0,40.49
2023-07-21,Pomegranate,Fruits,2.5,220.0,77.46
2023-07-21,Rice,Grains,10.0,88.5,31.8
2023-07-21,Tomato,Vegetables,4.0,200.0,74.2
2023-07-21,Turmeric,Herbs & Spices,30.06,180.0,102.72
2023-07-21,Watermelon,Fruits,6.0,50.0,21.97
2023-07-21,Green Onion,Vegetables,10.68,16.02,13.35
2023-07-21,Peach,Fruits,12.0,140.0,50.62
2023-07-21,Green Hot Pepper,Vegetables,5.7,320.0,61.49
2023-07-21,Wheat,Grains,16.1,60.0,22.92
2023-07-21,Grapes,Fruits,20.0,237.5,72.69
2023-07-21,Apple,Fruits,5.85,280.0,103.43
2023-07-21,Banana,Fruits,5.0,143.5,31.83
2023-07-21,Barley,Grains,14.55,23.7,18.55
2023-07-21,Bell Pepper,Vegetables,8.0,150.0,60.77
2023-07-21,Black pepper,Herbs & Spices,300.0,520.0,482.2
2023-07-21,Cabbage,Vegetables,2.0,101.0,20.0
2023-07-21,Cantaloupe,Fruits,8.0,55.0,23.5
2023-07-21,Green Beans,Vegetables,12.0,125.0,47.18
2023-07-21,Coriander Leaves,Herbs & Spices,35.8,53.7,44.75
2023-07-21,Corn,Grains,16.39,24.58,20.48
2023-07-21,Cucumber,Vegetables,16.75,25.12,20.94
2023-07-21,Cumin,Herbs & Spices,320.05,657.0,540.15
2023-07-21,Eggplant,Vegetables,2.5,86.0,28.34
2023-07-21,Garlic,Vegetables,66.29,99.43,82.86
2023-07-21,Ginger,Herbs & Spices,8.25,330.0,126.43
2023-07-21,Carrot,Vegetables,4.5,102.0,40.4
2023-07-22,Guava,Fruits,10.0,130.0,41.36
2023-07-22,Lemon,Fruits,3.0,127.5,37.09
2023-07-22,Mango,Fruits,4.0,150.0,29.86
2023-07-22,Mint,Herbs & Spices,11.21,16.82,14.01
2023-07-22,Okra,Vegetables,3.0,111.0,28.51
2023-07-22,Onion,Vegetables,13.37,20.06,16.72
2023-07-22,Orange,Fruits,25.0,120.0,69.38
2023-07-22,Potato,Vegetables,11.57,17.35,14.46
2023-07-22,Pear,Fruits,4.5,120.0,36.86
2023-07-22,Pomegranate,Fruits,2.5,250.0,75.61
2023-07-22,Rice,Grains,10.0,95.0,31.07
2023-07-22,Tomato,Vegetables,5.0,170.0,73.67
2023-07-22,Turmeric,Herbs & Spices,60.0,180.0,105.79
2023-07-22,Watermelon,Fruits,8.0,45.0,22.42
2023-07-22,Green Onion,Vegetables,17.6,26.39,22.0
2023-07-22,Peach,Fruits,20.0,60.0,35.42
2023-07-22,Wheat,Grains,15.0,60.0,22.74
2023-07-22,Green Hot Pepper,Vegetables,4.0,250.0,58.95
2023-07-22,Grapes,Fruits,30.0,120.0,70.2
2023-07-22,Green Beans,Vegetables,12.0,110.0,45.36
2023-07-22,Apple,Fruits,6.0,250.0,99.73
2023-07-22,Banana,Fruits,4.5,123.0,30.88
2023-07-22,Barley,Grains,14.0,26.9,18.66
2023-07-22,Bell Pepper,Vegetables,4.0,145.0,59.36
2023-07-22,Cabbage,Vegetables,2.0,98.0,19.48
2023-07-22,Cantaloupe,Fruits,4.0,70.0,29.38
2023-07-22,Black pepper,Herbs & Spices,300.0,560.79,479.38
2023-07-22,Coriander Leaves,Herbs & Spices,39.35,59.02,49.18
2023-07-22,Corn,Grains,6.8,95.0,19.8
2023-07-22,Cucumber,Vegetables,2.0,70.0,20.54
2023-07-22,Cumin,Herbs & Spices,280.05,737.55,526.43
2023-07-22,Eggplant,Vegetables,2.3,93.0,27.46
2023-07-22,Garlic,Vegetables,12.0,300.0,85.47
2023-07-22,Ginger,Herbs & Spices,8.1,330.0,120.62
2023-07-22,Carrot,Vegetables,4.0,140.0,39.99
2023-07-23,Onion,Vegetables,13.49,20.24,16.86
2023-07-23,Guava,Fruits,10.0,47.5,25.35
2023-07-23,Lemon,Fruits,7.0,80.0,33.96
2023-07-23,Mango,Fruits,4.0,100.0,27.92
2023-07-23,Mint,Herbs & Spices,11.01,16.52,13.77
2023-07-23,Okra,Vegetables,3.0,150.0,28.08
2023-07-23,Orange,Fruits,15.0,120.0,55.21
2023-07-23,Green Onion,Vegetables,14.4,21.6,18.0
2023-07-23,Pear,Fruits,4.5,97.0,32.78
2023-07-23,Pomegranate,Fruits,10.0,230.0,69.19
2023-07-23,Potato,Vegetables,4.0,60.0,14.5
2023-07-23,Rice,Grains,10.0,89.0,32.49
2023-07-23,Wheat,Grains,17.0,42.1,22.6
2023-07-23,Turmeric,Herbs & Spices,96.8,130.0,111.18
2023-07-23,Watermelon,Fruits,9.0,50.0,23.32
2023-07-23,Peach,Fruits,10.0,56.0,25.0
2023-07-23,Green Hot Pepper,Vegetables,7.0,375.0,61.87
2023-07-23,Tomato,Vegetables,5.0,200.0,74.8
2023-07-23,Grapes,Fruits,40.0,150.0,92.0
2023-07-23,Apple,Fruits,10.0,280.0,101.37
2023-07-23,Banana,Fruits,6.0,78.0,30.77
2023-07-23,Barley,Grains,14.85,23.0,18.76
2023-07-23,Bell Pepper,Vegetables,5.0,130.0,51.29
2023-07-23,Black pepper,Herbs & Spices,418.0,500.0,471.5
2023-07-23,Cabbage,Vegetables,2.0,75.0,19.4
2023-07-23,Cantaloupe,Fruits,12.0,30.0,20.0
2023-07-23,Green Beans,Vegetables,10.0,70.0,44.27
2023-07-23,Coriander Leaves,Herbs & Spices,24.27,36.41,30.34
2023-07-23,Corn,Grains,10.0,35.8,18.55
2023-07-23,Cucumber,Vegetables,2.0,75.0,19.97
2023-07-23,Cumin,Herbs & Spices,500.0,610.0,562.5
2023-07-23,Eggplant,Vegetables,2.5,93.0,26.83
2023-07-23,Garlic,Vegetables,20.0,170.0,75.83
2023-07-23,Ginger,Herbs & Spices,15.0,250.0,110.73
2023-07-23,Carrot,Vegetables,5.0,150.0,40.48
2023-07-24,Lemon,Fruits,5.0,123.0,36.09
2023-07-24,Mango,Fruits,4.0,180.0,30.97
2023-07-24,Mint,Herbs & Spices,15.94,23.91,19.93
2023-07-24,Okra,Vegetables,3.0,115.0,29.28
2023-07-24,Onion,Vegetables,14.01,21.02,17.52
2023-07-24,Orange,Fruits,33.0,120.0,72.21
2023-07-24,Peach,Fruits,15.0,70.0,38.25
2023-07-24,Rice,Grains,10.0,95.0,32.24
2023-07-24,Pomegranate,Fruits,61.4,92.1,76.75
2023-07-24,Potato,Vegetables,2.0,600.0,15.91
2023-07-24,Tomato,Vegetables,5.75,840.0,80.56
2023-07-24,Turmeric,Herbs & Spices,23.0,185.0,95.69
2023-07-24,Watermelon,Fruits,8.0,55.0,23.48
2023-07-24,Wheat,Grains,13.7,60.0,23.1
2023-07-24,Guava,Fruits,9.0,125.0,42.02
2023-07-24,Pear,Fruits,4.5,140.0,41.44
2023-07-24,Green Onion,Vegetables,16.29,24.43,20.36
2023-07-24,Green Hot Pepper,Vegetables,4.0,500.0,61.2
2023-07-24,Green Beans,Vegetables,20.0,120.0,47.18
2023-07-24,Banana,Fruits,4.5,480.0,33.27
2023-07-24,Barley,Grains,2.5,26.5,18.2
2023-07-24,Bell Pepper,Vegetables,4.0,150.0,62.49
2023-07-24,Black pepper,Herbs & Spices,280.0,616.99,495.58
2023-07-24,Cabbage,Vegetables,3.0,500.0,21.85
2023-07-24,Cantaloupe,Fruits,4.0,100.0,38.78
2023-07-24,Carrot,Vegetables,5.0,840.0,45.93
2023-07-24,Apple,Fruits,9.5,280.0,102.11
2023-07-24,Corn,Grains,16.36,24.54,20.45
2023-07-24,Cucumber,Vegetables,2.0,80.0,21.22
2023-07-24,Cumin,Herbs & Spices,255.05,700.0,531.21
2023-07-24,Eggplant,Vegetables,4.0,840.0,30.3
2023-07-24,Garlic,Vegetables,5.0,260.0,85.3
2023-07-24,Ginger,Herbs & Spices,15.0,330.0,127.27
2023-07-24,Grapes,Fruits,25.0,269.0,84.23
2023-07-24,Coriander Leaves,Herbs & Spices,40.74,61.11,50.92
2023-07-25,Guava,Fruits,4.7,115.0,34.42
2023-07-25,Lemon,Fruits,5.0,153.0,34.84
2023-07-25,Mango,Fruits,5.0,180.0,30.43
2023-07-25,Mint,Herbs & Spices,16.51,24.76,20.64
2023-07-25,Okra,Vegetables,3.5,150.0,29.12
2023-07-25,Onion,Vegetables,13.91,20.86,17.38
2023-07-25,Orange,Fruits,15.0,160.0,65.73
2023-07-25,Potato,Vegetables,11.7,17.55,14.63
2023-07-25,Pear,Fruits,4.0,120.0,39.31
2023-07-25,Pomegranate,Fruits,3.0,310.0,75.89
2023-07-25,Rice,Grains,10.0,90.0,32.35
2023-07-25,Tomato,Vegetables,5.5,160.0,79.66
2023-07-25,Turmeric,Herbs & Spices,45.27,190.0,101.12
2023-07-25,Watermelon,Fruits,4.0,55.0,23.75
2023-07-25,Green Onion,Vegetables,14.1,21.15,17.63
2023-07-25,Peach,Fruits,10.0,90.0,34.6
2023-07-25,Green Hot Pepper,Vegetables,5.0,375.0,59.3
2023-07-25,Wheat,Grains,15.0,65.72,23.19
2023-07-25,Grapes,Fruits,20.0,300.0,98.05
2023-07-25,Apple,Fruits,9.4,300.0,98.31
2023-07-25,Banana,Fruits,4.5,184.5,31.48
2023-07-25,Barley,Grains,13.99,23.5,18.67
2023-07-25,Bell Pepper,Vegetables,4.0,145.0,62.7
2023-07-25,Black pepper,Herbs & Spices,400.0,635.08,505.33
2023-07-25,Cabbage,Vegetables,2.0,101.0,19.91
2023-07-25,Cantaloupe,Fruits,4.0,100.0,31.31
2023-07-25,Green Beans,Vegetables,14.0,125.0,44.66
2023-07-25,Coriander Leaves,Herbs & Spices,36.91,55.36,46.13
2023-07-25,Corn,Grains,16.29,24.44,20.37
2023-07-25,Cucumber,Vegetables,16.56,24.85,20.71
2023-07-25,Cumin,Herbs & Spices,50.0,700.0,510.83
2023-07-25,Eggplant,Vegetables,3.0,93.0,28.24
2023-07-25,Garlic,Vegetables,5.0,200.0,84.27
2023-07-25,Ginger,Herbs & Spices,5.0,330.0,124.36
2023-07-25,Carrot,Vegetables,5.0,230.0,40.39
2023-07-26,Guava,Fruits,4.85,115.0,32.29
2023-07-26,Lemon,Fruits,5.0,127.5,35.75
2023-07-26,Mango,Fruits,5.0,180.0,30.68
2023-07-26,Mint,Herbs & Spices,13.89,20.83,17.36
2023-07-26,Okra,Vegetables,3.5,160.01,28.66
2023-07-26,Onion,Vegetables,14.24,21.36,17.8
2023-07-26,Orange,Fruits,15.0,125.0,65.94
2023-07-26,Potato,Vegetables,12.33,18.49,15.41
2023-07-26,Pear,Fruits,5.1,120.0,37.54
2023-07-26,Pomegranate,Fruits,2.5,250.0,76.62
2023-07-26,Rice,Grains,10.0,70.0,32.61
2023-07-26,Tomato,Vegetables,3.0,200.0,80.76
2023-07-26,Turmeric,Herbs & Spices,48.99,215.0,108.4
2023-07-26,Watermelon,Fruits,5.5,55.0,23.87
2023-07-26,Green Onion,Vegetables,17.14,25.7,21.42
2023-07-26,Peach,Fruits,18.0,70.0,38.9
2023-07-26,Green Hot Pepper,Vegetables,5.0,340.0,59.45
2023-07-26,Wheat,Grains,15.0,60.0,23.18
2023-07-26,Grapes,Fruits,20.0,140.0,65.85
2023-07-26,Apple,Fruits,9.4,300.0,99.87
2023-07-26,Banana,Fruits,4.5,143.5,32.13
2023-07-26,Barley,Grains,14.25,23.5,18.25
2023-07-26,Bell Pepper,Vegetables,6.0,160.0,62.72
2023-07-26,Black pepper,Herbs & Spices,280.0,655.99,503.41
2023-07-26,Cabbage,Vegetables,2.0,120.0,20.83
2023-07-26,Cantaloupe,Fruits,4.0,100.0,30.59
2023-07-26,Green Beans,Vegetables,10.0,120.0,47.0
2023-07-26,Coriander Leaves,Herbs & Spices,39.9,59.84,49.87
2023-07-26,Corn,Grains,16.32,24.48,20.4
2023-07-26,Cucumber,Vegetables,16.28,24.42,20.35
2023-07-26,Cumin,Herbs & Spices,250.0,700.0,520.65
2023-07-26,Eggplant,Vegetables,22.76,34.13,28.44
2023-07-26,Garlic,Vegetables,16.0,180.0,85.44
2023-07-26,Ginger,Herbs & Spices,15.0,330.0,125.55
2023-07-26,Carrot,Vegetables,5.0,162.0,41.65
2023-07-27,Guava,Fruits,8.0,115.0,34.3
2023-07-27,Lemon,Fruits,5.0,183.0,34.9
2023-07-27,Mango,Fruits,4.0,150.0,31.01
2023-07-27,Mint,Herbs & Spices,11.39,17.08,14.24
2023-07-27,Okra,Vegetables,2.5,127.0,28.03
2023-07-27,Onion,Vegetables,14.07,21.11,17.59
2023-07-27,Orange,Fruits,33.0,122.5,67.64
2023-07-27,Potato,Vegetables,11.95,17.93,14.94
2023-07-27,Pear,Fruits,4.0,120.0,41.77
2023-07-27,Pomegranate,Fruits,3.0,300.0,74.89
2023-07-27,Rice,Grains,10.0,89.0,32.43
2023-07-27,Tomato,Vegetables,4.0,200.0,81.54
2023-07-27,Turmeric,Herbs & Spices,25.0,205.0,106.86
2023-07-27,Watermelon,Fruits,8.0,55.0,24.34
2023-07-27,Green Onion,Vegetables,16.87,25.3,21.09
2023-07-27,Peach,Fruits,10.0,120.0,37.17
2023-07-27,Wheat,Grains,15.0,69.75,23.11
2023-07-27,Green Hot Pepper,Vegetables,5.0,500.0,57.43
2023-07-27,Grapes,Fruits,35.0,170.0,76.52
2023-07-27,Green Beans,Vegetables,12.0,140.0,47.24
2023-07-27,Apple,Fruits,12.0,300.0,96.53
2023-07-27,Banana,Fruits,4.5,150.0,32.11
2023-07-27,Barley,Grains,10.0,23.5,18.17
2023-07-27,Bell Pepper,Vegetables,7.0,180.0,62.73
2023-07-27,Cabbage,Vegetables,2.0,90.0,19.62
2023-07-27,Cantaloupe,Fruits,10.0,100.0,33.45
2023-07-27,Black pepper,Herbs & Spices,315.0,640.76,501.25
2023-07-27,Coriander Leaves,Herbs & Spices,33.68,50.52,42.1
2023-07-27,Corn,Grains,15.54,23.31,19.42
2023-07-27,Cucumber,Vegetables,16.57,24.85,20.71
2023-07-27,Cumin,Herbs & Spices,300.0,700.0,508.67
2023-07-27,Eggplant,Vegetables,4.5,93.0,27.61
2023-07-27,Garlic,Vegetables,20.0,200.0,84.84
2023-07-27,Ginger,Herbs & Spices,5.0,330.0,124.09
2023-07-27,Carrot,Vegetables,5.0,150.0,38.52
2023-07-28,Orange,Fruits,15.0,121.5,66.25
2023-07-28,Lemon,Fruits,5.0,122.0,34.99
2023-07-28,Mango,Fruits,4.0,150.0,30.69
2023-07-28,Mint,Herbs & Spices,14.97,22.45,18.71
2023-07-28,Okra,Vegetables,2.0,80.0,27.3
2023-07-28,Onion,Vegetables,14.0,20.99,17.5
2023-07-28,Peach,Fruits,10.0,110.0,37.75
2023-07-28,Guava,Fruits,4.8,100.0,32.68
2023-07-28,Pomegranate,Fruits,2.5,350.0,76.84
2023-07-28,Potato,Vegetables,11.71,17.56,14.63
2023-07-28,Rice,Grains,10.0,90.0,32.22
2023-07-28,Tomato,Vegetables,7.0,210.0,80.69
2023-07-28,Turmeric,Herbs & Spices,48.88,210.0,108.49
2023-07-28,Watermelon,Fruits,5.0,55.0,23.37
2023-07-28,Wheat,Grains,13.6,68.0,23.44
2023-07-28,Pear,Fruits,4.8,120.0,41.45
2023-07-28,Green Onion,Vegetables,17.92,26.88,22.4
2023-07-28,Green Beans,Vegetables,15.0,125.0,50.08
2023-07-28,Apple,Fruits,2.3,286.6,93.11
2023-07-28,Green Hot Pepper,Vegetables,5.0,300.0,56.59
2023-07-28,Banana,Fruits,5.0,102.0,31.4
2023-07-28,Barley,Grains,12.2,23.5,18.52
2023-07-28,Bell Pepper,Vegetables,7.0,150.0,59.74
2023-07-28,Black pepper,Herbs & Spices,280.0,630.76,509.49
2023-07-28,Cantaloupe,Fruits,5.5,100.0,29.48
2023-07-28,Carrot,Vegetables,5.0,150.0,38.86
2023-07-28,Cabbage,Vegetables,2.0,90.0,19.41
2023-07-28,Corn,Grains,16.19,24.28,20.23
2023-07-28,Cucumber,Vegetables,15.77,23.66,19.72
2023-07-28,Cumin,Herbs & Spices,245.05,700.0,530.05
2023-07-28,Eggplant,Vegetables,2.0,96.0,27.15
2023-07-28,Garlic,Vegetables,7.1,200.0,83.8
2023-07-28,Ginger,Herbs & Spices,10.0,330.0,119.12
2023-07-28,Grapes,Fruits,25.0,190.0,75.86
2023-07-28,Coriander Leaves,Herbs & Spices,31.93,47.89,39.91
2023-07-29,Orange,Fruits,20.0,122.5,59.82
2023-07-29,Lemon,Fruits,5.0,183.0,33.25
2023-07-29,Mango,Fruits,5.5,80.4,31.84
2023-07-29,Mint,Herbs & Spices,10.58,15.87,13.23
2023-07-29,Okra,Vegetables,3.0,108.0,28.22
2023-07-29,Onion,Vegetables,14.58,21.86,18.22
2023-07-29,Peach,Fruits,70.0,100.0,85.0
2023-07-29,Watermelon,Fruits,5.0,50.0,20.76
2023-07-29,Pomegranate,Fruits,2.5,225.0,71.6
2023-07-29,Potato,Vegetables,11.98,17.96,14.97
2023-07-29,Rice,Grains,10.0,89.0,31.09
2023-07-29,Tomato,Vegetables,5.0,196.0,81.1
2023-07-29,Turmeric,Herbs & Spices,22.0,210.0,108.71
2023-07-29,Wheat,Grains,2.31,60.0,22.96
2023-07-29,Guava,Fruits,21.2,31.81,26.5
2023-07-29,Pear,Fruits,5.0,120.0,37.58
2023-07-29,Green Onion,Vegetables,17.26,25.89,21.57
2023-07-29,Green Beans,Vegetables,10.0,90.0,46.55
2023-07-29,Apple,Fruits,8.33,280.0,99.71
2023-07-29,Green Hot Pepper,Vegetables,5.0,300.0,55.9
2023-07-29,Banana,Fruits,4.5,123.0,31.92
2023-07-29,Barley,Grains,13.0,23.5,18.8
2023-07-29,Bell Pepper,Vegetables,7.0,150.0,61.59
2023-07-29,Black pepper,Herbs & Spices,400.0,628.79,513.16
2023-07-29,Cantaloupe,Fruits,5.5,65.0,23.03
2023-07-29,Carrot,Vegetables,5.0,150.0,38.84
2023-07-29,Cabbage,Vegetables,2.0,110.0,20.04
2023-07-29,Corn,Grains,3.0,110.0,21.23
2023-07-29,Cucumber,Vegetables,2.0,120.0,20.37
2023-07-29,Cumin,Herbs & Spices,325.0,700.0,518.2
2023-07-29,Eggplant,Vegetables,2.5,112.0,27.17
2023-07-29,Garlic,Vegetables,15.0,200.0,82.85
2023-07-29,Ginger,Herbs & Spices,15.0,330.0,119.01
2023-07-29,Grapes,Fruits,36.0,300.0,97.27
2023-07-29,Coriander Leaves,Herbs & Spices,28.09,42.13,35.11
2023-07-30,Onion,Vegetables,14.1,21.15,17.63
2023-07-30,Guava,Fruits,4.6,45.0,22.64
2023-07-30,Lemon,Fruits,7.0,60.0,32.66
2023-07-30,Mango,Fruits,5.0,80.0,29.37
2023-07-30,Mint,Herbs & Spices,16.81,25.21,21.01
2023-07-30,Okra,Vegetables,3.5,80.0,27.27
2023-07-30,Orange,Fruits,37.5,100.0,65.0
2023-07-30,Green Onion,Vegetables,15.38,23.06,19.22
2023-07-30,Pomegranate,Fruits,8.0,225.0,66.65
2023-07-30,Potato,Vegetables,4.0,42.0,14.33
2023-07-30,Tomato,Vegetables,5.0,194.0,79.24
2023-07-30,Turmeric,Herbs & Spices,115.0,120.0,118.0
2023-07-30,Watermelon,Fruits,7.0,40.0,20.49
2023-07-30,Wheat,Grains,17.0,33.0,22.64
2023-07-30,Pear,Fruits,4.0,107.0,35.63
2023-07-30,Green Hot Pepper,Vegetables,7.0,300.0,54.98
2023-07-30,Rice,Grains,10.0,89.0,31.71
2023-07-30,Grapes,Fruits,40.0,300.0,124.2
2023-07-30,Apple,Fruits,9.0,280.0,90.83
2023-07-30,Banana,Fruits,5.0,88.0,29.43
2023-07-30,Barley,Grains,14.75,23.0,18.45
2023-07-30,Bell Pepper,Vegetables,4.0,210.0,54.69
2023-07-30,Black pepper,Herbs & Spices,418.0,550.0,485.0
2023-07-30,Cabbage,Vegetables,2.0,80.0,19.51
2023-07-30,Green Beans,Vegetables,10.0,82.0,45.26
2023-07-30,Cantaloupe,Fruits,12.0,35.0,22.5
2023-07-30,Coriander Leaves,Herbs & Spices,17.16,25.74,21.45
2023-07-30,Corn,Grains,5.0,26.3,18.62
2023-07-30,Cucumber,Vegetables,15.27,22.91,19.09
2023-07-30,Eggplant,Vegetables,2.0,106.0,25.93
2023-07-30,Garlic,Vegetables,18.0,200.0,77.47
2023-07-30,Ginger,Herbs & Spices,8.15,230.0,106.32
2023-07-30,Carrot,Vegetables,5.0,90.0,37.27
2023-07-31,Onion,Vegetables,14.61,21.92,18.26
2023-07-31,Okra,Vegetables,3.0,130.0,28.68
2023-07-31,Lemon,Fruits,5.0,213.5,34.07
2023-07-31,Mango,Fruits,6.0,150.0,32.53
2023-07-31,Orange,Fruits,15.0,122.0,74.05
2023-07-31,Mint,Herbs & Spices,15.07,22.61,18.84
2023-07-31,Peach,Fruits,18.0,20.0,19.0
2023-07-31,Guava,Fruits,8.5,110.0,37.17
2023-07-31,Pomegranate,Fruits,2.5,370.0,73.44
2023-07-31,Potato,Vegetables,12.31,18.47,15.39
2023-07-31,Rice,Grains,10.0,70.0,32.11
2023-07-31,Tomato,Vegetables,68.01,102.02,85.02
2023-07-31,Turmeric,Herbs & Spices,50.0,175.0,109.98
2023-07-31,Watermelon,Fruits,5.0,50.0,21.8
2023-07-31,Wheat,Grains,16.0,60.0,23.46
2023-07-31,Pear,Fruits,4.0,110.0,42.92
2023-07-31,Green Onion,Vegetables,19.63,29.45,24.54
2023-07-31,Apple,Fruits,8.33,265.0,96.34
2023-07-31,Green Beans,Vegetables,20.0,125.0,49.7
2023-07-31,Green Hot Pepper,Vegetables,5.0,400.0,57.55
2023-07-31,Banana,Fruits,4.5,150.0,32.62
2023-07-31,Barley,Grains,15.0,23.4,18.3
2023-07-31,Bell Pepper,Vegetables,7.0,150.0,64.63
2023-07-31,Black pepper,Herbs & Spices,280.0,615.99,518.17
2023-07-31,Cantaloupe,Fruits,7.5,50.0,20.64
2023-07-31,Carrot,Vegetables,5.0,150.0,39.63
2023-07-31,Cabbage,Vegetables,3.0,107.0,21.66
2023-07-31,Corn,Grains,16.11,24.16,20.14
2023-07-31,Cucumber,Vegetables,2.0,92.0,20.31
2023-07-31,Cumin,Herbs & Spices,260.05,700.0,522.16
2023-07-31,Eggplant,Vegetables,2.4,160.0,28.02
2023-07-31,Garlic,Vegetables,18.0,200.0,86.22
2023-07-31,Ginger,Herbs & Spices,18.1,320.0,126.63
2023-07-31,Grapes,Fruits,20.0,220.0,82.29
2023-07-31,Coriander Leaves,Herbs & Spices,32.95,49.42,41.18
2023-08-01,Orange,Fruits,15.0,120.0,60.44
2023-08-01,Lemon,Fruits,6.0,152.0,35.1
2023-08-01,Mango,Fruits,7.0,150.0,33.57
2023-08-01,Mint,Herbs & Spices,17.21,25.81,21.51
2023-08-01,Okra,Vegetables,4.0,88.0,29.05
2023-08-01,Onion,Vegetables,14.65,21.97,18.31
2023-08-01,Peach,Fruits,10.0,24.0,18.5
2023-08-01,Wheat,Grains,18.86,28.29,23.57
2023-08-01,Pomegranate,Fruits,2.5,225.0,73.55
2023-08-01,Potato,Vegetables,12.96,19.44,16.2
2023-08-01,Rice,Grains,10.0,80.0,32.19
2023-08-01,Tomato,Vegetables,5.0,700.0,86.98
2023-08-01,Turmeric,Herbs & Spices,50.06,200.0,111.81
2023-08-01,Watermelon,Fruits,8.0,55.0,21.76
2023-08-01,Guava,Fruits,2.5,120.0,33.51
2023-08-01,Pear,Fruits,5.0,140.0,44.02
2023-08-01,Green Onion,Vegetables,13.29,19.94,16.61
2023-08-01,Eggplant,Vegetables,4.0,840.0,29.54
2023-08-01,Green Beans,Vegetables,15.0,125.0,50.46
2023-08-01,Apple,Fruits,8.33,280.0,95.18
2023-08-01,Banana,Fruits,4.5,500.0,34.04
2023-08-01,Barley,Grains,13.8,23.5,18.12
2023-08-01,Bell Pepper,Vegetables,4.0,140.0,64.77
2023-08-01,Green Hot Pepper,Vegetables,5.0,300.0,53.78
2023-08-01,Cabbage,Vegetables,2.0,250.0,23.35
2023-08-01,Cantaloupe,Fruits,5.0,60.0,22.0
2023-08-01,Black pepper,Herbs & Spices,400.0,611.76,525.28
2023-08-01,Coriander Leaves,Herbs & Spices,29.1,43.65,36.38
2023-08-01,Corn,Grains,2.0,110.0,20.2
2023-08-01,Cucumber,Vegetables,2.0,80.0,20.18
2023-08-01,Cumin,Herbs & Spices,317.5,700.0,524.2
2023-08-01,Garlic,Vegetables,7.13,200.0,88.25
2023-08-01,Ginger,Herbs & Spices,10.0,1100.0,128.23
2023-08-01,Grapes,Fruits,20.0,225.0,88.53
2023-08-01,Carrot,Vegetables,5.0,840.0,45.8
2023-08-02,Orange,Fruits,15.0,130.0,61.64
2023-08-02,Lemon,Fruits,5.0,122.0,34.88
2023-08-02,Mango,Fruits,7.0,140.0,33.59
2023-08-02,Mint,Herbs & Spices,17.32,25.99,21.66
2023-08-02,Okra,Vegetables,2.0,110.0,27.31
2023-08-02,Onion,Vegetables,14.41,21.62,18.01
2023-08-02,Peach,Fruits,40.0,50.0,45.5
2023-08-02,Guava,Fruits,5.0,110.0,31.72
2023-08-02,Pomegranate,Fruits,2.5,200.0,73.9
2023-08-02,Potato,Vegetables,11.81,17.72,14.77
2023-08-02,Rice,Grains,10.0,80.0,32.46
2023-08-02,Tomato,Vegetables,5.0,200.0,83.44
2023-08-02,Turmeric,Herbs & Spices,17.0,210.0,111.19
2023-08-02,Watermelon,Fruits,5.0,55.0,21.57
2023-08-02,Wheat,Grains,15.0,60.0,23.71
2023-08-02,Pear,Fruits,4.0,120.0,41.75
2023-08-02,Green Onion,Vegetables,15.72,23.58,19.65
2023-08-02,Green Beans,Vegetables,13.0,125.0,49.69
2023-08-02,Green Hot Pepper,Vegetables,4.0,300.0,51.5
2023-08-02,Banana,Fruits,4.5,143.5,31.62
2023-08-02,Barley,Grains,14.0,24.5,18.21
2023-08-02,Bell Pepper,Vegetables,6.0,160.0,61.23
2023-08-02,Black pepper,Herbs & Spices,400.0,628.76,528.41
2023-08-02,Cabbage,Vegetables,2.0,120.0,20.87
2023-08-02,Cantaloupe,Fruits,5.0,50.0,21.16
2023-08-02,Carrot,Vegetables,5.0,150.0,38.78
2023-08-02,Apple,Fruits,6.0,265.0,91.22
2023-08-02,Corn,Grains,16.39,24.59,20.49
2023-08-02,Cucumber,Vegetables,2.0,73.0,19.61
2023-08-02,Cumin,Herbs & Spices,154.11,700.0,519.05
2023-08-02,Eggplant,Vegetables,4.0,120.0,26.52
2023-08-02,Garlic,Vegetables,5.0,200.0,89.17
2023-08-02,Ginger,Herbs & Spices,18.0,300.0,122.06
2023-08-02,Grapes,Fruits,30.0,225.0,79.62
2023-08-02,Coriander Leaves,Herbs & Spices,30.9,46.35,38.62
2023-08-03,Guava,Fruits,4.9,120.0,33.42
2023-08-03,Lemon,Fruits,5.0,183.0,35.24
2023-08-03,Mango,Fruits,28.02,42.04,35.03
2023-08-03,Mint,Herbs & Spices,15.38,23.08,19.23
2023-08-03,Okra,Vegetables,3.0,80.0,26.82
2023-08-03,Onion,Vegetables,14.47,21.7,18.08
2023-08-03,Orange,Fruits,30.0,150.0,76.09
2023-08-03,Potato,Vegetables,11.94,17.91,14.93
2023-08-03,Pear,Fruits,8.0,170.0,44.52
2023-08-03,Pomegranate,Fruits,2.5,211.0,74.5
2023-08-03,Rice,Grains,10.0,90.0,32.7
2023-08-03,Tomato,Vegetables,2.5,900.0,84.03
2023-08-03,Turmeric,Herbs & Spices,50.0,215.0,117.54
2023-08-03,Watermelon,Fruits,2.0,50.0,21.24
2023-08-03,Green Onion,Vegetables,14.93,22.39,18.66
2023-08-03,Peach,Fruits,50.0,60.0,55.0
2023-08-03,Green Hot Pepper,Vegetables,5.0,310.0,51.74
2023-08-03,Wheat,Grains,16.25,60.0,23.8
2023-08-03,Grapes,Fruits,25.0,220.0,88.54
2023-08-03,Apple,Fruits,8.33,305.0,91.76
2023-08-03,Banana,Fruits,4.5,164.0,32.35
2023-08-03,Barley,Grains,14.52,24.6,18.57
2023-08-03,Bell Pepper,Vegetables,9.0,150.0,63.54
2023-08-03,Black pepper,Herbs & Spices,272.94,631.69,516.79
2023-08-03,Cabbage,Vegetables,2.0,80.0,21.02
2023-08-03,Cantaloupe,Fruits,5.0,60.0,22.11
2023-08-03,Green Beans,Vegetables,5.0,110.0,49.33
2023-08-03,Coriander Leaves,Herbs & Spices,31.35,47.02,39.19
2023-08-03,Corn,Grains,16.16,24.24,20.2
2023-08-03,Cucumber,Vegetables,2.0,150.0,19.5
2023-08-03,Cumin,Herbs & Spices,322.5,700.0,527.72
2023-08-03,Eggplant,Vegetables,2.0,97.0,26.58
2023-08-03,Garlic,Vegetables,70.81,106.22,88.51
2023-08-03,Ginger,Herbs & Spices,11.0,300.0,126.46
2023-08-03,Carrot,Vegetables,5.0,150.0,39.35
2023-08-04,Green Onion,Vegetables,17.99,26.98,22.48
2023-08-04,Guava,Fruits,3.0,100.0,29.95
2023-08-04,Lemon,Fruits,5.0,152.0,35.03
2023-08-04,Mango,Fruits,29.11,43.66,36.39
2023-08-04,Mint,Herbs & Spices,15.07,22.61,18.84
2023-08-04,Okra,Vegetables,3.0,124.0,26.81
2023-08-04,Onion,Vegetables,14.31,21.46,17.89
2023-08-04,Potato,Vegetables,11.82,17.72,14.77
2023-08-04,Pear,Fruits,4.75,130.0,45.52
2023-08-04,Pomegranate,Fruits,59.82,89.73,74.78
2023-08-04,Rice,Grains,10.0,140.0,32.87
2023-08-04,Tomato,Vegetables,5.0,200.0,82.05
2023-08-04,Turmeric,Herbs & Spices,40.19,300.0,118.27
2023-08-04,Watermelon,Fruits,5.0,50.0,25.26
2023-08-04,Green Hot Pepper,Vegetables,3.0,300.0,51.12
2023-08-04,Orange,Fruits,15.0,130.0,57.44
2023-08-04,Wheat,Grains,15.0,60.0,23.95
2023-08-04,Green Beans,Vegetables,10.0,125.0,48.45
2023-08-04,Ginger,Herbs & Spices,10.0,300.0,125.63
2023-08-04,Grapes,Fruits,20.0,225.0,75.88
2023-08-04,Apple,Fruits,8.33,280.0,90.88
2023-08-04,Banana,Fruits,24.89,37.33,31.11
2023-08-04,Barley,Grains,10.5,23.5,18.53
2023-08-04,Black pepper,Herbs & Spices,400.0,643.01,538.78
2023-08-04,Cabbage,Vegetables,2.0,80.0,21.42
2023-08-04,Cantaloupe,Fruits,5.5,60.0,20.77
2023-08-04,Bell Pepper,Vegetables,10.0,150.0,61.08
2023-08-04,Coriander Leaves,Herbs & Spices,29.68,44.52,37.1
2023-08-04,Corn,Grains,6.0,110.0,21.09
2023-08-04,Cucumber,Vegetables,2.0,86.0,19.72
2023-08-04,Cumin,Herbs & Spices,327.0,700.0,542.07
2023-08-04,Eggplant,Vegetables,3.0,103.0,26.39
2023-08-04,Garlic,Vegetables,10.0,200.0,87.91
2023-08-04,Carrot,Vegetables,5.0,150.0,39.98
2023-08-05,Orange,Fruits,15.0,131.0,58.6
2023-08-05,Lemon,Fruits,3.5,85.0,34.87
2023-08-05,Mango,Fruits,7.0,100.0,37.25
2023-08-05,Mint,Herbs & Spices,18.26,27.39,22.82
2023-08-05,Okra,Vegetables,3.0,85.0,26.02
2023-08-05,Onion,Vegetables,14.49,21.74,18.11
2023-08-05,Peach,Fruits,50.0,60.0,55.0
2023-08-05,Wheat,Grains,16.25,60.0,23.65
2023-08-05,Pomegranate,Fruits,2.5,350.0,75.29
2023-08-05,Potato,Vegetables,11.49,17.24,14.36
2023-08-05,Rice,Grains,10.0,90.0,31.83
2023-08-05,Tomato,Vegetables,5.0,220.0,85.61
2023-08-05,Turmeric,Herbs & Spices,64.0,240.0,120.61
2023-08-05,Watermelon,Fruits,8.0,40.0,21.57
2023-08-05,Guava,Fruits,3.1,100.0,31.28
2023-08-05,Pear,Fruits,5.0,120.0,40.62
2023-08-05,Green Onion,Vegetables,17.0,25.49,21.24
2023-08-05,Apple,Fruits,8.33,265.0,89.38
2023-08-05,Green Beans,Vegetables,10.0,110.0,46.37
2023-08-05,Banana,Fruits,4.5,150.0,31.84
2023-08-05,Barley,Grains,13.5,23.5,18.64
2023-08-05,Bell Pepper,Vegetables,8.0,160.0,60.69
2023-08-05,Black pepper,Herbs & Spices,400.0,650.0,538.72
2023-08-05,Cabbage,Vegetables,2.0,120.0,21.57
2023-08-05,Cantaloupe,Fruits,5.0,55.0,22.01
2023-08-05,Carrot,Vegetables,5.0,150.0,40.76
2023-08-05,Green Hot Pepper,Vegetables,5.0,320.0,51.52
2023-08-05,Corn,Grains,16.54,24.81,20.68
2023-08-05,Cucumber,Vegetables,2.0,70.0,19.11
2023-08-05,Cumin,Herbs & Spices,162.09,700.0,533.17
2023-08-05,Eggplant,Vegetables,3.0,80.0,25.93
2023-08-05,Garlic,Vegetables,6.8,188.0,85.53
2023-08-05,Ginger,Herbs & Spices,18.1,300.0,119.12
2023-08-05,Grapes,Fruits,25.0,220.0,102.58
2023-08-05,Coriander Leaves,Herbs & Spices,32.66,48.99,40.83
2023-08-06,Guava,Fruits,5.0,50.0,21.8
2023-08-06,Lemon,Fruits,3.0,69.0,32.41
2023-08-06,Mango,Fruits,6.0,100.0,33.43
2023-08-06,Mint,Herbs & Spices,16.71,25.06,20.89
2023-08-06,Okra,Vegetables,2.8,70.0,24.64
2023-08-06,Onion,Vegetables,14.53,21.79,18.16
2023-08-06,Orange,Fruits,15.0,130.0,63.12
2023-08-06,Rice,Grains,10.0,89.0,31.45
2023-08-06,Pomegranate,Fruits,10.0,255.0,66.89
2023-08-06,Potato,Vegetables,4.0,48.0,14.1
2023-08-06,Tomato,Vegetables,5.0,171.0,78.57
2023-08-06,Turmeric,Herbs & Spices,98.8,100.0,99.45
2023-08-06,Watermelon,Fruits,10.0,48.0,24.41
2023-08-06,Green Onion,Vegetables,14.51,21.76,18.13
2023-08-06,Pear,Fruits,5.1,90.0,37.88
2023-08-06,Wheat,Grains,18.65,35.0,23.02
2023-08-06,Green Hot Pepper,Vegetables,8.0,200.0,47.55
2023-08-06,Grapes,Fruits,37.5,180.0,99.58
2023-08-06,Green Beans,Vegetables,10.0,80.0,42.15
2023-08-06,Apple,Fruits,15.0,240.0,91.2
2023-08-06,Banana,Fruits,6.0,67.0,26.65
2023-08-06,Barley,Grains,15.4,23.0,19.58
2023-08-06,Black pepper,Herbs & Spices,500.0,650.0,600.0
2023-08-06,Cabbage,Vegetables,2.0,80.0,19.12
2023-08-06,Cantaloupe,Fruits,12.0,35.0,23.5
2023-08-06,Bell Pepper,Vegetables,5.0,110.0,51.37
2023-08-06,Coriander Leaves,Herbs & Spices,16.48,24.71,20.6
2023-08-06,Corn,Grains,5.0,24.0,18.55
2023-08-06,Cucumber,Vegetables,14.58,21.87,18.22
2023-08-06,Cumin,Herbs & Spices,475.0,616.26,559.15
2023-08-06,Eggplant,Vegetables,2.0,110.0,24.02
2023-08-06,Garlic,Vegetables,18.0,182.0,76.94
2023-08-06,Ginger,Herbs & Spices,18.1,250.0,111.22
2023-08-06,Carrot,Vegetables,7.0,87.0,36.0
2023-08-07,Orange,Fruits,20.0,130.0,64.55
2023-08-07,Guava,Fruits,5.0,100.0,30.87
2023-08-07,Lemon,Fruits,4.0,152.0,33.61
2023-08-07,Mango,Fruits,5.0,95.0,37.33
2023-08-07,Mint,Herbs & Spices,17.21,25.81,21.51
2023-08-07,Okra,Vegetables,3.0,80.0,25.94
2023-08-07,Onion,Vegetables,15.22,22.84,19.03
2023-08-07,Peach,Fruits,40.0,50.0,47.5
2023-08-07,Wheat,Grains,16.0,90.0,24.03
2023-08-07,Pomegranate,Fruits,2.5,325.0,72.16
2023-08-07,Potato,Vegetables,11.48,17.23,14.36
2023-08-07,Rice,Grains,10.0,89.0,32.24
2023-08-07,Tomato,Vegetables,5.5,180.1,83.94
2023-08-07,Turmeric,Herbs & Spices,28.12,200.0,112.62
2023-08-07,Watermelon,Fruits,6.0,55.0,21.88
2023-08-07,Green Onion,Vegetables,14.61,21.92,18.26
2023-08-07,Pear,Fruits,5.1,110.0,43.15
2023-08-07,Green Hot Pepper,Vegetables,4.0,355.0,51.39
2023-08-07,Eggplant,Vegetables,2.5,82.0,25.63
2023-08-07,Grapes,Fruits,25.0,243.33,85.92
2023-08-07,Apple,Fruits,87.59,131.38,109.48
2023-08-07,Banana,Fruits,4.5,150.0,32.45
2023-08-07,Barley,Grains,13.0,58.0,19.8
2023-08-07,Bell Pepper,Vegetables,4.5,130.0,59.37
2023-08-07,Cabbage,Vegetables,3.0,72.0,21.56
2023-08-07,Cantaloupe,Fruits,5.0,60.0,24.47
2023-08-07,Carrot,Vegetables,5.0,150.0,39.09
2023-08-07,Black pepper,Herbs & Spices,300.0,860.0,570.45
2023-08-07,Corn,Grains,16.01,24.01,20.01
2023-08-07,Cucumber,Vegetables,2.0,90.0,19.48
2023-08-07,Cumin,Herbs & Spices,302.5,635.0,538.64
2023-08-07,Green Beans,Vegetables,20.0,110.0,47.68
2023-08-07,Garlic,Vegetables,6.8,202.0,88.03
2023-08-07,Ginger,Herbs & Spices,12.25,284.0,119.45
2023-08-07,Coriander Leaves,Herbs & Spices,28.8,43.19,35.99
2023-08-08,Orange,Fruits,15.0,135.0,62.53
2023-08-08,Lemon,Fruits,4.0,213.5,35.29
2023-08-08,Mango,Fruits,7.0,145.0,39.95
2023-08-08,Mint,Herbs & Spices,15.76,23.63,19.7
2023-08-08,Okra,Vegetables,3.1,109.0,26.0
2023-08-08,Onion,Vegetables,15.54,23.32,19.43
2023-08-08,Peach,Fruits,50.0,70.0,60.0
2023-08-08,Wheat,Grains,17.5,60.0,23.98
2023-08-08,Pomegranate,Fruits,2.5,1050.0,73.76
2023-08-08,Potato,Vegetables,11.91,17.86,14.88
2023-08-08,Rice,Grains,10.0,89.0,32.53
2023-08-08,Tomato,Vegetables,5.0,200.0,82.79
2023-08-08,Turmeric,Herbs & Spices,52.0,300.0,119.84
2023-08-08,Watermelon,Fruits,8.0,60.0,23.86
2023-08-08,Guava,Fruits,5.0,100.0,27.39
2023-08-08,Pear,Fruits,3.5,110.0,43.7
2023-08-08,Green Onion,Vegetables,17.44,26.16,21.8
2023-08-08,Green Hot Pepper,Vegetables,5.0,200.0,49.22
2023-08-08,Green Beans,Vegetables,15.0,105.0,45.04
2023-08-08,Banana,Fruits,4.0,102.0,31.63
2023-08-08,Barley,Grains,10.0,50.11,18.83
2023-08-08,Bell Pepper,Vegetables,7.0,160.0,57.88
2023-08-08,Black pepper,Herbs & Spices,400.0,840.0,565.3
2023-08-08,Cabbage,Vegetables,2.0,80.0,22.84
2023-08-08,Cantaloupe,Fruits,5.0,120.0,31.6
2023-08-08,Carrot,Vegetables,5.0,100.0,39.35
2023-08-08,Apple,Fruits,8.33,300.0,87.21
2023-08-08,Corn,Grains,16.72,25.08,20.9
2023-08-08,Cucumber,Vegetables,2.0,85.0,18.64
2023-08-08,Cumin,Herbs & Spices,54.0,700.0,513.0
2023-08-08,Eggplant,Vegetables,3.0,97.0,26.1
2023-08-08,Garlic,Vegetables,2.0,200.0,88.87
2023-08-08,Ginger,Herbs & Spices,12.01,300.0,119.13
2023-08-08,Grapes,Fruits,25.0,191.59,87.34
2023-08-08,Coriander Leaves,Herbs & Spices,27.9,41.85,34.88
2023-08-09,Guava,Fruits,5.0,100.0,26.38
2023-08-09,Lemon,Fruits,5.0,183.0,34.02
2023-08-09,Mango,Fruits,8.0,90.0,40.91
2023-08-09,Mint,Herbs & Spices,11.62,17.44,14.53
2023-08-09,Okra,Vegetables,3.0,92.0,26.0
2023-08-09,Onion,Vegetables,15.96,23.95,19.96
2023-08-09,Orange,Fruits,20.0,140.0,78.6
2023-08-09,Wheat,Grains,17.5,60.0,23.93
2023-08-09,Pomegranate,Fruits,2.5,205.0,72.69
2023-08-09,Potato,Vegetables,12.75,19.13,15.94
2023-08-09,Tomato,Vegetables,5.0,700.0,81.17
2023-08-09,Turmeric,Herbs & Spices,48.18,350.0,117.81
2023-08-09,Watermelon,Fruits,5.0,60.0,22.97
2023-08-09,Green Onion,Vegetables,15.88,23.82,19.85
2023-08-09,Pear,Fruits,4.0,120.0,42.21
2023-08-09,Green Hot Pepper,Vegetables,5.0,300.0,49.76
2023-08-09,Rice,Grains,10.0,80.0,32.45
2023-08-09,Grapes,Fruits,25.0,200.28,84.56
2023-08-09,Green Beans,Vegetables,10.0,90.0,46.07
2023-08-09,Apple,Fruits,8.33,1000.0,84.98
2023-08-09,Banana,Fruits,4.5,625.0,33.83
2023-08-09,Barley,Grains,13.5,52.0,18.56
2023-08-09,Bell Pepper,Vegetables,5.0,140.0,54.39
2023-08-09,Cabbage,Vegetables,2.0,300.0,23.66
2023-08-09,Cantaloupe,Fruits,5.5,60.0,24.18
2023-08-09,Black pepper,Herbs & Spices,400.0,688.09,553.24
2023-08-09,Coriander Leaves,Herbs & Spices,27.52,41.28,34.4
2023-08-09,Corn,Grains,16.48,24.72,20.6
2023-08-09,Cucumber,Vegetables,3.0,72.0,19.24
2023-08-09,Cumin,Herbs & Spices,325.0,700.0,535.82
2023-08-09,Eggplant,Vegetables,20.95,31.42,26.18
2023-08-09,Garlic,Vegetables,7.0,200.0,93.09
2023-08-09,Ginger,Herbs & Spices,14.0,300.0,116.34
2023-08-09,Carrot,Vegetables,5.0,560.0,42.87
2023-08-10,Onion,Vegetables,16.1,24.16,20.13
2023-08-10,Guava,Fruits,2.5,100.0,27.42
2023-08-10,Lemon,Fruits,5.0,152.0,33.17
2023-08-10,Mango,Fruits,8.0,120.0,43.07
2023-08-10,Mint,Herbs & Spices,13.07,19.6,16.33
2023-08-10,Okra,Vegetables,3.0,99.8,25.66
2023-08-10,Orange,Fruits,15.0,149.5,72.32
2023-08-10,Wheat,Grains,15.6,60.0,23.99
2023-08-10,Pear,Fruits,5.0,120.0,41.16
2023-08-10,Pomegranate,Fruits,2.5,275.0,71.54
2023-08-10,Rice,Grains,10.0,89.0,32.95
2023-08-10,Tomato,Vegetables,2.5,450.8,77.5
2023-08-10,Turmeric,Herbs & Spices,22.69,275.0,117.05
2023-08-10,Watermelon,Fruits,5.0,98.0,27.56
2023-08-10,Green Onion,Vegetables,14.77,22.16,18.46
2023-08-10,Peach,Fruits,50.0,50.0,50.0
2023-08-10,Green Hot Pepper,Vegetables,5.0,400.0,51.0
2023-08-10,Potato,Vegetables,12.26,18.39,15.32
2023-08-10,Grapes,Fruits,15.0,250.0,89.63
2023-08-10,Green Beans,Vegetables,10.0,300.8,49.66
2023-08-10,Apple,Fruits,8.33,220.0,83.76
2023-08-10,Banana,Fruits,26.2,39.3,32.75
2023-08-10,Barley,Grains,13.7,23.5,18.29
2023-08-10,Bell Pepper,Vegetables,4.0,420.6,55.13
2023-08-10,Cabbage,Vegetables,2.0,190.8,23.67
2023-08-10,Cantaloupe,Fruits,5.0,60.0,24.22
2023-08-10,Black pepper,Herbs & Spices,400.0,650.0,553.99
2023-08-10,Coriander Leaves,Herbs & Spices,28.0,42.0,35.0
2023-08-10,Corn,Grains,7.0,102.0,20.71
2023-08-10,Cucumber,Vegetables,2.5,150.8,19.88
2023-08-10,Cumin,Herbs & Spices,50.09,700.0,504.89
2023-08-10,Eggplant,Vegetables,2.8,180.8,25.6
2023-08-10,Garlic,Vegetables,2.0,720.5,91.29
2023-08-10,Ginger,Herbs & Spices,10.2,960.8,127.42
2023-08-10,Carrot,Vegetables,5.0,350.8,41.84
2023-08-11,Onion,Vegetables,16.25,24.38,20.31
2023-08-11,Guava,Fruits,2.5,100.0,27.34
2023-08-11,Lemon,Fruits,4.0,122.0,32.55
2023-08-11,Mango,Fruits,8.0,100.0,43.49
2023-08-11,Mint,Herbs & Spices,18.14,27.21,22.67
2023-08-11,Okra,Vegetables,2.0,112.0,25.33
2023-08-11,Orange,Fruits,15.0,150.0,69.78
2023-08-11,Wheat,Grains,15.0,60.0,23.86
2023-08-11,Pomegranate,Fruits,2.5,255.0,72.93
2023-08-11,Potato,Vegetables,12.31,18.47,15.39
2023-08-11,Rice,Grains,10.0,89.0,32.61
2023-08-11,Tomato,Vegetables,2.5,450.8,70.64
2023-08-11,Turmeric,Herbs & Spices,46.18,240.0,119.71
2023-08-11,Watermelon,Fruits,5.0,60.0,26.83
2023-08-11,Green Onion,Vegetables,16.7,25.06,20.88
2023-08-11,Pear,Fruits,4.0,100.0,36.59
2023-08-11,Green Hot Pepper,Vegetables,5.0,350.0,50.73
2023-08-11,Cumin,Herbs & Spices,115.01,700.0,508.4
2023-08-11,Grapes,Fruits,21.88,186.85,76.67
2023-08-11,Apple,Fruits,7.0,240.0,82.05
2023-08-11,Banana,Fruits,4.5,150.0,31.96
2023-08-11,Barley,Grains,14.5,23.5,18.33
2023-08-11,Green Beans,Vegetables,10.0,263.0,48.63
2023-08-11,Black pepper,Herbs & Spices,340.29,710.0,554.21
2023-08-11,Cabbage,Vegetables,2.0,171.8,23.69
2023-08-11,Cantaloupe,Fruits,8.0,120.0,38.43
2023-08-11,Bell Pepper,Vegetables,4.0,360.8,53.84
2023-08-11,Coriander Leaves,Herbs & Spices,25.48,38.22,31.85
2023-08-11,Corn,Grains,16.71,25.06,20.88
2023-08-11,Cucumber,Vegetables,2.0,135.8,19.58
2023-08-11,Eggplant,Vegetables,2.6,160.8,25.5
2023-08-11,Garlic,Vegetables,12.5,630.8,94.73
2023-08-11,Ginger,Herbs & Spices,14.0,840.8,128.09
2023-08-11,Carrot,Vegetables,5.0,315.8,43.65
2023-08-12,Onion,Vegetables,15.58,23.37,19.47
2023-08-12,Guava,Fruits,5.0,95.0,21.92
2023-08-12,Lemon,Fruits,4.0,183.0,30.78
2023-08-12,Mango,Fruits,8.0,100.0,41.55
2023-08-12,Mint,Herbs & Spices,18.65,27.97,23.31
2023-08-12,Okra,Vegetables,2.1,72.0,23.61
2023-08-12,Orange,Fruits,30.0,144.5,70.47
2023-08-12,Green Onion,Vegetables,21.29,31.93,26.61
2023-08-12,Pomegranate,Fruits,2.5,265.0,69.02
2023-08-12,Potato,Vegetables,11.36,17.05,14.21
2023-08-12,Rice,Grains,10.0,86.0,31.7
2023-08-12,Tomato,Vegetables,3.0,160.0,63.15
2023-08-12,Turmeric,Herbs & Spices,65.0,240.0,119.48
2023-08-12,Watermelon,Fruits,8.0,83.0,30.82
2023-08-12,Wheat,Grains,17.14,60.0,23.59
2023-08-12,Pear,Fruits,4.8,160.0,37.44
2023-08-12,Green Hot Pepper,Vegetables,6.5,300.0,48.16
2023-08-12,Cumin,Herbs & Spices,40.0,700.0,535.89
2023-08-12,Grapes,Fruits,21.88,196.25,92.34
2023-08-12,Apple,Fruits,9.38,240.0,80.3
2023-08-12,Banana,Fruits,4.5,130.0,32.42
2023-08-12,Barley,Grains,13.0,27.5,18.53
2023-08-12,Bell Pepper,Vegetables,10.0,140.0,45.86
2023-08-12,Black pepper,Herbs & Spices,400.0,650.0,551.19
2023-08-12,Cabbage,Vegetables,2.0,100.0,21.98
2023-08-12,Cantaloupe,Fruits,13.0,120.0,40.4
2023-08-12,Green Beans,Vegetables,10.0,90.0,43.97
2023-08-12,Coriander Leaves,Herbs & Spices,18.05,27.08,22.57
2023-08-12,Corn,Grains,4.0,120.0,21.28
2023-08-12,Cucumber,Vegetables,2.0,89.0,19.24
2023-08-12,Carrot,Vegetables,6.0,160.0,37.1
2023-08-12,Eggplant,Vegetables,2.0,130.0,24.27
2023-08-12,Garlic,Vegetables,10.0,224.0,85.11
2023-08-12,Ginger,Herbs & Spices,8.0,265.0,108.9
2023-08-13,Guava,Fruits,7.55,80.0,22.34
2023-08-13,Lemon,Fruits,10.0,70.0,31.77
2023-08-13,Mint,Herbs & Spices,20.67,31.0,25.83
2023-08-13,Okra,Vegetables,2.5,80.0,23.83
2023-08-13,Onion,Vegetables,15.79,23.69,19.74
2023-08-13,Orange,Fruits,15.0,60.0,37.5
2023-08-13,Pear,Fruits,4.8,85.0,29.95
2023-08-13,Rice,Grains,10.0,55.0,30.99
2023-08-13,Potato,Vegetables,4.0,47.0,14.1
2023-08-13,Green Onion,Vegetables,14.19,21.29,17.74
2023-08-13,Tomato,Vegetables,4.0,160.0,61.97
2023-08-13,Turmeric,Herbs & Spices,98.75,100.0,99.4
2023-08-13,Watermelon,Fruits,10.0,42.0,22.0
2023-08-13,Wheat,Grains,18.0,40.0,23.11
2023-08-13,Pomegranate,Fruits,5.0,277.75,63.43
2023-08-13,Green Hot Pepper,Vegetables,8.0,300.0,52.19
2023-08-13,Mango,Fruits,9.0,100.0,40.0
2023-08-13,Grapes,Fruits,40.0,150.0,84.25
2023-08-13,Green Beans,Vegetables,10.0,75.0,42.19
2023-08-13,Banana,Fruits,5.0,85.0,30.67
2023-08-13,Barley,Grains,15.5,22.8,19.36
2023-08-13,Bell Pepper,Vegetables,5.0,105.0,44.71
2023-08-13,Black pepper,Herbs & Spices,565.0,650.0,586.0
2023-08-13,Cabbage,Vegetables,2.0,80.0,22.06
2023-08-13,Cantaloupe,Fruits,13.0,50.0,28.67
2023-08-13,Carrot,Vegetables,6.0,150.0,37.57
2023-08-13,Apple,Fruits,10.0,280.0,83.45
2023-08-13,Corn,Grains,5.0,26.0,18.83
2023-08-13,Cucumber,Vegetables,15.22,22.83,19.03
2023-08-13,Cumin,Herbs & Spices,435.0,582.5,508.75
2023-08-13,Eggplant,Vegetables,2.5,100.0,24.54
2023-08-13,Garlic,Vegetables,18.0,170.0,81.14
2023-08-13,Ginger,Herbs & Spices,10.0,300.0,106.92
2023-08-13,Coriander Leaves,Herbs & Spices,15.57,23.36,19.47
2023-08-14,Guava,Fruits,2.5,90.0,21.51
2023-08-14,Lemon,Fruits,4.0,152.0,33.04
2023-08-14,Mango,Fruits,8.0,120.0,44.95
2023-08-14,Mint,Herbs & Spices,16.64,24.96,20.8
2023-08-14,Okra,Vegetables,2.0,150.0,25.0
2023-08-14,Onion,Vegetables,17.22,25.83,21.52
2023-08-14,Orange,Fruits,20.0,140.0,70.56
2023-08-14,Rice,Grains,10.0,70.0,32.24
2023-08-14,Pomegranate,Fruits,3.0,200.0,69.55
2023-08-14,Potato,Vegetables,12.27,18.4,15.33
2023-08-14,Tomato,Vegetables,4.0,500.8,66.44
2023-08-14,Turmeric,Herbs & Spices,41.29,174.89,111.84
2023-08-14,Watermelon,Fruits,5.5,186.92,25.37
2023-08-14,Wheat,Grains,17.0,60.0,23.89
2023-08-14,Green Onion,Vegetables,16.26,24.39,20.32
2023-08-14,Pear,Fruits,4.0,120.0,39.57
2023-08-14,Green Hot Pepper,Vegetables,5.0,355.0,51.89
2023-08-14,Black pepper,Herbs & Spices,280.0,650.0,549.86
2023-08-14,Grapes,Fruits,18.75,110.0,64.33
2023-08-14,Green Beans,Vegetables,10.0,210.8,46.09
2023-08-14,Banana,Fruits,25.52,38.28,31.9
2023-08-14,Barley,Grains,15.12,23.6,18.63
2023-08-14,Bell Pepper,Vegetables,7.0,300.8,52.93
2023-08-14,Cabbage,Vegetables,3.0,73.0,23.01
2023-08-14,Cantaloupe,Fruits,7.5,60.0,22.74
2023-08-14,Carrot,Vegetables,5.0,350.8,45.13
2023-08-14,Apple,Fruits,63.67,95.5,79.59
2023-08-14,Corn,Grains,16.3,24.45,20.37
2023-08-14,Cucumber,Vegetables,3.0,125.8,20.48
2023-08-14,Cumin,Herbs & Spices,300.0,610.0,501.19
2023-08-14,Eggplant,Vegetables,2.5,300.0,25.47
2023-08-14,Garlic,Vegetables,21.0,950.8,93.72
2023-08-14,Ginger,Herbs & Spices,5.8,960.8,125.81
2023-08-14,Coriander Leaves,Herbs & Spices,24.3,36.46,30.38
2023-08-15,Lemon,Fruits,8.0,90.0,32.38
2023-08-15,Mango,Fruits,10.0,100.0,47.09
2023-08-15,Mint,Herbs & Spices,5.0,50.0,21.5
2023-08-15,Okra,Vegetables,2.1,150.0,25.07
2023-08-15,Onion,Vegetables,2.0,90.0,22.1
2023-08-15,Orange,Fruits,15.0,142.55,56.81
2023-08-15,Pear,Fruits,8.0,80.0,33.7
2023-08-15,Wheat,Grains,17.25,36.0,23.14
2023-08-15,Potato,Vegetables,11.96,17.94,14.95
2023-08-15,Rice,Grains,20.0,52.0,33.8
2023-08-15,Tomato,Vegetables,5.5,160.0,67.2
2023-08-15,Turmeric,Herbs & Spices,98.75,100.0,99.35
2023-08-15,Watermelon,Fruits,8.0,40.0,21.6
2023-08-15,Guava,Fruits,4.4,80.0,19.78
2023-08-15,Pomegranate,Fruits,10.0,200.0,70.39
2023-08-15,Green Onion,Vegetables,21.12,31.67,26.4
2023-08-15,Black pepper,Herbs & Spices,520.0,650.0,575.44
2023-08-15,Green Beans,Vegetables,10.0,85.0,43.07
2023-08-15,Green Hot Pepper,Vegetables,8.0,350.0,53.35
2023-08-15,Banana,Fruits,6.0,99.0,33.64
2023-08-15,Barley,Grains,15.0,22.85,19.98
2023-08-15,Bell Pepper,Vegetables,6.0,120.0,47.81
2023-08-15,Cabbage,Vegetables,2.0,80.0,23.81
2023-08-15,Cantaloupe,Fruits,14.0,50.0,28.0
2023-08-15,Carrot,Vegetables,5.0,150.0,42.32
2023-08-15,Apple,Fruits,15.0,280.0,79.57
2023-08-15,Corn,Grains,14.0,100.0,22.03
2023-08-15,Coriander Leaves,Herbs & Spices,20.5,30.75,25.62
2023-08-15,Ginger,Herbs & Spices,23.0,270.0,115.84
2023-08-15,Grapes,Fruits,33.0,195.8,101.45
2023-08-15,Eggplant,Vegetables,2.5,70.0,25.23
2023-08-15,Cucumber,Vegetables,17.17,25.76,21.47
2023-08-15,Garlic,Vegetables,10.0,256.0,81.84
2023-08-16,Guava,Fruits,2.5,100.0,22.94
2023-08-16,Lemon,Fruits,3.0,183.0,33.97
2023-08-16,Mango,Fruits,9.0,175.0,51.44
2023-08-16,Okra,Vegetables,3.5,150.0,23.81
2023-08-16,Onion,Vegetables,2.0,150.8,22.83
2023-08-16,Orange,Fruits,30.0,50.0,39.67
2023-08-16,Peach,Fruits,15.0,25.0,20.0
2023-08-16,Green Onion,Vegetables,20.74,31.11,25.92
2023-08-16,Potato,Vegetables,2.0,142.0,15.21
2023-08-16,Rice,Grains,20.0,70.0,32.59
2023-08-16,Tomato,Vegetables,5.0,375.8,64.16
2023-08-16,Turmeric,Herbs & Spices,33.89,173.0,96.86
2023-08-16,Watermelon,Fruits,10.0,40.0,21.99
2023-08-16,Wheat,Grains,13.16,60.0,23.68
2023-08-16,Pear,Fruits,4.0,165.0,40.82
2023-08-16,Pomegranate,Fruits,5.0,255.0,69.43
2023-08-16,Mint,Herbs & Spices,4.0,100.0,27.5
2023-08-16,Grapes,Fruits,18.75,193.57,95.18
2023-08-16,Green Beans,Vegetables,10.0,400.8,47.41
2023-08-16,Apple,Fruits,10.0,290.0,77.69
2023-08-16,Banana,Fruits,6.0,143.5,33.44
2023-08-16,Barley,Grains,13.55,26.0,19.39
2023-08-16,Bell Pepper,Vegetables,4.0,350.8,51.89
2023-08-16,Black pepper,Herbs & Spices,498.0,650.0,563.2
2023-08-16,Cabbage,Vegetables,2.0,175.8,24.83
2023-08-16,Cantaloupe,Fruits,5.5,40.0,19.31
2023-08-16,Green Hot Pepper,Vegetables,5.0,350.0,54.38
2023-08-16,Coriander Leaves,Herbs & Spices,29.86,44.79,37.33
2023-08-16,Corn,Grains,16.1,24.15,20.13
2023-08-16,Cucumber,Vegetables,17.35,26.02,21.68
2023-08-16,Cumin,Herbs & Spices,245.05,625.0,518.47
2023-08-16,Eggplant,Vegetables,4.0,200.8,24.9
2023-08-16,Garlic,Vegetables,20.0,200.0,91.31
2023-08-16,Ginger,Herbs & Spices,10.0,1400.8,127.16
2023-08-16,Carrot,Vegetables,5.0,350.8,47.02
2023-08-17,Guava,Fruits,2.5,100.0,23.02
2023-08-17,Lemon,Fruits,4.0,213.5,34.03
2023-08-17,Mango,Fruits,9.0,203.0,55.23
2023-08-17,Mint,Herbs & Spices,43.52,65.28,54.4
2023-08-17,Okra,Vegetables,2.0,150.0,23.08
2023-08-17,Onion,Vegetables,17.4,26.09,21.75
2023-08-17,Orange,Fruits,15.0,140.0,58.08
2023-08-17,Potato,Vegetables,12.01,18.01,15.01
2023-08-17,Pear,Fruits,4.0,100.0,37.86
2023-08-17,Pomegranate,Fruits,2.5,308.0,69.69
2023-08-17,Rice,Grains,18.0,80.0,32.64
2023-08-17,Tomato,Vegetables,2.7,172.0,56.88
2023-08-17,Turmeric,Herbs & Spices,35.29,220.0,114.15
2023-08-17,Watermelon,Fruits,3.0,55.0,21.01
2023-08-17,Wheat,Grains,17.5,60.0,24.0
2023-08-17,Peach,Fruits,80.0,100.0,90.0
2023-08-17,Green Onion,Vegetables,18.43,27.64,23.04
2023-08-17,Green Beans,Vegetables,15.0,100.0,42.63
2023-08-17,Grapes,Fruits,30.0,200.0,93.02
2023-08-17,Apple,Fruits,10.0,260.0,77.38
2023-08-17,Banana,Fruits,4.5,800.0,35.5
2023-08-17,Barley,Grains,14.46,24.6,18.95
2023-08-17,Bell Pepper,Vegetables,6.0,160.0,48.78
2023-08-17,Black pepper,Herbs & Spices,400.0,650.0,550.33
2023-08-17,Cabbage,Vegetables,2.0,550.0,25.04
2023-08-17,Cantaloupe,Fruits,5.5,60.0,18.06
2023-08-17,Green Hot Pepper,Vegetables,4.5,400.0,51.48
2023-08-17,Coriander Leaves,Herbs & Spices,29.59,44.39,36.99
2023-08-17,Corn,Grains,16.35,24.52,20.43
2023-08-17,Cucumber,Vegetables,15.71,23.56,19.63
2023-08-17,Cumin,Herbs & Spices,107.01,700.0,505.77
2023-08-17,Eggplant,Vegetables,2.1,480.0,25.1
2023-08-17,Garlic,Vegetables,70.66,105.99,88.33
2023-08-17,Ginger,Herbs & Spices,95.65,143.47,119.56
2023-08-17,Carrot,Vegetables,5.0,1120.0,47.67
2023-08-18,Guava,Fruits,5.0,120.0,22.91
2023-08-18,Lemon,Fruits,5.0,177.0,32.76
2023-08-18,Mango,Fruits,8.0,150.0,51.82
2023-08-18,Mint,Herbs & Spices,16.7,25.04,20.87
2023-08-18,Okra,Vegetables,2.0,90.8,22.93
2023-08-18,Onion,Vegetables,17.99,26.98,22.49
2023-08-18,Orange,Fruits,15.0,140.0,57.36
2023-08-18,Rice,Grains,19.0,615.0,32.15
2023-08-18,Pomegranate,Fruits,4.0,265.0,71.38
2023-08-18,Potato,Vegetables,2.0,140.8,15.18
2023-08-18,Tomato,Vegetables,42.63,63.94,53.29
2023-08-18,Turmeric,Herbs & Spices,30.0,220.0,110.26
2023-08-18,Watermelon,Fruits,5.0,83.0,25.98
2023-08-18,Wheat,Grains,2.25,450.0,23.89
2023-08-18,Green Onion,Vegetables,16.34,24.51,20.43
2023-08-18,Pear,Fruits,4.0,120.0,39.14
2023-08-18,Green Hot Pepper,Vegetables,5.0,350.0,49.18
2023-08-18,Green Beans,Vegetables,10.0,360.8,47.12
2023-08-18,Grapes,Fruits,25.0,300.0,90.79
2023-08-18,Banana,Fruits,3.0,123.0,32.84
2023-08-18,Barley,Grains,14.41,23.6,18.52
2023-08-18,Bell Pepper,Vegetables,6.0,300.8,49.02
2023-08-18,Black pepper,Herbs & Spices,280.0,680.0,546.36
2023-08-18,Cabbage,Vegetables,2.0,158.0,23.41
2023-08-18,Cantaloupe,Fruits,10.0,64.71,28.46
2023-08-18,Carrot,Vegetables,5.0,245.8,41.02
2023-08-18,Apple,Fruits,5.0,230.0,76.93
2023-08-18,Corn,Grains,16.59,24.89,20.74
2023-08-18,Cucumber,Vegetables,15.79,23.69,19.74
2023-08-18,Cumin,Herbs & Spices,325.0,700.0,518.54
2023-08-18,Eggplant,Vegetables,2.1,180.8,24.29
2023-08-18,Garlic,Vegetables,5.0,1000.8,96.62
2023-08-18,Ginger,Herbs & Spices,7.0,1260.8,119.76
2023-08-18,Coriander Leaves,Herbs & Spices,24.79,37.19,30.99
2023-08-19,Guava,Fruits,4.0,150.0,22.91
2023-08-19,Lemon,Fruits,5.0,100.0,33.71
2023-08-19,Mango,Fruits,9.0,180.0,54.5
2023-08-19,Mint,Herbs & Spices,23.87,35.81,29.84
2023-08-19,Okra,Vegetables,3.0,100.8,23.03
2023-08-19,Onion,Vegetables,18.11,27.17,22.64
2023-08-19,Orange,Fruits,20.0,140.0,57.45
2023-08-19,Potato,Vegetables,2.0,135.8,15.28
2023-08-19,Pomegranate,Fruits,2.5,300.0,71.48
2023-08-19,Rice,Grains,18.0,89.0,33.15
2023-08-19,Tomato,Vegetables,2.5,300.8,49.3
2023-08-19,Turmeric,Herbs & Spices,28.0,170.0,121.28
2023-08-19,Wheat,Grains,2.25,52.12,23.71
2023-08-19,Green Onion,Vegetables,14.13,21.19,17.66
2023-08-19,Pear,Fruits,5.0,90.0,40.01
2023-08-19,Green Hot Pepper,Vegetables,5.0,300.8,47.64
2023-08-19,Watermelon,Fruits,5.0,90.0,26.4
2023-08-19,Grapes,Fruits,20.0,300.0,101.05
2023-08-19,Apple,Fruits,11.76,280.0,76.81
2023-08-19,Banana,Fruits,4.5,99.0,33.44
2023-08-19,Barley,Grains,14.5,23.6,18.77
2023-08-19,Bell Pepper,Vegetables,6.0,500.8,49.96
2023-08-19,Black pepper,Herbs & Spices,280.0,750.0,551.13
2023-08-19,Cabbage,Vegetables,2.0,250.8,24.75
2023-08-19,Cantaloupe,Fruits,5.5,60.0,17.32
2023-08-19,Green Beans,Vegetables,5.0,375.8,47.61
2023-08-19,Coriander Leaves,Herbs & Spices,25.01,37.51,31.26
2023-08-19,Corn,Grains,9.0,86.0,20.61
2023-08-19,Cucumber,Vegetables,15.87,23.8,19.83
2023-08-19,Cumin,Herbs & Spices,32.09,700.0,499.0
2023-08-19,Eggplant,Vegetables,4.0,200.8,23.96
2023-08-19,Garlic,Vegetables,9.33,185.0,91.26
2023-08-19,Ginger,Herbs & Spices,20.0,280.0,111.45
2023-08-19,Carrot,Vegetables,5.0,300.8,43.57
2023-08-20,Lemon,Fruits,5.0,72.0,31.68
2023-08-20,Mango,Fruits,10.0,100.0,48.22
2023-08-20,Mint,Herbs & Spices,27.01,40.52,33.76
2023-08-20,Okra,Vegetables,3.0,80.0,21.05
2023-08-20,Onion,Vegetables,2.0,80.0,21.71
2023-08-20,Orange,Fruits,20.0,700.0,53.62
2023-08-20,Pear,Fruits,5.0,85.0,32.74
2023-08-20,Tomato,Vegetables,35.06,52.59,43.82
2023-08-20,Potato,Vegetables,5.0,55.0,14.13
2023-08-20,Rice,Grains,23.5,89.0,33.73
2023-08-20,Turmeric,Herbs & Spices,99.9,101.0,100.5
2023-08-20,Watermelon,Fruits,10.0,48.0,24.06
2023-08-20,Wheat,Grains,9.0,38.0,23.17
2023-08-20,Guava,Fruits,6.0,40.0,16.38
2023-08-20,Pomegranate,Fruits,10.0,328.25,62.03
2023-08-20,Green Onion,Vegetables,12.79,19.18,15.99
2023-08-20,Green Hot Pepper,Vegetables,8.0,350.0,52.51
2023-08-20,Green Beans,Vegetables,10.0,91.0,43.21
2023-08-20,Apple,Fruits,15.0,200.0,74.9
2023-08-20,Banana,Fruits,6.0,72.0,29.38
2023-08-20,Barley,Grains,14.9,22.75,18.77
2023-08-20,Bell Pepper,Vegetables,8.0,100.0,39.68
2023-08-20,Cabbage,Vegetables,2.0,90.0,20.59
2023-08-20,Carrot,Vegetables,6.0,450.0,36.73
2023-08-20,Black pepper,Herbs & Spices,570.0,680.0,606.67
2023-08-20,Corn,Grains,14.0,25.3,19.22
2023-08-20,Cucumber,Vegetables,14.67,22.01,18.34
2023-08-20,Eggplant,Vegetables,18.29,27.44,22.86
2023-08-20,Garlic,Vegetables,18.0,220.0,83.03
2023-08-20,Ginger,Herbs & Spices,28.0,270.0,105.27
2023-08-20,Grapes,Fruits,40.0,150.0,88.33
2023-08-20,Coriander Leaves,Herbs & Spices,12.8,19.2,16.0
2023-08-21,Orange,Fruits,25.0,140.0,63.29
2023-08-21,Lemon,Fruits,4.0,213.0,33.81
2023-08-21,Mango,Fruits,9.0,180.0,59.71
2023-08-21,Mint,Herbs & Spices,16.99,25.48,21.24
2023-08-21,Okra,Vegetables,3.0,112.0,23.08
2023-08-21,Onion,Vegetables,19.22,28.83,24.02
2023-08-21,Peach,Fruits,40.0,50.0,45.0
2023-08-21,Wheat,Grains,16.75,60.0,23.9
2023-08-21,Pomegranate,Fruits,4.0,235.0,68.12
2023-08-21,Potato,Vegetables,12.35,18.53,15.44
2023-08-21,Rice,Grains,14.0,89.0,33.13
2023-08-21,Tomato,Vegetables,35.88,53.82,44.85
2023-08-21,Turmeric,Herbs & Spices,45.0,180.0,111.01
2023-08-21,Watermelon,Fruits,5.0,68.0,23.69
2023-08-21,Guava,Fruits,5.0,110.0,22.93
2023-08-21,Pear,Fruits,4.0,100.0,38.69
2023-08-21,Green Onion,Vegetables,16.74,25.11,20.93
2023-08-21,Apple,Fruits,10.0,280.0,77.6
2023-08-21,Green Beans,Vegetables,10.0,350.8,47.33
2023-08-21,Green Hot Pepper,Vegetables,5.0,350.0,51.1
2023-08-21,Banana,Fruits,4.5,150.0,34.7
2023-08-21,Barley,Grains,14.5,23.6,18.65
2023-08-21,Bell Pepper,Vegetables,4.0,400.8,45.88
2023-08-21,Black pepper,Herbs & Spices,280.0,680.0,548.48
2023-08-21,Cantaloupe,Fruits,5.5,50.0,19.61
2023-08-21,Carrot,Vegetables,5.0,325.8,45.13
2023-08-21,Cabbage,Vegetables,3.0,190.8,23.31
2023-08-21,Corn,Grains,16.26,24.39,20.32
2023-08-21,Cucumber,Vegetables,15.61,23.41,19.51
2023-08-21,Cumin,Herbs & Spices,125.0,612.0,483.59
2023-08-21,Eggplant,Vegetables,4.0,200.8,24.46
2023-08-21,Garlic,Vegetables,10.0,900.8,99.36
2023-08-21,Ginger,Herbs & Spices,97.75,146.62,122.19
2023-08-21,Grapes,Fruits,30.0,200.0,90.39
2023-08-21,Coriander Leaves,Herbs & Spices,23.21,34.81,29.01
2023-08-22,Onion,Vegetables,18.87,28.3,23.58
2023-08-22,Guava,Fruits,3.5,110.0,23.95
2023-08-22,Lemon,Fruits,2.5,177.0,34.75
2023-08-22,Mango,Fruits,10.0,130.0,61.42
2023-08-22,Mint,Herbs & Spices,15.71,23.56,19.63
2023-08-22,Okra,Vegetables,2.0,112.0,22.84
2023-08-22,Orange,Fruits,20.0,151.85,60.02
2023-08-22,Wheat,Grains,13.19,60.0,23.95
2023-08-22,Pomegranate,Fruits,2.5,270.0,70.55
2023-08-22,Potato,Vegetables,12.44,18.66,15.55
2023-08-22,Rice,Grains,10.0,89.0,32.77
2023-08-22,Tomato,Vegetables,34.25,51.38,42.82
2023-08-22,Turmeric,Herbs & Spices,50.06,250.0,115.13
2023-08-22,Watermelon,Fruits,6.0,56.0,23.03
2023-08-22,Pear,Fruits,4.0,100.0,38.66
2023-08-22,Green Hot Pepper,Vegetables,5.0,350.0,48.23
2023-08-22,Green Onion,Vegetables,14.72,22.08,18.4
2023-08-22,Grapes,Fruits,20.0,235.0,101.89
2023-08-22,Apple,Fruits,7.2,280.0,77.28
2023-08-22,Banana,Fruits,4.5,143.5,34.84
2023-08-22,Barley,Grains,15.0,22.8,18.21
2023-08-22,Bell Pepper,Vegetables,5.0,500.8,47.54
2023-08-22,Black pepper,Herbs & Spices,475.0,700.0,576.73
2023-08-22,Cabbage,Vegetables,2.0,204.8,23.28
2023-08-22,Cantaloupe,Fruits,10.0,70.0,22.3
2023-08-22,Green Beans,Vegetables,13.0,385.8,49.67
2023-08-22,Coriander Leaves,Herbs & Spices,24.05,36.07,30.06
2023-08-22,Corn,Grains,8.0,90.0,20.45
2023-08-22,Cucumber,Vegetables,15.94,23.91,19.92
2023-08-22,Cumin,Herbs & Spices,312.5,700.0,504.45
2023-08-22,Eggplant,Vegetables,18.9,28.35,23.63
2023-08-22,Garlic,Vegetables,10.0,900.8,97.51
2023-08-22,Ginger,Herbs & Spices,6.0,1300.8,116.69
2023-08-22,Carrot,Vegetables,5.0,358.0,42.02
2023-08-23,Guava,Fruits,3.0,110.0,21.42
2023-08-23,Lemon,Fruits,5.0,248.5,34.64
2023-08-23,Mint,Herbs & Spices,23.95,35.92,29.93
2023-08-23,Okra,Vegetables,17.82,26.73,22.27
2023-08-23,Onion,Vegetables,19.02,28.53,23.77
2023-08-23,Orange,Fruits,15.0,151.85,59.76
2023-08-23,Pear,Fruits,4.0,100.0,39.39
2023-08-23,Tomato,Vegetables,33.22,49.83,41.53
2023-08-23,Potato,Vegetables,12.44,18.66,15.55
2023-08-23,Rice,Grains,10.0,85.0,32.33
2023-08-23,Green Onion,Vegetables,17.25,25.88,21.57
2023-08-23,Turmeric,Herbs & Spices,40.09,250.0,115.96
2023-08-23,Watermelon,Fruits,6.0,72.0,24.84
2023-08-23,Wheat,Grains,16.0,60.0,24.0
2023-08-23,Pomegranate,Fruits,2.5,300.0,68.63
2023-08-23,Green Hot Pepper,Vegetables,5.0,350.0,49.84
2023-08-23,Mango,Fruits,10.0,148.0,60.23
2023-08-23,Grapes,Fruits,8.0,268.0,98.7
2023-08-23,Green Beans,Vegetables,9.0,350.8,48.45
2023-08-23,Banana,Fruits,4.0,164.0,35.26
2023-08-23,Barley,Grains,14.0,22.8,18.45
2023-08-23,Bell Pepper,Vegetables,8.0,500.8,47.01
2023-08-23,Black pepper,Herbs & Spices,475.0,700.0,583.79
2023-08-23,Cabbage,Vegetables,2.0,228.8,23.67
2023-08-23,Cantaloupe,Fruits,8.0,70.0,22.77
2023-08-23,Carrot,Vegetables,5.0,390.8,44.11
2023-08-23,Apple,Fruits,6.5,300.0,77.8
2023-08-23,Corn,Grains,6.0,102.0,20.69
2023-08-23,Cucumber,Vegetables,15.52,23.29,19.4
2023-08-23,Cumin,Herbs & Spices,140.09,700.0,488.51
2023-08-23,Eggplant,Vegetables,2.2,240.8,23.92
2023-08-23,Garlic,Vegetables,10.0,990.8,100.7
2023-08-23,Ginger,Herbs & Spices,13.0,1430.8,119.42
2023-08-23,Coriander Leaves,Herbs & Spices,22.09,33.14,27.61
2023-08-24,Guava,Fruits,3.5,110.0,22.77
2023-08-24,Lemon,Fruits,5.0,213.0,35.47
2023-08-24,Mango,Fruits,9.0,156.41,66.07
2023-08-24,Mint,Herbs & Spices,16.88,25.32,21.1
2023-08-24,Okra,Vegetables,17.12,25.68,21.4
2023-08-24,Onion,Vegetables,18.62,27.93,23.28
2023-08-24,Orange,Fruits,15.0,152.3,70.37
2023-08-24,Potato,Vegetables,12.06,18.09,15.08
2023-08-24,Pear,Fruits,6.0,150.0,44.27
2023-08-24,Pomegranate,Fruits,2.5,300.0,69.05
2023-08-24,Rice,Grains,10.0,89.5,32.94
2023-08-24,Tomato,Vegetables,30.65,45.98,38.32
2023-08-24,Turmeric,Herbs & Spices,43.19,164.1,110.17
2023-08-24,Wheat,Grains,17.0,60.0,24.03
2023-08-24,Green Onion,Vegetables,16.59,24.89,20.74
2023-08-24,Peach,Fruits,40.0,50.0,45.0
2023-08-24,Green Hot Pepper,Vegetables,5.0,300.0,49.92
2023-08-24,Watermelon,Fruits,4.0,72.0,23.43
2023-08-24,Grapes,Fruits,20.0,200.0,87.42
2023-08-24,Green Beans,Vegetables,10.0,95.0,45.08
2023-08-24,Banana,Fruits,4.0,150.0,34.55
2023-08-24,Barley,Grains,14.7,23.0,18.32
2023-08-24,Bell Pepper,Vegetables,7.0,120.0,43.49
2023-08-24,Black pepper,Herbs & Spices,290.0,700.0,581.54
2023-08-24,Cabbage,Vegetables,2.0,72.0,21.64
2023-08-24,Cantaloupe,Fruits,8.0,80.0,23.97
2023-08-24,Apple,Fruits,10.0,300.0,75.72
2023-08-24,Coriander Leaves,Herbs & Spices,22.71,34.07,28.39
2023-08-24,Corn,Grains,8.0,90.0,20.38
2023-08-24,Cucumber,Vegetables,2.0,80.0,18.74
2023-08-24,Cumin,Herbs & Spices,320.0,700.0,508.85
2023-08-24,Eggplant,Vegetables,18.02,27.03,22.52
2023-08-24,Garlic,Vegetables,12.5,220.0,92.34
2023-08-24,Ginger,Herbs & Spices,15.0,320.0,108.26
2023-08-24,Carrot,Vegetables,5.0,160.0,38.64
2023-08-25,Guava,Fruits,3.0,105.0,21.44
2023-08-25,Lemon,Fruits,4.0,248.5,34.86
2023-08-25,Mango,Fruits,10.0,170.0,65.8
2023-08-25,Mint,Herbs & Spices,18.72,28.07,23.4
2023-08-25,Okra,Vegetables,17.58,26.37,21.98
2023-08-25,Onion,Vegetables,19.22,28.84,24.03
2023-08-25,Orange,Fruits,15.0,100.0,52.86
2023-08-25,Rice,Grains,10.0,89.5,32.87
2023-08-25,Pomegranate,Fruits,2.5,300.0,69.34
2023-08-25,Potato,Vegetables,12.87,19.3,16.08
2023-08-25,Tomato,Vegetables,29.64,44.46,37.05
2023-08-25,Turmeric,Herbs & Spices,33.0,180.0,112.67
2023-08-25,Watermelon,Fruits,3.0,122.0,25.69
2023-08-25,Green Onion,Vegetables,15.35,23.02,19.18
2023-08-25,Pear,Fruits,4.0,100.0,40.38
2023-08-25,Green Hot Pepper,Vegetables,39.08,58.61,48.84
2023-08-25,Wheat,Grains,2.25,74.5,24.01
2023-08-25,Grapes,Fruits,20.0,265.0,88.83
2023-08-25,Green Beans,Vegetables,6.0,90.0,48.95
2023-08-25,Apple,Fruits,7.0,300.0,74.63
2023-08-25,Banana,Fruits,4.0,800.0,35.3
2023-08-25,Barley,Grains,14.5,23.0,18.27
2023-08-25,Black pepper,Herbs & Spices,410.0,700.0,574.14
2023-08-25,Cabbage,Vegetables,19.29,28.94,24.12
2023-08-25,Cantaloupe,Fruits,8.0,70.0,21.42
2023-08-25,Bell Pepper,Vegetables,5.0,130.0,43.74
2023-08-25,Coriander Leaves,Herbs & Spices,21.55,32.33,26.94
2023-08-25,Carrot,Vegetables,35.84,53.76,44.8
2023-08-25,Garlic,Vegetables,30.0,200.0,91.88
2023-08-25,Eggplant,Vegetables,18.82,28.23,23.53
2023-08-25,Ginger,Herbs & Spices,18.2,300.0,111.44
2023-08-25,Cucumber,Vegetables,14.92,22.38,18.65
2023-08-25,Corn,Grains,16.85,25.27,21.06
2023-08-25,Cumin,Herbs & Spices,113.69,700.0,472.48
2023-08-26,Wheat,Grains,14.89,60.0,23.69
2023-08-26,Green Onion,Vegetables,16.68,25.02,20.85
2023-08-26,Guava,Fruits,3.0,105.0,21.23
2023-08-26,Mango,Fruits,10.0,170.0,78.58
2023-08-26,Mint,Herbs & Spices,17.4,26.11,21.76
2023-08-26,Okra,Vegetables,3.0,169.0,22.25
2023-08-26,Onion,Vegetables,18.81,28.22,23.52
2023-08-26,Orange,Fruits,15.0,100.0,55.82
2023-08-26,Pomegranate,Fruits,2.5,308.0,68.54
2023-08-26,Green Hot Pepper,Vegetables,3.0,300.0,46.28
2023-08-26,Rice,Grains,10.0,89.5,32.21
2023-08-26,Tomato,Vegetables,27.26,40.88,34.07
2023-08-26,Turmeric,Herbs & Spices,30.0,160.0,114.65
2023-08-26,Watermelon,Fruits,3.0,40.0,20.34
2023-08-26,Pear,Fruits,13.89,110.0,44.34
2023-08-26,Potato,Vegetables,2.0,114.0,15.04
2023-08-26,Lemon,Fruits,4.0,140.0,34.37
2023-08-26,Ginger,Herbs & Spices,5.5,320.0,112.62
2023-08-26,Grapes,Fruits,43.5,210.0,102.06
2023-08-26,Apple,Fruits,10.0,220.0,76.61
2023-08-26,Banana,Fruits,4.0,120.0,33.81
2023-08-26,Barley,Grains,14.25,23.0,18.38
2023-08-26,Bell Pepper,Vegetables,5.0,120.0,41.58
2023-08-26,Black pepper,Herbs & Spices,475.0,700.0,584.7
2023-08-26,Cabbage,Vegetables,2.0,72.0,22.33
2023-08-26,Green Beans,Vegetables,7.0,120.0,50.64
2023-08-26,Carrot,Vegetables,5.0,150.0,41.23
2023-08-26,Coriander Leaves,Herbs & Spices,25.6,38.4,32.0
2023-08-26,Corn,Grains,10.0,42.0,19.58
2023-08-26,Cucumber,Vegetables,15.09,22.64,18.87
2023-08-26,Cumin,Herbs & Spices,26.19,700.0,470.18
2023-08-26,Eggplant,Vegetables,3.0,108.0,22.14
2023-08-26,Garlic,Vegetables,21.0,190.0,91.68
2023-08-26,Cantaloupe,Fruits,5.5,70.0,27.74
2023-08-27,Guava,Fruits,4.5,60.0,17.72
2023-08-27,Lemon,Fruits,8.0,120.0,33.9
2023-08-27,Mango,Fruits,25.0,150.0,69.92
2023-08-27,Mint,Herbs & Spices,16.61,24.92,20.76
2023-08-27,Okra,Vegetables,3.0,81.0,23.6
2023-08-27,Onion,Vegetables,18.74,28.11,23.42
2023-08-27,Orange,Fruits,15.0,70.0,43.5
2023-08-27,Rice,Grains,10.0,80.0,32.99
2023-08-27,Pomegranate,Fruits,10.0,225.0,57.5
2023-08-27,Potato,Vegetables,5.0,45.0,14.99
2023-08-27,Tomato,Vegetables,26.07,39.1,32.59
2023-08-27,Turmeric,Herbs & Spices,100.0,101.25,100.6
2023-08-27,Watermelon,Fruits,8.0,30.0,17.86
2023-08-27,Green Onion,Vegetables,13.15,19.73,16.44
2023-08-27,Pear,Fruits,10.0,85.0,35.62
2023-08-27,Wheat,Grains,14.0,38.0,23.33
2023-08-27,Green Hot Pepper,Vegetables,8.0,340.0,47.87
2023-08-27,Grapes,Fruits,37.5,250.0,95.42
2023-08-27,Apple,Fruits,4.0,220.0,72.27
2023-08-27,Banana,Fruits,5.0,112.0,34.98
2023-08-27,Barley,Grains,14.25,23.0,19.43
2023-08-27,Bell Pepper,Vegetables,6.5,110.0,38.24
2023-08-27,Black pepper,Herbs & Spices,475.0,680.0,595.0
2023-08-27,Cabbage,Vegetables,2.0,80.0,20.61
2023-08-27,Cantaloupe,Fruits,15.0,30.0,21.5
2023-08-27,Green Beans,Vegetables,8.0,90.0,57.95
2023-08-27,Coriander Leaves,Herbs & Spices,11.56,17.33,14.45
2023-08-27,Corn,Grains,10.0,26.5,18.93
2023-08-27,Cucumber,Vegetables,2.0,70.0,18.13
2023-08-27,Cumin,Herbs & Spices,505.0,550.0,530.0
2023-08-27,Eggplant,Vegetables,3.0,80.0,23.05
2023-08-27,Garlic,Vegetables,10.0,190.0,90.41
2023-08-27,Ginger,Herbs & Spices,14.2,285.0,109.96
2023-08-27,Carrot,Vegetables,6.0,160.0,41.04
2023-08-28,Lemon,Fruits,5.0,177.0,34.34
2023-08-28,Mango,Fruits,15.0,180.0,67.18
2023-08-28,Mint,Herbs & Spices,13.96,20.95,17.45
2023-08-28,Okra,Vegetables,3.0,80.0,21.58
2023-08-28,Onion,Vegetables,18.59,27.88,23.23
2023-08-28,Orange,Fruits,18.0,70.0,45.18
2023-08-28,Peach,Fruits,25.0,25.0,25.0
2023-08-28,Rice,Grains,10.0,628.99,35.28
2023-08-28,Pomegranate,Fruits,2.5,360.0,68.29
2023-08-28,Potato,Vegetables,11.86,17.79,14.82
2023-08-28,Tomato,Vegetables,26.53,39.79,33.16
2023-08-28,Turmeric,Herbs & Spices,17.0,180.0,102.81
2023-08-28,Watermelon,Fruits,5.0,107.0,23.39
2023-08-28,Wheat,Grains,8.25,60.0,23.96
2023-08-28,Guava,Fruits,3.0,105.0,21.98
2023-08-28,Pear,Fruits,8.0,100.0,42.19
2023-08-28,Green Onion,Vegetables,14.69,22.03,18.36
2023-08-28,Green Beans,Vegetables,10.0,140.0,51.76
2023-08-28,Apple,Fruits,6.67,245.0,72.43
2023-08-28,Green Hot Pepper,Vegetables,4.0,370.0,44.7
2023-08-28,Banana,Fruits,4.0,129.5,32.54
2023-08-28,Barley,Grains,14.0,23.1,18.57
2023-08-28,Bell Pepper,Vegetables,5.0,120.0,41.66
2023-08-28,Black pepper,Herbs & Spices,410.0,680.0,579.16
2023-08-28,Cantaloupe,Fruits,5.0,60.0,20.89
2023-08-28,Carrot,Vegetables,5.0,180.0,40.3
2023-08-28,Cabbage,Vegetables,2.0,80.0,21.23
2023-08-28,Corn,Grains,10.0,42.0,20.12
2023-08-28,Cucumber,Vegetables,15.52,23.27,19.39
2023-08-28,Cumin,Herbs & Spices,210.0,575.0,475.46
2023-08-28,Eggplant,Vegetables,3.0,96.0,21.98
2023-08-28,Garlic,Vegetables,19.0,200.0,92.36
2023-08-28,Ginger,Herbs & Spices,6.0,285.0,107.88
2023-08-28,Grapes,Fruits,20.0,291.0,87.44
2023-08-28,Coriander Leaves,Herbs & Spices,24.08,36.12,30.1
2023-08-29,Onion,Vegetables,17.95,26.92,22.43
2023-08-29,Guava,Fruits,4.5,100.0,23.08
2023-08-29,Lemon,Fruits,2.5,142.0,32.03
2023-08-29,Mango,Fruits,8.55,200.0,82.85
2023-08-29,Mint,Herbs & Spices,13.66,20.49,17.08
2023-08-29,Okra,Vegetables,16.73,25.09,20.91
2023-08-29,Orange,Fruits,15.0,150.0,51.16
2023-08-29,Green Onion,Vegetables,12.17,18.25,15.21
2023-08-29,Pomegranate,Fruits,2.5,355.0,67.84
2023-08-29,Potato,Vegetables,11.43,17.15,14.29
2023-08-29,Rice,Grains,10.0,85.0,31.96
2023-08-29,Tomato,Vegetables,25.13,37.69,31.41
2023-08-29,Turmeric,Herbs & Spices,40.65,250.0,115.86
2023-08-29,Watermelon,Fruits,5.0,45.0,22.25
2023-08-29,Pear,Fruits,10.0,80.0,43.44
2023-08-29,Green Hot Pepper,Vegetables,5.0,350.0,44.94
2023-08-29,Wheat,Grains,16.15,60.0,24.07
2023-08-29,Grapes,Fruits,15.0,250.0,90.07
2023-08-29,Apple,Fruits,6.67,220.0,71.98
2023-08-29,Banana,Fruits,4.0,111.0,29.09
2023-08-29,Barley,Grains,13.7,23.2,19.1
2023-08-29,Bell Pepper,Vegetables,3.5,100.0,39.6
2023-08-29,Black pepper,Herbs & Spices,280.0,700.0,589.92
2023-08-29,Cabbage,Vegetables,2.0,73.0,19.91
2023-08-29,Cantaloupe,Fruits,5.5,60.0,24.45
2023-08-29,Green Beans,Vegetables,10.0,100.0,53.16
2023-08-29,Coriander Leaves,Herbs & Spices,25.78,38.68,32.23
2023-08-29,Corn,Grains,16.51,24.76,20.64
2023-08-29,Cucumber,Vegetables,2.0,93.0,19.23
2023-08-29,Cumin,Herbs & Spices,37.5,800.0,507.82
2023-08-29,Eggplant,Vegetables,17.5,26.25,21.88
2023-08-29,Garlic,Vegetables,11.0,210.0,90.8
2023-08-29,Ginger,Herbs & Spices,18.1,270.0,104.66
2023-08-29,Carrot,Vegetables,5.0,150.0,33.83
2023-08-30,Guava,Fruits,4.0,150.0,22.19
2023-08-30,Lemon,Fruits,8.0,142.0,35.65
2023-08-30,Mango,Fruits,10.0,202.0,80.35
2023-08-30,Mint,Herbs & Spices,10.61,15.91,13.26
2023-08-30,Okra,Vegetables,3.0,80.0,21.51
2023-08-30,Onion,Vegetables,18.2,27.3,22.75
2023-08-30,Orange,Fruits,15.0,90.0,38.8
2023-08-30,Rice,Grains,10.0,90.0,32.29
2023-08-30,Pomegranate,Fruits,2.5,375.0,69.21
2023-08-30,Potato,Vegetables,11.96,17.94,14.95
2023-08-30,Tomato,Vegetables,25.06,37.59,31.32
2023-08-30,Turmeric,Herbs & Spices,18.0,220.0,104.22
2023-08-30,Watermelon,Fruits,5.0,98.0,25.09
2023-08-30,Wheat,Grains,4.8,60.0,23.67
2023-08-30,Green Onion,Vegetables,5.94,8.91,7.42
2023-08-30,Pear,Fruits,10.0,120.0,44.49
2023-08-30,Green Hot Pepper,Vegetables,2.0,330.0,48.8
2023-08-30,Green Beans,Vegetables,14.0,91.0,50.58
2023-08-30,Grapes,Fruits,25.0,300.0,88.64
2023-08-30,Apple,Fruits,6.67,280.0,73.21
2023-08-30,Banana,Fruits,4.5,148.0,32.51
2023-08-30,Barley,Grains,15.25,26.5,19.62
2023-08-30,Bell Pepper,Vegetables,2.0,165.0,41.37
2023-08-30,Cabbage,Vegetables,2.0,80.0,21.26
2023-08-30,Cantaloupe,Fruits,5.5,91.0,34.03
2023-08-30,Carrot,Vegetables,5.0,170.0,36.99
2023-08-30,Black pepper,Herbs & Spices,280.0,680.0,545.42
2023-08-30,Corn,Grains,14.0,42.0,20.24
2023-08-30,Cucumber,Vegetables,2.0,86.0,20.53
2023-08-30,Cumin,Herbs & Spices,400.0,530.0,485.0
2023-08-30,Eggplant,Vegetables,2.5,112.0,22.33
2023-08-30,Garlic,Vegetables,20.0,185.0,90.05
2023-08-30,Ginger,Herbs & Spices,18.1,283.5,112.84
2023-08-30,Coriander Leaves,Herbs & Spices,25.6,38.4,32.0
2023-08-31,Orange,Fruits,10.0,150.0,49.45
2023-08-31,Lemon,Fruits,4.0,213.0,34.7
2023-08-31,Mango,Fruits,15.0,210.0,78.4
2023-08-31,Mint,Herbs & Spices,16.41,24.61,20.51
2023-08-31,Okra,Vegetables,3.0,120.0,22.4
2023-08-31,Onion,Vegetables,18.35,27.53,22.94
2023-08-31,Peach,Fruits,40.0,50.0,45.0
2023-08-31,Wheat,Grains,16.0,60.0,23.95
2023-08-31,Pomegranate,Fruits,2.5,375.0,74.53
2023-08-31,Potato,Vegetables,12.11,18.17,15.14
2023-08-31,Rice,Grains,10.0,90.0,33.58
2023-08-31,Tomato,Vegetables,23.95,35.92,29.93
2023-08-31,Turmeric,Herbs & Spices,36.19,250.0,115.49
2023-08-31,Watermelon,Fruits,5.0,107.0,26.3
2023-08-31,Guava,Fruits,4.0,100.0,25.04
2023-08-31,Pear,Fruits,10.0,100.0,45.93
2023-08-31,Green Onion,Vegetables,12.63,18.94,15.79
2023-08-31,Apple,Fruits,6.67,240.0,74.94
2023-08-31,Green Beans,Vegetables,12.0,91.0,46.61
2023-08-31,Green Hot Pepper,Vegetables,5.0,310.0,46.97
2023-08-31,Banana,Fruits,4.5,111.0,33.95
2023-08-31,Barley,Grains,14.0,23.25,18.53
2023-08-31,Bell Pepper,Vegetables,5.0,120.0,40.39
2023-08-31,Black pepper,Herbs & Spices,280.0,680.0,580.37
2023-08-31,Cantaloupe,Fruits,5.5,95.0,35.12
2023-08-31,Carrot,Vegetables,2.0,150.0,37.45
2023-08-31,Cabbage,Vegetables,2.0,80.0,20.88
2023-08-31,Corn,Grains,16.48,24.72,20.6
2023-08-31,Cucumber,Vegetables,2.0,86.0,19.94
2023-08-31,Cumin,Herbs & Spices,290.05,579.0,474.74
2023-08-31,Eggplant,Vegetables,3.0,137.0,22.71
2023-08-31,Garlic,Vegetables,10.0,212.0,95.92
2023-08-31,Ginger,Herbs & Spices,10.0,300.0,113.45
2023-08-31,Grapes,Fruits,24.0,340.0,99.71
2023-08-31,Coriander Leaves,Herbs & Spices,28.33,42.49,35.41
2023-09-01,Onion,Vegetables,18.78,28.17,23.47
2023-09-01,Guava,Fruits,4.5,100.0,26.01
2023-09-01,Lemon,Fruits,5.0,177.0,35.45
2023-09-01,Mango,Fruits,8.0,210.0,79.36
2023-09-01,Mint,Herbs & Spices,19.96,29.94,24.95
2023-09-01,Okra,Vegetables,16.88,25.32,21.1
2023-09-01,Orange,Fruits,5.0,190.0,54.4
2023-09-01,Green Onion,Vegetables,15.26,22.89,19.08
2023-09-01,Pomegranate,Fruits,2.5,350.0,70.54
2023-09-01,Potato,Vegetables,11.95,17.93,14.94
2023-09-01,Rice,Grains,10.0,90.0,32.64
2023-09-01,Tomato,Vegetables,22.83,34.24,28.54
2023-09-01,Turmeric,Herbs & Spices,35.09,250.0,111.26
2023-09-01,Watermelon,Fruits,2.0,98.0,25.08
2023-09-01,Wheat,Grains,18.0,60.0,23.98
2023-09-01,Pear,Fruits,8.0,100.0,46.42
2023-09-01,Green Hot Pepper,Vegetables,5.0,320.0,45.72
2023-09-01,Cabbage,Vegetables,2.0,70.0,20.73
2023-09-01,Grapes,Fruits,25.0,300.0,85.03
2023-09-01,Apple,Fruits,8.4,220.0,72.99
2023-09-01,Banana,Fruits,4.0,110.0,33.35
2023-09-01,Barley,Grains,14.31,23.25,18.65
2023-09-01,Bell Pepper,Vegetables,5.0,120.0,39.21
2023-09-01,Black pepper,Herbs & Spices,462.99,700.0,595.01
2023-09-01,Cantaloupe,Fruits,5.5,80.0,29.79
2023-09-01,Carrot,Vegetables,5.0,155.0,37.53
2023-09-01,Green Beans,Vegetables,8.0,91.0,41.85
2023-09-01,Corn,Grains,16.39,24.59,20.49
2023-09-01,Coriander Leaves,Herbs & Spices,30.15,45.23,37.69
2023-09-01,Cucumber,Vegetables,2.0,84.0,19.35
2023-09-01,Cumin,Herbs & Spices,60.0,800.0,471.21
2023-09-01,Eggplant,Vegetables,2.0,116.0,22.36
2023-09-01,Garlic,Vegetables,8.4,200.0,94.09
2023-09-01,Ginger,Herbs & Spices,4.0,280.0,112.04
2023-09-02,Guava,Fruits,4.5,100.0,23.91
2023-09-02,Lemon,Fruits,5.0,142.0,34.75
2023-09-02,Mint,Herbs & Spices,19.1,28.65,23.88
2023-09-02,Okra,Vegetables,16.57,24.85,20.71
2023-09-02,Onion,Vegetables,18.39,27.58,22.98
2023-09-02,Orange,Fruits,10.0,80.0,46.77
2023-09-02,Pear,Fruits,17.0,93.75,42.04
2023-09-02,Rice,Grains,10.0,90.0,32.22
2023-09-02,Potato,Vegetables,12.59,18.89,15.74
2023-09-02,Green Onion,Vegetables,14.76,22.14,18.45
2023-09-02,Tomato,Vegetables,22.6,33.9,28.25
2023-09-02,Turmeric,Herbs & Spices,75.5,250.0,117.68
2023-09-02,Watermelon,Fruits,5.0,98.0,22.18
2023-09-02,Wheat,Grains,15.51,54.0,23.79
2023-09-02,Pomegranate,Fruits,2.5,200.0,69.39
2023-09-02,Green Hot Pepper,Vegetables,5.0,320.0,45.16
2023-09-02,Mango,Fruits,17.5,250.0,74.06
2023-09-02,Grapes,Fruits,25.0,243.71,94.37
2023-09-02,Green Beans,Vegetables,5.0,91.0,38.65
2023-09-02,Banana,Fruits,4.0,800.0,35.27
2023-09-02,Barley,Grains,14.51,23.25,18.65
2023-09-02,Bell Pepper,Vegetables,4.5,120.0,36.29
2023-09-02,Black pepper,Herbs & Spices,475.0,645.0,586.37
2023-09-02,Cabbage,Vegetables,2.0,500.0,22.67
2023-09-02,Cantaloupe,Fruits,8.0,75.0,28.92
2023-09-02,Carrot,Vegetables,5.0,560.0,43.12
2023-09-02,Apple,Fruits,8.0,230.0,73.31
2023-09-02,Corn,Grains,6.0,89.0,20.11
2023-09-02,Cucumber,Vegetables,2.0,150.0,19.98
2023-09-02,Cumin,Herbs & Spices,287.5,585.0,490.06
2023-09-02,Eggplant,Vegetables,17.91,26.86,22.38
2023-09-02,Garlic,Vegetables,11.0,185.0,90.41
2023-09-02,Ginger,Herbs & Spices,14.0,280.0,112.02
2023-09-02,Coriander Leaves,Herbs & Spices,28.98,43.47,36.23
2023-09-03,Lemon,Fruits,6.0,100.0,30.98
2023-09-03,Mango,Fruits,18.0,60.0,36.0
2023-09-03,Mint,Herbs & Spices,17.81,26.72,22.26
2023-09-03,Okra,Vegetables,15.74,23.61,19.67
2023-09-03,Onion,Vegetables,17.68,26.52,22.1
2023-09-03,Orange,Fruits,15.0,100.0,56.72
2023-09-03,Pear,Fruits,10.0,85.0,44.5
2023-09-03,Rice,Grains,10.0,80.0,31.87
2023-09-03,Potato,Vegetables,4.0,45.0,13.85
2023-09-03,Tomato,Vegetables,20.74,31.11,25.93
2023-09-03,Turmeric,Herbs & Spices,100.0,101.1,100.6
2023-09-03,Watermelon,Fruits,8.0,55.0,22.38
2023-09-03,Wheat,Grains,18.0,49.5,23.58
2023-09-03,Guava,Fruits,4.0,80.0,20.8
2023-09-03,Pomegranate,Fruits,10.0,375.0,63.31
2023-09-03,Green Onion,Vegetables,13.63,20.45,17.04
2023-09-03,Black pepper,Herbs & Spices,498.0,680.0,575.0
2023-09-03,Green Beans,Vegetables,7.0,91.0,43.81
2023-09-03,Apple,Fruits,8.1,200.0,68.4
2023-09-03,Banana,Fruits,3.0,85.0,27.41
2023-09-03,Barley,Grains,15.5,23.5,19.45
2023-09-03,Bell Pepper,Vegetables,5.0,80.0,34.79
2023-09-03,Cabbage,Vegetables,2.0,70.0,19.33
2023-09-03,Cantaloupe,Fruits,5.5,30.0,18.84
2023-09-03,Green Hot Pepper,Vegetables,5.0,280.0,45.83
2023-09-03,Carrot,Vegetables,5.0,140.0,36.1
2023-09-03,Corn,Grains,12.9,23.6,19.13
2023-09-03,Cucumber,Vegetables,2.0,70.0,17.18
2023-09-03,Eggplant,Vegetables,16.58,24.87,20.73
2023-09-03,Garlic,Vegetables,16.0,170.0,89.4
2023-09-03,Ginger,Herbs & Spices,10.0,280.0,108.8
2023-09-03,Grapes,Fruits,40.0,200.0,95.92
2023-09-03,Coriander Leaves,Herbs & Spices,18.3,27.44,22.87
2023-09-04,Okra,Vegetables,16.97,25.45,21.21
2023-09-04,Mint,Herbs & Spices,16.37,24.55,20.46
2023-09-04,Guava,Fruits,5.0,100.0,24.99
2023-09-04,Lemon,Fruits,5.0,180.0,37.92
2023-09-04,Onion,Vegetables,19.11,28.66,23.88
2023-09-04,Mango,Fruits,16.0,240.0,68.13
2023-09-04,Orange,Fruits,11.0,98.15,48.71
2023-09-04,Wheat,Grains,8.0,60.0,23.81
2023-09-04,Pomegranate,Fruits,2.5,300.0,69.98
2023-09-04,Potato,Vegetables,12.27,18.41,15.34
2023-09-04,Rice,Grains,3.4,80.0,33.09
2023-09-04,Tomato,Vegetables,2.0,175.8,26.54
2023-09-04,Turmeric,Herbs & Spices,55.09,131.02,99.33
2023-09-04,Watermelon,Fruits,19.16,28.74,23.95
2023-09-04,Green Onion,Vegetables,16.35,24.53,20.44
2023-09-04,Pear,Fruits,8.0,140.0,45.29
2023-09-04,Green Hot Pepper,Vegetables,5.0,340.0,46.47
2023-09-04,Black pepper,Herbs & Spices,470.0,680.0,584.09
2023-09-04,Grapes,Fruits,25.0,350.0,95.03
2023-09-04,Apple,Fruits,8.0,225.0,69.71
2023-09-04,Banana,Fruits,4.0,129.5,33.97
2023-09-04,Barley,Grains,15.0,28.5,18.95
2023-09-04,Bell Pepper,Vegetables,8.0,100.0,38.55
2023-09-04,Cabbage,Vegetables,2.0,150.8,21.59
2023-09-04,Cantaloupe,Fruits,12.0,75.0,35.96
2023-09-04,Carrot,Vegetables,5.0,300.8,40.28
2023-09-04,Green Beans,Vegetables,9.0,280.8,42.68
2023-09-04,Corn,Grains,16.31,24.46,20.39
2023-09-04,Cucumber,Vegetables,2.0,100.8,19.61
2023-09-04,Cumin,Herbs & Spices,136.61,625.0,489.24
2023-09-04,Eggplant,Vegetables,17.57,26.36,21.97
2023-09-04,Garlic,Vegetables,4.0,880.8,99.9
2023-09-04,Ginger,Herbs & Spices,8.0,840.8,115.3
2023-09-04,Coriander Leaves,Herbs & Spices,36.15,54.23,45.19
2023-09-05,Green Onion,Vegetables,14.69,22.03,18.36
2023-09-05,Guava,Fruits,5.0,100.0,26.87
2023-09-05,Lemon,Fruits,4.0,248.5,37.73
2023-09-05,Mango,Fruits,17.5,160.0,67.79
2023-09-05,Mint,Herbs & Spices,14.53,21.79,18.16
2023-09-05,Okra,Vegetables,2.0,108.0,19.72
2023-09-05,Onion,Vegetables,18.87,28.3,23.58
2023-09-05,Potato,Vegetables,11.76,17.65,14.71
2023-09-05,Pear,Fruits,10.0,90.0,48.18
2023-09-05,Pomegranate,Fruits,3.0,350.0,74.24
2023-09-05,Rice,Grains,10.0,90.0,32.68
2023-09-05,Tomato,Vegetables,19.75,29.63,24.69
2023-09-05,Turmeric,Herbs & Spices,56.09,250.0,111.5
2023-09-05,Green Hot Pepper,Vegetables,2.5,320.0,45.24
2023-09-05,Wheat,Grains,4.8,60.0,23.91
2023-09-05,Orange,Fruits,5.0,130.0,55.34
2023-09-05,Watermelon,Fruits,5.0,67.0,21.78
2023-09-05,Green Beans,Vegetables,8.0,91.0,39.59
2023-09-05,Ginger,Herbs & Spices,14.6,300.0,109.79
2023-09-05,Grapes,Fruits,20.0,275.05,104.07
2023-09-05,Apple,Fruits,7.0,250.0,70.89
2023-09-05,Banana,Fruits,4.5,1600.0,37.27
2023-09-05,Barley,Grains,14.5,23.15,18.77
2023-09-05,Black pepper,Herbs & Spices,475.0,700.0,595.01
2023-09-05,Cabbage,Vegetables,2.0,80.0,19.63
2023-09-05,Cantaloupe,Fruits,6.25,70.0,28.0
2023-09-05,Bell Pepper,Vegetables,7.0,100.0,38.43
2023-09-05,Coriander Leaves,Herbs & Spices,29.05,43.57,36.31
2023-09-05,Corn,Grains,16.47,24.7,20.58
2023-09-05,Cucumber,Vegetables,2.0,150.0,18.62
2023-09-05,Cumin,Herbs & Spices,400.0,800.0,534.17
2023-09-05,Eggplant,Vegetables,2.0,137.0,20.55
2023-09-05,Garlic,Vegetables,7.78,185.0,95.39
2023-09-05,Carrot,Vegetables,6.0,150.0,35.21
2023-09-06,Orange,Fruits,5.0,180.66,52.43
2023-09-06,Guava,Fruits,4.0,100.0,26.3
2023-09-06,Mango,Fruits,10.0,95.0,56.78
2023-09-06,Mint,Herbs & Spices,12.12,18.18,15.15
2023-09-06,Okra,Vegetables,2.0,134.0,20.32
2023-09-06,Onion,Vegetables,18.51,27.76,23.13
2023-09-06,Pear,Fruits,10.0,100.0,49.88
2023-09-06,Green Onion,Vegetables,7.41,11.12,9.26
2023-09-06,Potato,Vegetables,11.53,17.3,14.41
2023-09-06,Rice,Grains,10.0,80.0,32.42
2023-09-06,Tomato,Vegetables,20.07,30.11,25.09
2023-09-06,Turmeric,Herbs & Spices,51.89,250.0,113.68
2023-09-06,Watermelon,Fruits,5.0,92.0,21.33
2023-09-06,Wheat,Grains,4.8,60.0,23.93
2023-09-06,Pomegranate,Fruits,2.5,400.0,73.3
2023-09-06,Green Hot Pepper,Vegetables,4.0,300.0,45.12
2023-09-06,Lemon,Fruits,8.0,142.0,38.19
2023-09-06,Grapes,Fruits,20.0,300.0,100.24
2023-09-06,Banana,Fruits,4.5,129.5,33.26
2023-09-06,Barley,Grains,13.5,22.8,18.83
2023-09-06,Bell Pepper,Vegetables,4.0,100.0,35.42
2023-09-06,Black pepper,Herbs & Spices,497.0,700.0,597.22
2023-09-06,Cabbage,Vegetables,3.0,80.0,20.13
2023-09-06,Cantaloupe,Fruits,6.25,83.0,30.68
2023-09-06,Carrot,Vegetables,5.0,140.0,36.31
2023-09-06,Apple,Fruits,6.8,250.0,69.37
2023-09-06,Corn,Grains,16.17,24.26,20.22
2023-09-06,Cucumber,Vegetables,2.0,70.0,19.02
2023-09-06,Cumin,Herbs & Spices,440.0,800.0,578.2
2023-09-06,Eggplant,Vegetables,16.69,25.04,20.87
2023-09-06,Green Beans,Vegetables,5.0,91.0,41.17
2023-09-06,Garlic,Vegetables,16.01,180.0,93.55
2023-09-06,Ginger,Herbs & Spices,12.0,270.0,102.12
2023-09-06,Coriander Leaves,Herbs & Spices,30.35,45.53,37.94
2023-09-07,Lemon,Fruits,7.0,130.0,36.82
2023-09-07,Mango,Fruits,18.0,80.0,58.0
2023-09-07,Mint,Herbs & Spices,9.77,14.65,12.21
2023-09-07,Okra,Vegetables,16.96,25.43,21.2
2023-09-07,Onion,Vegetables,19.26,28.89,24.07
2023-09-07,Orange,Fruits,5.0,186.9,59.79
2023-09-07,Pear,Fruits,25.0,100.0,58.26
2023-09-07,Tomato,Vegetables,19.65,29.47,24.56
2023-09-07,Potato,Vegetables,11.99,17.99,14.99
2023-09-07,Rice,Grains,10.0,80.0,32.42
2023-09-07,Turmeric,Herbs & Spices,42.89,135.11,101.7
2023-09-07,Watermelon,Fruits,6.0,50.0,20.26
2023-09-07,Wheat,Grains,18.0,36.0,23.54
2023-09-07,Guava,Fruits,3.75,90.0,22.74
2023-09-07,Pomegranate,Fruits,10.0,280.0,69.25
2023-09-07,Green Onion,Vegetables,6.0,45.0,25.75
2023-09-07,Green Beans,Vegetables,5.0,270.8,44.3
2023-09-07,Apple,Fruits,8.0,215.0,67.15
2023-09-07,Green Hot Pepper,Vegetables,5.0,400.0,46.59
2023-09-07,Banana,Fruits,4.0,120.0,34.08
2023-09-07,Barley,Grains,15.85,23.5,19.3
2023-09-07,Bell Pepper,Vegetables,9.0,175.8,38.73
2023-09-07,Cabbage,Vegetables,2.0,140.0,22.06
2023-09-07,Cantaloupe,Fruits,6.25,65.0,28.55
2023-09-07,Carrot,Vegetables,5.0,270.8,42.49
2023-09-07,Black pepper,Herbs & Spices,475.0,680.0,596.15
2023-09-07,Corn,Grains,5.0,80.0,20.15
2023-09-07,Cucumber,Vegetables,2.5,90.8,19.67
2023-09-07,Eggplant,Vegetables,17.83,26.75,22.29
2023-09-07,Garlic,Vegetables,12.0,770.8,95.4
2023-09-07,Ginger,Herbs & Spices,10.0,700.8,116.83
2023-09-07,Grapes,Fruits,22.0,220.47,100.3
2023-09-07,Coriander Leaves,Herbs & Spices,29.99,44.98,37.48
2023-09-08,Onion,Vegetables,18.54,27.81,23.18
2023-09-08,Guava,Fruits,5.0,100.0,29.39
2023-09-08,Lemon,Fruits,5.0,177.0,38.27
2023-09-08,Mango,Fruits,18.0,90.0,59.0
2023-09-08,Mint,Herbs & Spices,35.01,52.52,43.76
2023-09-08,Okra,Vegetables,2.5,108.8,20.61
2023-09-08,Orange,Fruits,10.0,95.0,44.37
2023-09-08,Green Onion,Vegetables,10.03,15.04,12.53
2023-09-08,Pomegranate,Fruits,2.5,400.0,73.66
2023-09-08,Potato,Vegetables,11.94,17.91,14.93
2023-09-08,Rice,Grains,10.0,80.0,32.69
2023-09-08,Tomato,Vegetables,18.15,27.23,22.69
2023-09-08,Turmeric,Herbs & Spices,22.18,220.0,108.87
2023-09-08,Watermelon,Fruits,4.0,98.0,23.16
2023-09-08,Pear,Fruits,19.44,112.5,53.8
2023-09-08,Green Hot Pepper,Vegetables,5.0,400.0,43.49
2023-09-08,Wheat,Grains,12.11,60.09,23.72
2023-09-08,Grapes,Fruits,20.0,217.46,82.5
2023-09-08,Green Beans,Vegetables,5.0,246.0,42.85
2023-09-08,Apple,Fruits,6.8,225.0,68.82
2023-09-08,Banana,Fruits,4.0,120.0,33.44
2023-09-08,Barley,Grains,15.11,23.1,18.94
2023-09-08,Bell Pepper,Vegetables,4.0,280.8,38.14
2023-09-08,Cabbage,Vegetables,2.0,165.8,20.67
2023-09-08,Cantaloupe,Fruits,6.25,65.0,27.89
2023-09-08,Black pepper,Herbs & Spices,475.0,688.89,601.39
2023-09-08,Coriander Leaves,Herbs & Spices,33.94,50.91,42.43
2023-09-08,Corn,Grains,6.0,92.0,20.83
2023-09-08,Cucumber,Vegetables,2.0,100.8,19.35
2023-09-08,Cumin,Herbs & Spices,33.77,620.0,445.53
2023-09-08,Eggplant,Vegetables,2.0,120.8,20.98
2023-09-08,Garlic,Vegetables,11.0,880.8,98.65
2023-09-08,Ginger,Herbs & Spices,10.0,500.0,110.24
2023-09-08,Carrot,Vegetables,5.0,325.8,39.17
2023-09-09,Onion,Vegetables,18.44,27.66,23.05
2023-09-09,Guava,Fruits,5.0,90.0,26.34
2023-09-09,Lemon,Fruits,5.0,213.0,36.01
2023-09-09,Mango,Fruits,18.0,154.0,75.83
2023-09-09,Mint,Herbs & Spices,14.69,22.04,18.36
2023-09-09,Okra,Vegetables,15.71,23.57,19.64
2023-09-09,Orange,Fruits,15.0,85.0,47.28
2023-09-09,Wheat,Grains,16.66,60.0,23.67
2023-09-09,Pomegranate,Fruits,2.5,245.0,70.81
2023-09-09,Potato,Vegetables,11.23,16.84,14.03
2023-09-09,Rice,Grains,10.0,80.0,31.91
2023-09-09,Tomato,Vegetables,16.11,24.17,20.14
2023-09-09,Turmeric,Herbs & Spices,55.0,250.0,127.56
2023-09-09,Green Onion,Vegetables,12.56,18.84,15.7
2023-09-09,Pear,Fruits,19.44,112.5,50.75
2023-09-09,Green Hot Pepper,Vegetables,4.0,300.0,41.27
2023-09-09,Watermelon,Fruits,5.0,92.0,23.68
2023-09-09,Grapes,Fruits,25.0,400.0,102.5
2023-09-09,Apple,Fruits,10.0,205.0,70.02
2023-09-09,Banana,Fruits,3.0,100.0,31.82
2023-09-09,Barley,Grains,15.0,23.1,18.57
2023-09-09,Bell Pepper,Vegetables,7.0,100.0,33.13
2023-09-09,Black pepper,Herbs & Spices,390.0,700.0,573.47
2023-09-09,Cabbage,Vegetables,2.0,98.0,19.79
2023-09-09,Cantaloupe,Fruits,6.25,90.0,38.04
2023-09-09,Green Beans,Vegetables,4.0,80.0,39.58
2023-09-09,Coriander Leaves,Herbs & Spices,19.19,28.78,23.99
2023-09-09,Corn,Grains,5.0,42.0,19.91
2023-09-09,Cucumber,Vegetables,2.0,70.0,18.13
2023-09-09,Cumin,Herbs & Spices,37.37,630.0,482.2
2023-09-09,Eggplant,Vegetables,2.0,98.0,20.31
2023-09-09,Garlic,Vegetables,15.0,180.0,91.44
2023-09-09,Ginger,Herbs & Spices,18.1,270.0,103.53
2023-09-09,Carrot,Vegetables,5.0,180.0,35.79
2023-09-10,Guava,Fruits,5.5,80.0,26.02
2023-09-10,Lemon,Fruits,4.5,100.0,32.13
2023-09-10,Mango,Fruits,15.0,80.0,46.0
2023-09-10,Mint,Herbs & Spices,11.62,17.43,14.52
2023-09-10,Okra,Vegetables,15.42,23.12,19.27
2023-09-10,Onion,Vegetables,17.92,26.87,22.4
2023-09-10,Orange,Fruits,14.0,75.0,45.5
2023-09-10,Rice,Grains,10.0,80.0,32.47
2023-09-10,Pomegranate,Fruits,10.0,475.0,66.73
2023-09-10,Potato,Vegetables,3.0,42.0,13.77
2023-09-10,Tomato,Vegetables,15.51,23.27,19.39
2023-09-10,Turmeric,Herbs & Spices,100.15,101.25,100.75
2023-09-10,Watermelon,Fruits,5.0,40.0,20.58
2023-09-10,Green Onion,Vegetables,13.19,19.78,16.48
2023-09-10,Pear,Fruits,25.0,85.0,50.0
2023-09-10,Wheat,Grains,9.0,38.0,23.17
2023-09-10,Green Beans,Vegetables,10.0,100.0,45.2
2023-09-10,Grapes,Fruits,37.5,200.0,92.92
2023-09-10,Green Hot Pepper,Vegetables,4.5,300.0,42.39
2023-09-10,Apple,Fruits,6.8,200.0,65.24
2023-09-10,Banana,Fruits,23.66,35.5,29.58
2023-09-10,Barley,Grains,16.75,23.1,19.68
2023-09-10,Black pepper,Herbs & Spices,498.0,680.0,594.0
2023-09-10,Cabbage,Vegetables,2.0,70.0,18.18
2023-09-10,Cantaloupe,Fruits,10.0,30.0,20.62
2023-09-10,Bell Pepper,Vegetables,4.0,78.0,31.16
2023-09-10,Coriander Leaves,Herbs & Spices,15.85,23.77,19.81
2023-09-10,Corn,Grains,5.0,25.0,19.2
2023-09-10,Cucumber,Vegetables,3.0,70.0,18.14
2023-09-10,Eggplant,Vegetables,16.29,24.44,20.37
2023-09-10,Garlic,Vegetables,20.0,200.0,87.26
2023-09-10,Ginger,Herbs & Spices,15.5,270.0,97.39
2023-09-10,Carrot,Vegetables,5.0,100.0,33.09
2023-09-11,Onion,Vegetables,19.28,28.92,24.1
2023-09-11,Guava,Fruits,5.0,110.0,29.75
2023-09-11,Lemon,Fruits,5.0,144.0,38.81
2023-09-11,Mango,Fruits,20.0,92.0,59.7
2023-09-11,Mint,Herbs & Spices,12.37,18.55,15.46
2023-09-11,Wheat,Grains,17.0,60.0,24.06
2023-09-11,Orange,Fruits,5.0,90.0,45.4
2023-09-11,Green Hot Pepper,Vegetables,2.0,300.0,43.35
2023-09-11,Pomegranate,Fruits,2.5,325.0,75.35
2023-09-11,Potato,Vegetables,12.4,18.6,15.5
2023-09-11,Rice,Grains,6.0,90.0,32.9
2023-09-11,Tomato,Vegetables,16.7,25.06,20.88
2023-09-11,Turmeric,Herbs & Spices,45.0,220.0,104.03
2023-09-11,Watermelon,Fruits,5.0,92.0,22.03
2023-09-11,Pear,Fruits,15.0,100.0,51.83
2023-09-11,Green Beans,Vegetables,8.0,280.8,45.98
2023-09-11,Okra,Vegetables,16.63,24.95,20.79
2023-09-11,Ginger,Herbs & Spices,15.0,1160.8,115.12
2023-09-11,Grapes,Fruits,20.0,163.5,85.22
2023-09-11,Apple,Fruits,6.9,246.5,68.78
2023-09-11,Banana,Fruits,3.0,800.0,36.16
2023-09-11,Barley,Grains,11.0,23.15,18.96
2023-09-11,Bell Pepper,Vegetables,4.0,240.8,37.29
2023-09-11,Black pepper,Herbs & Spices,400.0,680.0,588.87
2023-09-11,Cabbage,Vegetables,3.0,500.0,22.3
2023-09-11,Cantaloupe,Fruits,5.5,65.0,25.26
2023-09-11,Green Onion,Vegetables,11.64,17.46,14.55
2023-09-11,Coriander Leaves,Herbs & Spices,28.43,42.65,35.54
2023-09-11,Corn,Grains,16.19,24.29,20.24
2023-09-11,Cucumber,Vegetables,2.0,150.0,19.81
2023-09-11,Cumin,Herbs & Spices,312.5,610.0,529.52
2023-09-11,Eggplant,Vegetables,17.41,26.11,21.76
2023-09-11,Garlic,Vegetables,10.0,660.8,95.97
2023-09-11,Carrot,Vegetables,5.0,560.0,43.08
2023-09-12,Guava,Fruits,4.0,100.0,30.88
2023-09-12,Lemon,Fruits,6.0,183.0,38.14
2023-09-12,Mint,Herbs & Spices,11.92,17.88,14.9
2023-09-12,Okra,Vegetables,16.17,24.26,20.22
2023-09-12,Onion,Vegetables,18.89,28.33,23.61
2023-09-12,Orange,Fruits,7.5,80.0,42.12
2023-09-12,Pear,Fruits,18.0,100.0,52.36
2023-09-12,Rice,Grains,10.0,90.0,33.96
2023-09-12,Potato,Vegetables,11.98,17.98,14.98
2023-09-12,Green Onion,Vegetables,13.2,19.8,16.5
2023-09-12,Tomato,Vegetables,15.42,23.13,19.27
2023-09-12,Turmeric,Herbs & Spices,26.0,148.69,100.79
2023-09-12,Watermelon,Fruits,5.0,92.0,22.24
2023-09-12,Wheat,Grains,18.0,62.85,24.17
2023-09-12,Pomegranate,Fruits,2.5,450.0,78.21
2023-09-12,Green Hot Pepper,Vegetables,2.0,300.0,41.68
2023-09-12,Mango,Fruits,17.0,75.0,53.43
2023-09-12,Grapes,Fruits,25.0,333.71,107.44
2023-09-12,Green Beans,Vegetables,9.0,175.8,45.44
2023-09-12,Banana,Fruits,3.5,115.0,33.83
2023-09-12,Barley,Grains,14.0,35.0,19.3
2023-09-12,Bell Pepper,Vegetables,7.0,200.8,37.52
2023-09-12,Black pepper,Herbs & Spices,338.78,780.0,578.97
2023-09-12,Cabbage,Vegetables,2.0,100.8,20.26
2023-09-12,Cantaloupe,Fruits,10.0,42.0,25.0
2023-09-12,Carrot,Vegetables,5.0,193.0,36.1
2023-09-12,Apple,Fruits,6.8,200.0,67.69
2023-09-12,Corn,Grains,16.8,25.2,21.0
2023-09-12,Cucumber,Vegetables,2.0,90.8,19.05
2023-09-12,Cumin,Herbs & Spices,23.39,800.0,508.58
2023-09-12,Eggplant,Vegetables,16.8,25.21,21.01
2023-09-12,Garlic,Vegetables,10.0,190.0,95.64
2023-09-12,Ginger,Herbs & Spices,3.0,1015.8,111.23
2023-09-12,Coriander Leaves,Herbs & Spices,27.48,41.22,34.35
2023-09-13,Guava,Fruits,4.0,100.0,30.86
2023-09-13,Lemon,Fruits,10.0,152.0,39.19
2023-09-13,Mango,Fruits,16.0,85.0,48.33
2023-09-13,Mint,Herbs & Spices,14.86,22.29,18.57
2023-09-13,Okra,Vegetables,3.5,100.8,20.12
2023-09-13,Onion,Vegetables,18.88,28.31,23.59
2023-09-13,Orange,Fruits,5.0,160.0,47.39
2023-09-13,Rice,Grains,10.0,90.0,34.16
2023-09-13,Pomegranate,Fruits,2.5,350.0,79.54
2023-09-13,Potato,Vegetables,12.01,18.01,15.01
2023-09-13,Tomato,Vegetables,14.68,22.02,18.35
2023-09-13,Turmeric,Herbs & Spices,35.55,250.0,103.56
2023-09-13,Watermelon,Fruits,4.0,93.0,20.82
2023-09-13,Wheat,Grains,13.0,308.2,23.98
2023-09-13,Green Onion,Vegetables,14.78,22.17,18.48
2023-09-13,Pear,Fruits,18.0,100.0,55.68
2023-09-13,Green Hot Pepper,Vegetables,3.0,300.0,40.97
2023-09-13,Black pepper,Herbs & Spices,475.0,645.0,592.38
2023-09-13,Grapes,Fruits,25.0,333.71,89.62
2023-09-13,Apple,Fruits,6.9,200.0,66.97
2023-09-13,Banana,Fruits,2.5,148.0,33.39
2023-09-13,Barley,Grains,14.66,21.99,18.32
2023-09-13,Bell Pepper,Vegetables,5.0,240.8,38.51
2023-09-13,Cabbage,Vegetables,2.0,125.8,19.56
2023-09-13,Cantaloupe,Fruits,16.79,25.18,20.98
2023-09-13,Green Beans,Vegetables,5.0,315.8,46.85
2023-09-13,Carrot,Vegetables,6.0,260.8,36.24
2023-09-13,Corn,Grains,16.14,24.21,20.17
2023-09-13,Cucumber,Vegetables,3.0,100.8,19.05
2023-09-13,Cumin,Herbs & Spices,335.05,600.0,514.52
2023-09-13,Eggplant,Vegetables,16.26,24.39,20.33
2023-09-13,Garlic,Vegetables,9.35,1100.8,101.16
2023-09-13,Ginger,Herbs & Spices,10.0,1280.8,109.67
2023-09-13,Coriander Leaves,Herbs & Spices,28.08,42.12,35.1
2023-09-14,Okra,Vegetables,16.48,24.72,20.6
2023-09-14,Mint,Herbs & Spices,16.12,24.17,20.15
2023-09-14,Guava,Fruits,4.5,100.0,31.22
2023-09-14,Lemon,Fruits,5.0,183.0,40.4
2023-09-14,Onion,Vegetables,18.68,28.02,23.35
2023-09-14,Mango,Fruits,18.0,70.0,51.98
2023-09-14,Orange,Fruits,5.5,160.0,51.18
2023-09-14,Wheat,Grains,18.5,60.0,23.94
2023-09-14,Pomegranate,Fruits,2.5,350.0,79.64
2023-09-14,Potato,Vegetables,2.0,114.0,14.59
2023-09-14,Rice,Grains,10.0,88.0,32.34
2023-09-14,Tomato,Vegetables,14.36,21.54,17.95
2023-09-14,Turmeric,Herbs & Spices,33.09,250.0,110.16
2023-09-14,Watermelon,Fruits,4.0,92.0,21.17
2023-09-14,Green Onion,Vegetables,13.66,20.49,17.07
2023-09-14,Pear,Fruits,27.0,140.0,57.56
2023-09-14,Green Hot Pepper,Vegetables,2.0,300.0,39.87
2023-09-14,Black pepper,Herbs & Spices,400.0,700.0,597.89
2023-09-14,Grapes,Fruits,25.0,150.0,87.39
2023-09-14,Apple,Fruits,8.0,200.0,68.37
2023-09-14,Banana,Fruits,26.91,40.37,33.64
2023-09-14,Barley,Grains,13.88,23.2,18.88
2023-09-14,Bell Pepper,Vegetables,8.0,160.8,36.36
2023-09-14,Cabbage,Vegetables,2.0,88.0,19.6
2023-09-14,Cantaloupe,Fruits,5.0,65.0,25.22
2023-09-14,Carrot,Vegetables,2.0,165.8,35.78
2023-09-14,Green Beans,Vegetables,5.0,140.8,44.51
2023-09-14,Corn,Grains,16.49,24.74,20.62
2023-09-14,Cucumber,Vegetables,15.24,22.87,19.05
2023-09-14,Cumin,Herbs & Spices,317.5,600.0,526.95
2023-09-14,Eggplant,Vegetables,16.67,25.01,20.84
2023-09-14,Garlic,Vegetables,8.27,440.8,98.18
2023-09-14,Ginger,Herbs & Spices,15.0,870.8,114.7
2023-09-14,Coriander Leaves,Herbs & Spices,29.29,43.93,36.61
2023-09-15,Green Onion,Vegetables,15.35,23.03,19.19
2023-09-15,Guava,Fruits,4.0,100.0,33.38
2023-09-15,Lemon,Fruits,9.0,122.0,41.4
2023-09-15,Mango,Fruits,18.0,80.0,56.4
2023-09-15,Mint,Herbs & Spices,12.94,19.41,16.18
2023-09-15,Okra,Vegetables,3.0,80.8,20.6
2023-09-15,Onion,Vegetables,18.49,27.74,23.12
2023-09-15,Potato,Vegetables,11.68,17.52,14.6
2023-09-15,Pear,Fruits,30.0,130.0,61.59
2023-09-15,Pomegranate,Fruits,2.5,701.0,83.2
2023-09-15,Rice,Grains,10.0,80.0,32.71
2023-09-15,Tomato,Vegetables,14.34,21.51,17.93
2023-09-15,Turmeric,Herbs & Spices,38.0,250.0,102.98
2023-09-15,Green Hot Pepper,Vegetables,4.0,240.0,40.97
2023-09-15,Wheat,Grains,17.5,60.0,23.99
2023-09-15,Orange,Fruits,5.5,120.0,57.67
2023-09-15,Watermelon,Fruits,4.0,92.0,21.59
2023-09-15,Green Beans,Vegetables,7.0,245.8,45.93
2023-09-15,Ginger,Herbs & Spices,8.0,1280.8,115.0
2023-09-15,Grapes,Fruits,25.0,333.71,106.87
2023-09-15,Apple,Fruits,6.3,200.0,67.33
2023-09-15,Banana,Fruits,4.0,129.5,33.33
2023-09-15,Barley,Grains,14.0,23.1,18.91
2023-09-15,Black pepper,Herbs & Spices,280.0,680.0,577.94
2023-09-15,Cabbage,Vegetables,16.02,24.03,20.02
2023-09-15,Cantaloupe,Fruits,5.0,70.0,23.75
2023-09-15,Bell Pepper,Vegetables,5.0,180.8,38.07
2023-09-15,Coriander Leaves,Herbs & Spices,31.16,46.74,38.95
2023-09-15,Corn,Grains,16.36,24.54,20.45
2023-09-15,Cucumber,Vegetables,3.0,100.8,19.81
2023-09-15,Cumin,Herbs & Spices,305.0,800.0,526.2
2023-09-15,Eggplant,Vegetables,2.0,120.8,20.86
2023-09-15,Garlic,Vegetables,15.0,880.8,101.45
2023-09-15,Carrot,Vegetables,5.0,208.8,36.3
2023-09-16,Onion,Vegetables,18.5,27.75,23.13
2023-09-16,Guava,Fruits,5.0,100.0,32.12
2023-09-16,Lemon,Fruits,8.0,120.0,40.31
2023-09-16,Wheat,Grains,17.5,60.0,23.95
2023-09-16,Mint,Herbs & Spices,20.81,31.21,26.01
2023-09-16,Okra,Vegetables,3.5,140.0,20.71
2023-09-16,Orange,Fruits,5.5,170.0,55.84
2023-09-16,Green Onion,Vegetables,15.92,23.88,19.9
2023-09-16,Pomegranate,Fruits,2.5,255.0,75.32
2023-09-16,Potato,Vegetables,11.73,17.59,14.66
2023-09-16,Rice,Grains,10.0,80.0,32.13
2023-09-16,Tomato,Vegetables,13.99,20.99,17.49
2023-09-16,Turmeric,Herbs & Spices,56.0,220.0,117.12
2023-09-16,Watermelon,Fruits,4.0,158.0,23.03
2023-09-16,Pear,Fruits,16.0,130.0,61.94
2023-09-16,Green Hot Pepper,Vegetables,5.0,300.0,40.51
2023-09-16,Mango,Fruits,17.0,70.0,44.2
2023-09-16,Grapes,Fruits,20.0,400.0,113.82
2023-09-16,Apple,Fruits,6.3,229.0,68.14
2023-09-16,Banana,Fruits,2.5,100.0,32.32
2023-09-16,Barley,Grains,14.5,23.1,19.04
2023-09-16,Bell Pepper,Vegetables,7.0,180.8,38.55
2023-09-16,Black pepper,Herbs & Spices,280.0,680.0,579.55
2023-09-16,Cabbage,Vegetables,2.0,150.8,20.18
2023-09-16,Cantaloupe,Fruits,5.0,60.0,21.99
2023-09-16,Green Beans,Vegetables,10.0,245.8,44.26
2023-09-16,Coriander Leaves,Herbs & Spices,35.24,52.86,44.05
2023-09-16,Corn,Grains,13.2,85.0,20.56
2023-09-16,Cucumber,Vegetables,2.0,92.0,20.06
2023-09-16,Cumin,Herbs & Spices,305.05,800.0,525.42
2023-09-16,Eggplant,Vegetables,2.0,150.8,20.76
2023-09-16,Garlic,Vegetables,15.0,990.8,100.09
2023-09-16,Ginger,Herbs & Spices,18.1,1280.8,110.28
2023-09-16,Carrot,Vegetables,4.0,260.8,36.18
2023-09-17,Guava,Fruits,12.0,50.0,23.41
2023-09-17,Mango,Fruits,17.0,90.0,51.17
2023-09-17,Mint,Herbs & Spices,5.94,8.91,7.42
2023-09-17,Okra,Vegetables,16.28,24.42,20.35
2023-09-17,Onion,Vegetables,18.18,27.27,22.73
2023-09-17,Orange,Fruits,10.0,80.0,43.0
2023-09-17,Pear,Fruits,30.0,85.0,51.75
2023-09-17,Tomato,Vegetables,12.99,19.49,16.24
2023-09-17,Potato,Vegetables,2.0,42.0,12.9
2023-09-17,Rice,Grains,10.0,80.0,32.35
2023-09-17,Green Onion,Vegetables,9.95,14.93,12.44
2023-09-17,Turmeric,Herbs & Spices,100.7,102.0,101.4
2023-09-17,Watermelon,Fruits,5.5,40.0,17.56
2023-09-17,Wheat,Grains,18.0,38.0,23.5
2023-09-17,Pomegranate,Fruits,10.0,500.05,67.49
2023-09-17,Green Hot Pepper,Vegetables,7.0,230.0,39.61
2023-09-17,Lemon,Fruits,8.0,100.0,34.58
2023-09-17,Grapes,Fruits,23.0,200.0,91.0
2023-09-17,Green Beans,Vegetables,20.0,80.0,46.21
2023-09-17,Banana,Fruits,4.0,90.0,29.21
2023-09-17,Barley,Grains,16.5,29.0,19.62
2023-09-17,Bell Pepper,Vegetables,5.0,80.0,32.81
2023-09-17,Black pepper,Herbs & Spices,498.0,680.0,593.33
2023-09-17,Cabbage,Vegetables,2.0,80.0,19.74
2023-09-17,Cantaloupe,Fruits,5.5,30.0,15.44
2023-09-17,Carrot,Vegetables,5.0,150.0,35.61
2023-09-17,Apple,Fruits,6.3,185.0,68.77
2023-09-17,Corn,Grains,5.0,32.25,19.29
2023-09-17,Cucumber,Vegetables,4.0,80.0,21.08
2023-09-17,Cumin,Herbs & Spices,500.05,590.25,550.25
2023-09-17,Eggplant,Vegetables,16.9,25.35,21.13
2023-09-17,Garlic,Vegetables,15.0,230.0,86.76
2023-09-17,Ginger,Herbs & Spices,18.1,250.0,93.56
2023-09-17,Coriander Leaves,Herbs & Spices,17.14,25.71,21.43
2023-09-18,Guava,Fruits,4.0,100.0,33.52
2023-09-18,Lemon,Fruits,8.0,213.5,42.29
2023-09-18,Mango,Fruits,17.5,120.0,58.88
2023-09-18,Mint,Herbs & Spices,14.23,21.35,17.79
2023-09-18,Okra,Vegetables,16.95,25.43,21.19
2023-09-18,Onion,Vegetables,18.93,28.39,23.66
2023-09-18,Orange,Fruits,4.0,160.0,60.33
2023-09-18,Potato,Vegetables,12.89,19.33,16.11
2023-09-18,Pomegranate,Fruits,2.5,310.0,78.91
2023-09-18,Rice,Grains,10.0,75.0,32.34
2023-09-18,Tomato,Vegetables,15.02,22.54,18.78
2023-09-18,Turmeric,Herbs & Spices,75.0,250.0,120.15
2023-09-18,Watermelon,Fruits,3.0,45.0,19.48
2023-09-18,Green Onion,Vegetables,14.62,21.92,18.27
2023-09-18,Pear,Fruits,12.0,100.0,61.79
2023-09-18,Green Hot Pepper,Vegetables,5.0,300.0,43.52
2023-09-18,Wheat,Grains,18.0,55.0,24.03
2023-09-18,Grapes,Fruits,25.0,230.0,103.47
2023-09-18,Apple,Fruits,6.4,220.0,65.58
2023-09-18,Banana,Fruits,2.0,800.0,35.77
2023-09-18,Barley,Grains,15.0,23.3,19.57
2023-09-18,Bell Pepper,Vegetables,4.0,150.8,40.19
2023-09-18,Black pepper,Herbs & Spices,400.0,680.0,585.06
2023-09-18,Cabbage,Vegetables,17.9,26.85,22.37
2023-09-18,Cantaloupe,Fruits,5.0,60.0,23.76
2023-09-18,Green Beans,Vegetables,15.0,210.8,44.89
2023-09-18,Coriander Leaves,Herbs & Spices,39.29,58.93,49.11
2023-09-18,Corn,Grains,10.0,35.0,20.26
2023-09-18,Cucumber,Vegetables,3.0,150.0,21.42
2023-09-18,Cumin,Herbs & Spices,151.25,580.05,476.28
2023-09-18,Eggplant,Vegetables,2.0,400.0,22.51
2023-09-18,Garlic,Vegetables,15.0,880.8,101.07
2023-09-18,Ginger,Herbs & Spices,2.5,1120.8,114.87
2023-09-18,Carrot,Vegetables,5.0,560.0,41.06
2023-09-19,Guava,Fruits,5.0,120.0,32.28
2023-09-19,Lemon,Fruits,10.0,183.0,43.15
2023-09-19,Mango,Fruits,15.0,160.0,64.12
2023-09-19,Mint,Herbs & Spices,14.37,21.56,17.97
2023-09-19,Okra,Vegetables,3.0,80.0,20.49
2023-09-19,Onion,Vegetables,18.89,28.33,23.61
2023-09-19,Orange,Fruits,4.0,150.0,53.1
2023-09-19,Rice,Grains,10.0,80.0,32.31
2023-09-19,Pomegranate,Fruits,2.5,500.55,82.29
2023-09-19,Potato,Vegetables,11.65,17.47,14.56
2023-09-19,Tomato,Vegetables,13.11,19.66,16.38
2023-09-19,Turmeric,Herbs & Spices,45.06,145.0,103.35
2023-09-19,Watermelon,Fruits,3.0,35.0,19.26
2023-09-19,Green Onion,Vegetables,12.26,18.4,15.33
2023-09-19,Pear,Fruits,28.0,100.0,66.75
2023-09-19,Green Hot Pepper,Vegetables,5.0,300.0,43.18
2023-09-19,Wheat,Grains,14.0,55.0,23.77
2023-09-19,Grapes,Fruits,20.0,340.5,116.93
2023-09-19,Green Beans,Vegetables,15.0,175.8,43.31
2023-09-19,Apple,Fruits,6.3,200.0,66.31
2023-09-19,Banana,Fruits,5.0,99.0,32.37
2023-09-19,Barley,Grains,15.5,23.6,19.5
2023-09-19,Bell Pepper,Vegetables,4.0,120.8,39.26
2023-09-19,Cabbage,Vegetables,2.0,120.8,20.16
2023-09-19,Cantaloupe,Fruits,5.0,60.0,22.9
2023-09-19,Black pepper,Herbs & Spices,475.0,680.0,588.45
2023-09-19,Coriander Leaves,Herbs & Spices,38.78,58.17,48.48
2023-09-19,Carrot,Vegetables,2.4,208.8,34.49
2023-09-19,Garlic,Vegetables,7.39,770.8,97.4
2023-09-19,Eggplant,Vegetables,2.0,120.8,20.94
2023-09-19,Ginger,Herbs & Spices,14.1,960.8,110.2
2023-09-19,Cucumber,Vegetables,3.0,92.0,20.59
2023-09-19,Corn,Grains,10.0,78.0,20.57
2023-09-19,Cumin,Herbs & Spices,295.05,558.8,492.29
2023-09-20,Green Onion,Vegetables,14.98,22.46,18.72
2023-09-20,Guava,Fruits,4.0,135.0,34.72
2023-09-20,Lemon,Fruits,8.0,152.0,43.46
2023-09-20,Mint,Herbs & Spices,20.33,30.49,25.41
2023-09-20,Okra,Vegetables,3.0,106.0,22.06
2023-09-20,Onion,Vegetables,18.94,28.41,23.67
2023-09-20,Orange,Fruits,5.0,150.0,48.75
2023-09-20,Pomegranate,Fruits,2.5,611.0,79.3
2023-09-20,Green Hot Pepper,Vegetables,35.31,52.96,44.14
2023-09-20,Rice,Grains,10.0,80.0,32.81
2023-09-20,Tomato,Vegetables,13.7,20.56,17.13
2023-09-20,Turmeric,Herbs & Spices,30.05,145.0,102.57
2023-09-20,Watermelon,Fruits,3.0,35.0,18.69
2023-09-20,Wheat,Grains,17.69,290.5,24.13
2023-09-20,Pear,Fruits,25.0,140.0,64.99
2023-09-20,Potato,Vegetables,11.74,17.61,14.67
2023-09-20,Mango,Fruits,40.0,160.0,66.4
2023-09-20,Ginger,Herbs & Spices,10.0,1440.8,110.31
2023-09-20,Grapes,Fruits,25.0,350.4,106.76
2023-09-20,Apple,Fruits,6.3,200.0,66.56
2023-09-20,Banana,Fruits,2.0,126.0,33.86
2023-09-20,Barley,Grains,14.38,23.5,19.16
2023-09-20,Bell Pepper,Vegetables,5.0,110.0,39.75
2023-09-20,Black pepper,Herbs & Spices,280.0,680.0,567.86
2023-09-20,Cabbage,Vegetables,2.0,125.8,20.1
2023-09-20,Green Beans,Vegetables,15.0,350.8,48.26
2023-09-20,Carrot,Vegetables,5.0,260.8,36.62
2023-09-20,Coriander Leaves,Herbs & Spices,36.58,54.87,45.73
2023-09-20,Corn,Grains,16.58,24.86,20.72
2023-09-20,Cucumber,Vegetables,3.0,100.8,21.18
2023-09-20,Cumin,Herbs & Spices,300.0,570.0,491.42
2023-09-20,Eggplant,Vegetables,2.5,125.8,22.64
2023-09-20,Garlic,Vegetables,5.92,1100.8,103.28
2023-09-20,Cantaloupe,Fruits,5.0,70.0,20.33
2023-09-21,Guava,Fruits,5.0,110.0,32.86
2023-09-21,Lemon,Fruits,8.0,213.5,44.13
2023-09-21,Mango,Fruits,35.0,160.0,64.57
2023-09-21,Mint,Herbs & Spices,23.24,34.86,29.05
2023-09-21,Okra,Vegetables,17.14,25.71,21.42
2023-09-21,Onion,Vegetables,18.71,28.06,23.39
2023-09-21,Orange,Fruits,5.0,120.0,51.8
2023-09-21,Potato,Vegetables,11.73,17.59,14.66
2023-09-21,Pear,Fruits,20.0,112.5,60.15
2023-09-21,Pomegranate,Fruits,5.0,605.0,81.05
2023-09-21,Rice,Grains,10.0,90.0,32.98
2023-09-21,Tomato,Vegetables,13.13,19.7,16.41
2023-09-21,Turmeric,Herbs & Spices,50.88,250.0,106.44
2023-09-21,Watermelon,Fruits,3.0,35.51,18.46
2023-09-21,Green Onion,Vegetables,16.72,25.08,20.9
2023-09-21,Peach,Fruits,115.0,120.0,117.5
2023-09-21,Wheat,Grains,17.5,60.0,24.34
2023-09-21,Green Beans,Vegetables,5.5,315.8,46.54
2023-09-21,Grapes,Fruits,20.0,350.0,98.44
2023-09-21,Apple,Fruits,10.0,1000.0,67.16
2023-09-21,Banana,Fruits,2.5,124.0,32.28
2023-09-21,Barley,Grains,14.0,24.25,19.03
2023-09-21,Bell Pepper,Vegetables,4.0,228.0,40.11
2023-09-21,Black pepper,Herbs & Spices,280.0,780.0,580.87
2023-09-21,Cabbage,Vegetables,2.0,113.0,19.6
2023-09-21,Cantaloupe,Fruits,5.0,60.0,25.77
2023-09-21,Green Hot Pepper,Vegetables,34.76,52.14,43.45
2023-09-21,Coriander Leaves,Herbs & Spices,33.16,49.75,41.46
2023-09-21,Corn,Grains,16.38,24.57,20.48
2023-09-21,Cucumber,Vegetables,17.02,25.54,21.28
2023-09-21,Cumin,Herbs & Spices,55.69,600.0,481.98
2023-09-21,Eggplant,Vegetables,2.0,152.0,22.51
2023-09-21,Garlic,Vegetables,15.0,250.0,97.2
2023-09-21,Ginger,Herbs & Spices,8.0,1280.8,111.83
2023-09-21,Carrot,Vegetables,27.53,41.29,34.41
2023-09-22,Guava,Fruits,10.0,130.0,37.22
2023-09-22,Lemon,Fruits,10.0,142.0,43.41
2023-09-22,Mint,Herbs & Spices,13.7,20.55,17.12
2023-09-22,Okra,Vegetables,17.37,26.06,21.71
2023-09-22,Onion,Vegetables,18.13,27.2,22.66
2023-09-22,Orange,Fruits,5.0,160.0,51.2
2023-09-22,Pear,Fruits,25.0,112.5,61.97
2023-09-22,Tomato,Vegetables,12.78,19.17,15.98
2023-09-22,Potato,Vegetables,11.07,16.61,13.84
2023-09-22,Rice,Grains,10.0,90.5,32.59
2023-09-22,Green Onion,Vegetables,16.61,24.92,20.77
2023-09-22,Turmeric,Herbs & Spices,48.88,1400.0,151.03
2023-09-22,Watermelon,Fruits,14.89,22.33,18.61
2023-09-22,Wheat,Grains,15.21,60.0,24.24
2023-09-22,Pomegranate,Fruits,2.5,600.0,79.99
2023-09-22,Green Hot Pepper,Vegetables,33.61,50.42,42.01
2023-09-22,Mango,Fruits,15.0,200.0,68.17
2023-09-22,Grapes,Fruits,24.0,300.0,94.25
2023-09-22,Green Beans,Vegetables,5.5,90.0,44.26
2023-09-22,Banana,Fruits,2.5,97.0,30.93
2023-09-22,Barley,Grains,15.5,26.0,19.55
2023-09-22,Bell Pepper,Vegetables,5.0,110.0,39.32
2023-09-22,Black pepper,Herbs & Spices,400.0,700.0,565.61
2023-09-22,Cabbage,Vegetables,2.0,72.0,19.0
2023-09-22,Cantaloupe,Fruits,4.0,70.0,20.1
2023-09-22,Carrot,Vegetables,26.83,40.25,33.54
2023-09-22,Apple,Fruits,6.0,200.0,67.42
2023-09-22,Corn,Grains,16.03,24.04,20.04
2023-09-22,Cucumber,Vegetables,17.0,25.5,21.25
2023-09-22,Cumin,Herbs & Spices,55.67,800.0,485.3
2023-09-22,Eggplant,Vegetables,2.0,102.0,22.28
2023-09-22,Garlic,Vegetables,10.0,214.0,95.38
2023-09-22,Ginger,Herbs & Spices,15.0,300.0,102.98
2023-09-22,Coriander Leaves,Herbs & Spices,32.73,49.1,40.91
2023-09-23,Guava,Fruits,10.0,125.0,39.81
2023-09-23,Lemon,Fruits,10.0,140.0,45.41
2023-09-23,Mango,Fruits,15.0,100.0,54.86
2023-09-23,Mint,Herbs & Spices,15.32,22.99,19.15
2023-09-23,Okra,Vegetables,3.0,113.0,22.14
2023-09-23,Onion,Vegetables,18.18,27.27,22.73
2023-09-23,Orange,Fruits,5.0,118.0,47.01
2023-09-23,Rice,Grains,10.0,80.0,31.58
2023-09-23,Pomegranate,Fruits,2.5,320.0,78.15
2023-09-23,Potato,Vegetables,11.5,17.25,14.38
2023-09-23,Tomato,Vegetables,12.51,18.77,15.64
2023-09-23,Turmeric,Herbs & Spices,57.0,122.59,91.9
2023-09-23,Watermelon,Fruits,3.0,50.0,19.84
2023-09-23,Wheat,Grains,18.0,60.0,24.13
2023-09-23,Green Onion,Vegetables,15.26,22.89,19.07
2023-09-23,Pear,Fruits,31.25,90.0,61.1
2023-09-23,Green Hot Pepper,Vegetables,33.79,50.68,42.23
2023-09-23,Bell Pepper,Vegetables,5.0,195.8,41.15
2023-09-23,Grapes,Fruits,25.0,300.0,95.35
2023-09-23,Green Beans,Vegetables,7.5,280.8,45.72
2023-09-23,Banana,Fruits,4.5,129.0,31.08
2023-09-23,Barley,Grains,13.0,23.7,19.35
2023-09-23,Black pepper,Herbs & Spices,475.0,650.0,567.58
2023-09-23,Cabbage,Vegetables,2.0,107.0,19.26
2023-09-23,Cantaloupe,Fruits,5.0,60.0,16.57
2023-09-23,Carrot,Vegetables,5.0,208.8,36.37
2023-09-23,Apple,Fruits,6.3,200.0,67.11
2023-09-23,Corn,Grains,4.0,48.0,19.97
2023-09-23,Cucumber,Vegetables,17.05,25.58,21.31
2023-09-23,Cumin,Herbs & Spices,292.5,595.0,514.23
2023-09-23,Eggplant,Vegetables,3.0,113.0,22.62
2023-09-23,Garlic,Vegetables,10.0,880.8,101.83
2023-09-23,Ginger,Herbs & Spices,15.0,1120.8,113.1
2023-09-23,Coriander Leaves,Herbs & Spices,33.55,50.33,41.94
2023-09-24,Guava,Fruits,8.0,70.0,29.65
2023-09-24,Lemon,Fruits,10.0,100.0,36.87
2023-09-24,Mango,Fruits,30.0,65.0,48.0
2023-09-24,Mint,Herbs & Spices,13.22,19.82,16.52
2023-09-24,Okra,Vegetables,3.0,100.0,22.14
2023-09-24,Onion,Vegetables,17.61,26.42,22.02
2023-09-24,Orange,Fruits,5.0,98.0,43.25
2023-09-24,Potato,Vegetables,3.0,55.0,13.34
2023-09-24,Pomegranate,Fruits,10.0,550.0,70.81
2023-09-24,Rice,Grains,10.0,90.5,31.4
2023-09-24,Tomato,Vegetables,11.54,17.32,14.43
2023-09-24,Watermelon,Fruits,3.0,30.0,18.09
2023-09-24,Wheat,Grains,18.0,50.0,23.82
2023-09-24,Green Onion,Vegetables,18.34,27.5,22.92
2023-09-24,Pear,Fruits,45.0,90.0,72.5
2023-09-24,Green Hot Pepper,Vegetables,32.15,48.23,40.19
2023-09-24,Barley,Grains,17.0,24.2,19.64
2023-09-24,Grapes,Fruits,40.0,125.0,94.0
2023-09-24,Apple,Fruits,6.3,180.0,64.99
2023-09-24,Banana,Fruits,4.0,90.0,29.88
2023-09-24,Bell Pepper,Vegetables,5.0,80.0,33.71
2023-09-24,Black pepper,Herbs & Spices,497.0,650.0,577.5
2023-09-24,Cabbage,Vegetables,2.0,60.0,16.85
2023-09-24,Cantaloupe,Fruits,6.0,30.0,16.5
2023-09-24,Green Beans,Vegetables,14.0,81.0,44.55
2023-09-24,Coriander Leaves,Herbs & Spices,24.8,37.2,31.0
2023-09-24,Corn,Grains,11.0,23.75,19.34
2023-09-24,Cucumber,Vegetables,3.0,70.0,19.61
2023-09-24,Eggplant,Vegetables,3.0,80.0,23.0
2023-09-24,Garlic,Vegetables,12.0,250.0,90.21
2023-09-24,Ginger,Herbs & Spices,8.0,270.0,97.92
2023-09-24,Carrot,Vegetables,5.0,160.0,35.64
2023-09-25,Guava,Fruits,8.0,120.0,39.44
2023-09-25,Lemon,Fruits,5.0,213.0,46.54
2023-09-25,Mango,Fruits,28.0,180.0,81.38
2023-09-25,Mint,Herbs & Spices,19.03,28.54,23.79
2023-09-25,Okra,Vegetables,3.0,100.0,23.25
2023-09-25,Onion,Vegetables,19.26,28.89,24.08
2023-09-25,Orange,Fruits,5.0,96.0,48.48
2023-09-25,Potato,Vegetables,11.77,17.65,14.71
2023-09-25,Pomegranate,Fruits,2.5,400.0,81.85
2023-09-25,Rice,Grains,10.0,90.5,33.26
2023-09-25,Tomato,Vegetables,12.75,19.12,15.94
2023-09-25,Turmeric,Herbs & Spices,45.01,151.22,107.53
2023-09-25,Green Onion,Vegetables,12.58,18.87,15.72
2023-09-25,Wheat,Grains,17.01,55.0,24.32
2023-09-25,Pear,Fruits,30.0,125.0,65.69
2023-09-25,Watermelon,Fruits,4.0,200.0,19.69
2023-09-25,Green Hot Pepper,Vegetables,36.42,54.63,45.52
2023-09-25,Grapes,Fruits,22.0,410.0,122.48
2023-09-25,Green Beans,Vegetables,6.5,245.8,48.68
2023-09-25,Apple,Fruits,5.9,220.0,66.44
2023-09-25,Banana,Fruits,3.0,108.5,33.41
2023-09-25,Barley,Grains,15.5,23.7,19.08
2023-09-25,Bell Pepper,Vegetables,4.0,130.0,42.29
2023-09-25,Cabbage,Vegetables,16.62,24.93,20.77
2023-09-25,Cantaloupe,Fruits,5.0,60.0,23.68
2023-09-25,Black pepper,Herbs & Spices,475.0,650.0,568.8
2023-09-25,Coriander Leaves,Herbs & Spices,38.3,57.45,47.87
2023-09-25,Corn,Grains,8.5,35.0,19.89
2023-09-25,Cucumber,Vegetables,2.0,90.8,22.22
2023-09-25,Cumin,Herbs & Spices,284.0,604.0,521.34
2023-09-25,Eggplant,Vegetables,3.0,113.0,24.4
2023-09-25,Garlic,Vegetables,10.0,990.8,101.55
2023-09-25,Ginger,Herbs & Spices,18.1,1280.8,114.22
2023-09-25,Carrot,Vegetables,5.0,234.8,35.87
2023-09-26,Onion,Vegetables,19.31,28.97,24.14
2023-09-26,Guava,Fruits,6.0,120.0,38.6
2023-09-26,Lemon,Fruits,7.0,248.5,46.67
2023-09-26,Wheat,Grains,15.0,60.0,24.5
2023-09-26,Mint,Herbs & Spices,14.9,22.35,18.62
2023-09-26,Okra,Vegetables,3.5,140.0,23.11
2023-09-26,Orange,Fruits,5.0,130.0,48.96
2023-09-26,Green Onion,Vegetables,14.45,21.67,18.06
2023-09-26,Pomegranate,Fruits,2.5,475.0,85.77
2023-09-26,Potato,Vegetables,12.15,18.22,15.18
2023-09-26,Rice,Grains,10.0,80.0,32.73
2023-09-26,Tomato,Vegetables,13.19,19.78,16.48
2023-09-26,Turmeric,Herbs & Spices,45.06,145.0,100.94
2023-09-26,Watermelon,Fruits,4.0,50.0,20.46
2023-09-26,Pear,Fruits,20.0,125.0,64.22
2023-09-26,Green Hot Pepper,Vegetables,35.85,53.77,44.81
2023-09-26,Mango,Fruits,58.0,65.0,61.0
2023-09-26,Grapes,Fruits,22.0,325.42,91.03
2023-09-26,Apple,Fruits,5.8,200.0,68.15
2023-09-26,Banana,Fruits,4.0,800.0,34.54
2023-09-26,Barley,Grains,14.0,23.7,18.92
2023-09-26,Bell Pepper,Vegetables,4.0,195.8,42.49
2023-09-26,Black pepper,Herbs & Spices,280.0,650.0,551.36
2023-09-26,Cabbage,Vegetables,16.07,24.11,20.09
2023-09-26,Cantaloupe,Fruits,5.0,60.0,21.37
2023-09-26,Green Beans,Vegetables,7.0,210.8,48.66
2023-09-26,Coriander Leaves,Herbs & Spices,37.03,55.55,46.29
2023-09-26,Corn,Grains,16.15,24.22,20.18
2023-09-26,Cucumber,Vegetables,17.74,26.62,22.18
2023-09-26,Cumin,Herbs & Spices,287.0,800.0,526.62
2023-09-26,Eggplant,Vegetables,2.0,600.0,25.31
2023-09-26,Garlic,Vegetables,7.54,880.8,103.96
2023-09-26,Ginger,Herbs & Spices,5.0,1120.8,109.99
2023-09-26,Carrot,Vegetables,5.0,640.0,37.25
2023-09-27,Guava,Fruits,8.0,130.0,43.97
2023-09-27,Mango,Fruits,28.0,160.0,73.67
2023-09-27,Mint,Herbs & Spices,18.24,27.35,22.8
2023-09-27,Okra,Vegetables,2.0,100.8,22.72
2023-09-27,Onion,Vegetables,19.47,29.21,24.34
2023-09-27,Orange,Fruits,5.0,100.0,45.2
2023-09-27,Pear,Fruits,30.0,125.0,70.48
2023-09-27,Tomato,Vegetables,12.9,19.35,16.13
2023-09-27,Potato,Vegetables,11.76,17.64,14.7
2023-09-27,Rice,Grains,10.0,80.0,32.72
2023-09-27,Green Onion,Vegetables,13.05,19.57,16.31
2023-09-27,Turmeric,Herbs & Spices,37.0,250.0,106.65
2023-09-27,Watermelon,Fruits,5.0,35.0,17.37
2023-09-27,Wheat,Grains,17.0,60.0,24.51
2023-09-27,Pomegranate,Fruits,2.5,400.0,81.54
2023-09-27,Green Hot Pepper,Vegetables,4.0,300.0,44.58
2023-09-27,Lemon,Fruits,14.0,160.0,46.92
2023-09-27,Grapes,Fruits,20.0,250.0,93.55
2023-09-27,Green Beans,Vegetables,15.0,315.8,49.72
2023-09-27,Banana,Fruits,2.5,124.0,31.88
2023-09-27,Barley,Grains,15.65,23.8,19.29
2023-09-27,Bell Pepper,Vegetables,8.0,400.8,44.31
2023-09-27,Black pepper,Herbs & Spices,138.2,700.0,534.24
2023-09-27,Cabbage,Vegetables,2.0,125.8,20.25
2023-09-27,Cantaloupe,Fruits,5.5,60.0,21.69
2023-09-27,Carrot,Vegetables,5.0,275.8,35.54
2023-09-27,Apple,Fruits,5.9,200.0,67.11
2023-09-27,Corn,Grains,16.05,24.07,20.06
2023-09-27,Cucumber,Vegetables,2.0,110.8,22.83
2023-09-27,Cumin,Herbs & Spices,283.0,800.0,524.19
2023-09-27,Eggplant,Vegetables,2.0,125.8,24.26
2023-09-27,Garlic,Vegetables,10.0,950.8,104.45
2023-09-27,Ginger,Herbs & Spices,10.0,1500.8,110.99
2023-09-27,Coriander Leaves,Herbs & Spices,40.43,60.65,50.54
2023-09-28,Guava,Fruits,4.0,120.0,42.91
2023-09-28,Lemon,Fruits,13.0,160.0,46.36
2023-09-28,Mango,Fruits,51.0,160.0,90.83
2023-09-28,Mint,Herbs & Spices,12.82,19.22,16.02
2023-09-28,Okra,Vegetables,3.0,100.0,23.53
2023-09-28,Onion,Vegetables,19.35,29.02,24.18
2023-09-28,Orange,Fruits,5.0,140.0,50.12
2023-09-28,Potato,Vegetables,2.0,122.0,14.15
2023-09-28,Pomegranate,Fruits,5.0,650.65,85.65
2023-09-28,Rice,Grains,10.0,90.7,32.29
2023-09-28,Tomato,Vegetables,12.23,18.35,15.29
2023-09-28,Turmeric,Herbs & Spices,75.0,80.0,77.5
2023-09-28,Wheat,Grains,12.58,55.0,23.89
2023-09-28,Green Onion,Vegetables,16.72,25.08,20.9
2023-09-28,Pear,Fruits,35.0,90.0,58.79
2023-09-28,Green Hot Pepper,Vegetables,4.0,300.0,43.9
2023-09-28,Watermelon,Fruits,5.0,43.0,19.42
2023-09-28,Grapes,Fruits,25.0,250.0,103.94
2023-09-28,Green Beans,Vegetables,9.0,280.8,48.97
2023-09-28,Banana,Fruits,4.0,97.0,31.6
2023-09-28,Barley,Grains,15.75,29.0,19.55
2023-09-28,Bell Pepper,Vegetables,4.0,360.8,45.68
2023-09-28,Black pepper,Herbs & Spices,490.0,650.0,568.88
2023-09-28,Cabbage,Vegetables,15.75,23.62,19.69
2023-09-28,Cantaloupe,Fruits,6.0,60.0,21.43
2023-09-28,Apple,Fruits,7.0,210.0,65.6
2023-09-28,Coriander Leaves,Herbs & Spices,40.9,61.35,51.12
2023-09-28,Corn,Grains,4.0,32.25,19.86
2023-09-28,Cucumber,Vegetables,2.0,110.8,23.2
2023-09-28,Cumin,Herbs & Spices,292.0,584.5,508.15
2023-09-28,Eggplant,Vegetables,2.5,100.8,24.71
2023-09-28,Garlic,Vegetables,16.0,855.8,100.21
2023-09-28,Ginger,Herbs & Spices,10.0,280.0,98.18
2023-09-28,Carrot,Vegetables,5.0,248.0,36.48
2023-09-29,Guava,Fruits,7.0,120.0,38.67
2023-09-29,Lemon,Fruits,13.0,177.0,47.17
2023-09-29,Mango,Fruits,28.0,160.0,83.2
2023-09-29,Mint,Herbs & Spices,14.81,22.22,18.51
2023-09-29,Okra,Vegetables,2.0,93.0,23.99
2023-09-29,Onion,Vegetables,19.43,29.15,24.29
2023-09-29,Orange,Fruits,5.0,90.0,45.53
2023-09-29,Rice,Grains,18.0,90.7,32.51
2023-09-29,Pomegranate,Fruits,2.5,400.0,82.1
2023-09-29,Potato,Vegetables,2.0,114.0,14.39
2023-09-29,Tomato,Vegetables,12.8,19.2,16.0
2023-09-29,Turmeric,Herbs & Spices,51.5,150.0,105.14
2023-09-29,Green Onion,Vegetables,4.5,65.0,22.18
2023-09-29,Wheat,Grains,8.5,55.0,24.14
2023-09-29,Pear,Fruits,9.0,120.0,54.88
2023-09-29,Green Hot Pepper,Vegetables,5.0,300.0,45.06
2023-09-29,Watermelon,Fruits,5.0,33.0,20.42
2023-09-29,Grapes,Fruits,25.0,237.0,119.12
2023-09-29,Green Beans,Vegetables,10.0,245.8,48.02
2023-09-29,Apple,Fruits,5.9,210.0,65.05
2023-09-29,Banana,Fruits,3.5,127.0,33.37
2023-09-29,Barley,Grains,15.35,23.8,19.37
2023-09-29,Black pepper,Herbs & Spices,280.0,620.0,553.8
2023-09-29,Cabbage,Vegetables,16.72,25.09,20.91
2023-09-29,Cantaloupe,Fruits,5.0,75.0,19.06
2023-09-29,Bell Pepper,Vegetables,4.0,280.8,45.8
2023-09-29,Coriander Leaves,Herbs & Spices,39.92,59.87,49.89
2023-09-29,Carrot,Vegetables,5.0,220.8,34.98
2023-09-29,Garlic,Vegetables,10.0,760.8,100.3
2023-09-29,Eggplant,Vegetables,19.8,29.69,24.74
2023-09-29,Ginger,Herbs & Spices,18.1,1200.8,110.43
2023-09-29,Cucumber,Vegetables,18.82,28.23,23.53
2023-09-29,Corn,Grains,10.0,37.0,20.02
2023-09-29,Cumin,Herbs & Spices,260.0,590.0,499.99
2023-09-30,Wheat,Grains,13.61,60.19,24.2
2023-09-30,Green Onion,Vegetables,18.54,27.81,23.18
2023-09-30,Guava,Fruits,6.0,130.0,46.72
2023-09-30,Mango,Fruits,52.0,160.0,77.0
2023-09-30,Mint,Herbs & Spices,20.48,30.72,25.6
2023-09-30,Okra,Vegetables,3.0,100.0,23.65
2023-09-30,Onion,Vegetables,18.84,28.25,23.54
2023-09-30,Orange,Fruits,5.0,116.8,46.77
2023-09-30,Pomegranate,Fruits,5.0,235.0,80.18
2023-09-30,Green Hot Pepper,Vegetables,33.6,50.41,42.01
2023-09-30,Rice,Grains,18.0,91.0,32.37
2023-09-30,Tomato,Vegetables,12.33,18.49,15.41
2023-09-30,Turmeric,Herbs & Spices,50.0,121.59,91.4
2023-09-30,Watermelon,Fruits,3.0,45.0,19.44
2023-09-30,Pear,Fruits,24.0,140.0,59.12
2023-09-30,Potato,Vegetables,2.0,48.0,14.22
2023-09-30,Lemon,Fruits,11.0,213.0,47.41
2023-09-30,Ginger,Herbs & Spices,15.0,280.0,102.41
2023-09-30,Green Beans,Vegetables,10.0,90.0,44.34
2023-09-30,Apple,Fruits,5.8,190.0,66.86
2023-09-30,Banana,Fruits,4.0,126.0,31.88
2023-09-30,Barley,Grains,14.0,23.7,19.18
2023-09-30,Bell Pepper,Vegetables,5.0,100.0,43.36
2023-09-30,Black pepper,Herbs & Spices,58.0,620.0,507.18
2023-09-30,Cabbage,Vegetables,15.98,23.97,19.97
2023-09-30,Grapes,Fruits,25.0,375.0,120.19
2023-09-30,Carrot,Vegetables,5.0,160.0,32.74
2023-09-30,Coriander Leaves,Herbs & Spices,42.64,63.96,53.3
2023-09-30,Corn,Grains,11.05,30.8,20.08
2023-09-30,Cucumber,Vegetables,17.94,26.9,22.42
2023-09-30,Cumin,Herbs & Spices,45.77,600.0,489.98
2023-09-30,Eggplant,Vegetables,2.0,95.0,24.37
2023-09-30,Garlic,Vegetables,12.0,200.0,99.29
2023-09-30,Cantaloupe,Fruits,5.0,75.0,22.36
2023-10-01,Guava,Fruits,10.0,80.0,33.84
2023-10-01,Lemon,Fruits,3.25,160.0,41.74
2023-10-01,Mango,Fruits,58.0,150.0,105.0
2023-10-01,Mint,Herbs & Spices,7.82,11.73,9.78
2023-10-01,Okra,Vegetables,3.0,80.0,24.27
2023-10-01,Onion,Vegetables,18.64,27.97,23.31
2023-10-01,Potato,Vegetables,3.0,45.0,13.48
2023-10-01,Pear,Fruits,50.0,90.0,73.5
2023-10-01,Pomegranate,Fruits,10.0,750.0,82.19
2023-10-01,Rice,Grains,22.8,80.0,33.29
2023-10-01,Tomato,Vegetables,12.06,18.09,15.08
2023-10-01,Watermelon,Fruits,3.0,32.0,18.75
2023-10-01,Wheat,Grains,18.9,30.71,23.35
2023-10-01,Orange,Fruits,5.0,80.0,36.32
2023-10-01,Green Onion,Vegetables,16.2,24.3,20.25
2023-10-01,Green Hot Pepper,Vegetables,5.0,260.0,51.58
2023-10-01,Grapes,Fruits,25.0,320.0,143.12
2023-10-01,Apple,Fruits,5.8,200.0,64.76
2023-10-01,Banana,Fruits,5.0,78.5,28.1
2023-10-01,Barley,Grains,15.0,23.15,19.13
2023-10-01,Bell Pepper,Vegetables,7.0,100.0,39.06
2023-10-01,Black pepper,Herbs & Spices,560.0,620.0,583.33
2023-10-01,Cabbage,Vegetables,2.0,80.0,20.16
2023-10-01,Cantaloupe,Fruits,5.0,30.0,18.33
2023-10-01,Green Beans,Vegetables,10.0,80.0,44.58
2023-10-01,Coriander Leaves,Herbs & Spices,21.97,32.95,27.46
2023-10-01,Corn,Grains,14.0,28.0,19.67
2023-10-01,Cucumber,Vegetables,2.0,75.0,22.36
2023-10-01,Eggplant,Vegetables,4.0,60.0,24.95
2023-10-01,Garlic,Vegetables,20.0,200.0,87.42
2023-10-01,Ginger,Herbs & Spices,10.0,280.0,100.61
2023-10-01,Carrot,Vegetables,5.0,160.0,35.25
2023-10-02,Lemon,Fruits,3.0,231.0,44.5
2023-10-02,Mango,Fruits,55.0,113.0,86.5
2023-10-02,Mint,Herbs & Spices,14.72,22.09,18.41
2023-10-02,Okra,Vegetables,19.17,28.75,23.96
2023-10-02,Onion,Vegetables,18.68,28.02,23.35
2023-10-02,Orange,Fruits,5.0,150.0,48.08
2023-10-02,Pear,Fruits,28.12,100.0,65.92
2023-10-02,Rice,Grains,10.0,91.0,32.67
2023-10-02,Potato,Vegetables,11.06,16.58,13.82
2023-10-02,Tomato,Vegetables,12.12,18.17,15.15
2023-10-02,Turmeric,Herbs & Spices,45.0,70.0,57.5
2023-10-02,Watermelon,Fruits,4.0,32.0,18.3
2023-10-02,Wheat,Grains,18.5,56.0,23.76
2023-10-02,Guava,Fruits,4.0,110.0,34.59
2023-10-02,Pomegranate,Fruits,5.0,450.0,79.4
2023-10-02,Green Onion,Vegetables,12.08,18.13,15.1
2023-10-02,Green Hot Pepper,Vegetables,5.0,300.0,46.93
2023-10-02,Apple,Fruits,8.0,200.0,63.32
2023-10-02,Green Beans,Vegetables,10.0,425.8,53.7
2023-10-02,Banana,Fruits,4.0,87.0,30.5
2023-10-02,Barley,Grains,14.5,23.75,18.65
2023-10-02,Bell Pepper,Vegetables,4.0,293.0,44.69
2023-10-02,Black pepper,Herbs & Spices,495.0,620.0,569.11
2023-10-02,Cantaloupe,Fruits,5.5,30.0,15.98
2023-10-02,Carrot,Vegetables,5.0,350.0,35.87
2023-10-02,Cabbage,Vegetables,15.61,23.41,19.51
2023-10-02,Corn,Grains,11.7,90.0,20.3
2023-10-02,Cucumber,Vegetables,18.27,27.41,22.84
2023-10-02,Cumin,Herbs & Spices,235.5,588.0,465.69
2023-10-02,Eggplant,Vegetables,20.09,30.14,25.11
2023-10-02,Garlic,Vegetables,20.0,950.8,98.63
2023-10-02,Ginger,Herbs & Spices,13.35,1440.8,106.4
2023-10-02,Grapes,Fruits,25.0,300.0,91.2
2023-10-02,Coriander Leaves,Herbs & Spices,30.4,45.6,38.0
2023-10-03,Onion,Vegetables,19.28,28.91,24.09
2023-10-03,Guava,Fruits,5.0,120.0,43.44
2023-10-03,Lemon,Fruits,13.0,142.0,46.12
2023-10-03,Mango,Fruits,60.0,160.0,92.14
2023-10-03,Mint,Herbs & Spices,13.25,19.88,16.57
2023-10-03,Okra,Vegetables,2.5,98.0,25.03
2023-10-03,Orange,Fruits,7.5,98.0,44.37
2023-10-03,Green Onion,Vegetables,16.44,24.66,20.55
2023-10-03,Pomegranate,Fruits,4.0,675.0,85.69
2023-10-03,Potato,Vegetables,11.68,17.51,14.6
2023-10-03,Rice,Grains,10.0,80.0,33.3
2023-10-03,Tomato,Vegetables,12.19,18.29,15.24
2023-10-03,Turmeric,Herbs & Spices,50.0,250.0,112.2
2023-10-03,Watermelon,Fruits,3.0,90.0,20.27
2023-10-03,Wheat,Grains,15.0,60.0,24.44
2023-10-03,Pear,Fruits,15.0,150.0,65.22
2023-10-03,Green Hot Pepper,Vegetables,2.9,300.0,44.09
2023-10-03,Apple,Fruits,5.9,200.0,65.09
2023-10-03,Grapes,Fruits,18.5,300.0,90.61
2023-10-03,Green Beans,Vegetables,8.0,315.8,48.36
2023-10-03,Banana,Fruits,3.0,114.0,32.26
2023-10-03,Barley,Grains,14.21,35.55,19.08
2023-10-03,Bell Pepper,Vegetables,4.0,260.8,46.4
2023-10-03,Cabbage,Vegetables,2.0,126.8,20.37
2023-10-03,Cantaloupe,Fruits,5.0,60.0,19.8
2023-10-03,Carrot,Vegetables,5.0,234.8,33.93
2023-10-03,Black pepper,Herbs & Spices,400.0,620.0,558.5
2023-10-03,Corn,Grains,15.86,23.78,19.82
2023-10-03,Cucumber,Vegetables,17.34,26.01,21.67
2023-10-03,Cumin,Herbs & Spices,293.0,637.0,495.96
2023-10-03,Eggplant,Vegetables,2.0,135.8,25.69
2023-10-03,Garlic,Vegetables,10.0,855.8,104.67
2023-10-03,Ginger,Herbs & Spices,13.2,1120.8,104.59
2023-10-03,Coriander Leaves,Herbs & Spices,43.47,65.2,54.34
2023-10-04,Orange,Fruits,3.0,102.8,44.32
2023-10-04,Lemon,Fruits,8.0,177.0,46.93
2023-10-04,Mango,Fruits,20.0,160.0,78.71
2023-10-04,Mint,Herbs & Spices,15.41,23.12,19.26
2023-10-04,Okra,Vegetables,2.0,210.8,25.96
2023-10-04,Onion,Vegetables,19.59,29.39,24.49
2023-10-04,Wheat,Grains,8.51,60.0,24.35
2023-10-04,Pomegranate,Fruits,3.0,410.0,84.94
2023-10-04,Potato,Vegetables,12.1,18.16,15.13
2023-10-04,Rice,Grains,10.0,80.0,33.27
2023-10-04,Tomato,Vegetables,12.68,19.02,15.85
2023-10-04,Turmeric,Herbs & Spices,20.0,250.0,95.23
2023-10-04,Watermelon,Fruits,3.0,35.05,18.24
2023-10-04,Guava,Fruits,4.0,120.0,43.32
2023-10-04,Pear,Fruits,14.0,100.0,60.18
2023-10-04,Green Onion,Vegetables,14.06,21.09,17.57
2023-10-04,Apple,Fruits,5.9,200.0,64.16
2023-10-04,Green Beans,Vegetables,8.0,315.8,48.95
2023-10-04,Banana,Fruits,4.0,800.0,33.84
2023-10-04,Barley,Grains,15.0,23.6,18.61
2023-10-04,Bell Pepper,Vegetables,8.0,350.8,49.76
2023-10-04,Black pepper,Herbs & Spices,495.0,700.0,579.82
2023-10-04,Cabbage,Vegetables,16.74,25.1,20.92
2023-10-04,Cantaloupe,Fruits,5.5,60.0,19.96
2023-10-04,Carrot,Vegetables,5.0,960.0,40.22
2023-10-04,Green Hot Pepper,Vegetables,4.0,300.0,46.28
2023-10-04,Corn,Grains,15.85,23.78,19.82
2023-10-04,Cucumber,Vegetables,2.0,282.8,22.82
2023-10-04,Cumin,Herbs & Spices,65.69,605.55,450.26
2023-10-04,Eggplant,Vegetables,2.1,400.0,25.96
2023-10-04,Garlic,Vegetables,7.06,950.8,104.82
2023-10-04,Ginger,Herbs & Spices,5.0,1750.8,103.37
2023-10-04,Grapes,Fruits,18.5,227.58,94.37
2023-10-04,Coriander Leaves,Herbs & Spices,41.54,62.31,51.93
2023-10-05,Green Onion,Vegetables,14.59,21.88,18.24
2023-10-05,Guava,Fruits,4.0,120.0,41.7
2023-10-05,Lemon,Fruits,7.0,150.0,46.05
2023-10-05,Mango,Fruits,28.0,200.0,83.2
2023-10-05,Mint,Herbs & Spices,23.5,35.25,29.38
2023-10-05,Okra,Vegetables,4.0,189.8,26.86
2023-10-05,Onion,Vegetables,19.53,29.3,24.42
2023-10-05,Potato,Vegetables,11.93,17.9,14.92
2023-10-05,Pear,Fruits,10.0,120.0,61.45
2023-10-05,Pomegranate,Fruits,6.0,450.0,84.97
2023-10-05,Rice,Grains,10.0,80.0,33.24
2023-10-05,Tomato,Vegetables,12.33,18.49,15.41
2023-10-05,Turmeric,Herbs & Spices,27.75,250.0,108.2
2023-10-05,Watermelon,Fruits,3.0,40.0,18.5
2023-10-05,Green Hot Pepper,Vegetables,5.0,300.0,48.05
2023-10-05,Orange,Fruits,5.0,98.0,42.41
2023-10-05,Wheat,Grains,15.99,60.0,24.46
2023-10-05,Green Beans,Vegetables,9.0,100.0,46.31
2023-10-05,Ginger,Herbs & Spices,13.25,1575.8,105.11
2023-10-05,Grapes,Fruits,18.5,220.0,97.7
2023-10-05,Apple,Fruits,8.0,200.0,64.23
2023-10-05,Banana,Fruits,4.0,126.0,32.59
2023-10-05,Barley,Grains,15.0,26.0,19.04
2023-10-05,Black pepper,Herbs & Spices,447.0,700.0,579.14
2023-10-05,Cabbage,Vegetables,2.0,135.8,19.88
2023-10-05,Cantaloupe,Fruits,5.0,60.0,25.55
2023-10-05,Bell Pepper,Vegetables,4.0,315.8,49.6
2023-10-05,Coriander Leaves,Herbs & Spices,45.52,68.28,56.9
2023-10-05,Corn,Grains,15.59,23.39,19.49
2023-10-05,Cucumber,Vegetables,2.0,385.8,23.36
2023-10-05,Cumin,Herbs & Spices,325.0,800.0,505.05
2023-10-05,Eggplant,Vegetables,3.0,113.0,26.38
2023-10-05,Garlic,Vegetables,5.0,225.0,100.23
2023-10-05,Carrot,Vegetables,5.0,225.8,32.99
2023-10-06,Okra,Vegetables,21.15,31.73,26.44
2023-10-06,Green Onion,Vegetables,16.29,24.44,20.37
2023-10-06,Guava,Fruits,4.0,115.0,46.63
2023-10-06,Lemon,Fruits,10.0,140.0,45.32
2023-10-06,Mango,Fruits,28.0,160.0,86.31
2023-10-06,Mint,Herbs & Spices,15.25,22.88,19.06
2023-10-06,Onion,Vegetables,19.3,28.95,24.12
2023-10-06,Watermelon,Fruits,3.0,35.0,15.78
2023-10-06,Pear,Fruits,9.0,120.0,65.13
2023-10-06,Pomegranate,Fruits,2.5,450.0,88.95
2023-10-06,Potato,Vegetables,11.55,17.32,14.44
2023-10-06,Rice,Grains,10.0,91.0,33.33
2023-10-06,Tomato,Vegetables,12.32,18.47,15.4
2023-10-06,Turmeric,Herbs & Spices,20.0,250.0,103.14
2023-10-06,Wheat,Grains,15.0,61.02,24.39
2023-10-06,Orange,Fruits,5.0,96.0,44.29
2023-10-06,Green Hot Pepper,Vegetables,38.19,57.29,47.74
2023-10-06,Grapes,Fruits,24.0,200.0,83.63
2023-10-06,Ginger,Herbs & Spices,18.1,1575.8,101.02
2023-10-06,Apple,Fruits,7.0,200.0,62.93
2023-10-06,Banana,Fruits,4.0,90.0,31.36
2023-10-06,Barley,Grains,10.0,23.5,18.94
2023-10-06,Bell Pepper,Vegetables,4.0,280.8,50.76
2023-10-06,Black pepper,Herbs & Spices,421.99,780.0,580.54
2023-10-06,Cabbage,Vegetables,15.63,23.44,19.53
2023-10-06,Cantaloupe,Fruits,5.0,80.0,28.28
2023-10-06,Green Beans,Vegetables,10.5,245.8,50.94
2023-10-06,Coriander Leaves,Herbs & Spices,49.76,74.64,62.2
2023-10-06,Corn,Grains,9.5,70.75,19.87
2023-10-06,Cucumber,Vegetables,2.0,235.8,23.28
2023-10-06,Cumin,Herbs & Spices,350.0,632.55,514.88
2023-10-06,Eggplant,Vegetables,2.0,100.8,26.3
2023-10-06,Garlic,Vegetables,9.51,760.8,102.38
2023-10-06,Carrot,Vegetables,5.0,200.8,33.55
2023-10-07,Guava,Fruits,4.0,120.0,47.41
2023-10-07,Lemon,Fruits,10.0,140.0,46.92
2023-10-07,Mango,Fruits,73.0,250.0,122.25
2023-10-07,Mint,Herbs & Spices,18.69,28.04,23.37
2023-10-07,Okra,Vegetables,21.09,31.64,26.37
2023-10-07,Onion,Vegetables,19.8,29.7,24.75
2023-10-07,Orange,Fruits,4.0,100.0,42.2
2023-10-07,Potato,Vegetables,11.66,17.49,14.57
2023-10-07,Pomegranate,Fruits,2.5,280.0,85.29
2023-10-07,Rice,Grains,10.0,91.0,32.67
2023-10-07,Tomato,Vegetables,12.15,18.22,15.19
2023-10-07,Turmeric,Herbs & Spices,64.92,250.0,118.2
2023-10-07,Watermelon,Fruits,3.0,32.0,15.25
2023-10-07,Green Onion,Vegetables,17.56,26.33,21.94
2023-10-07,Pear,Fruits,28.12,140.0,67.6
2023-10-07,Green Hot Pepper,Vegetables,3.0,260.0,48.64
2023-10-07,Wheat,Grains,10.0,86.0,24.52
2023-10-07,Grapes,Fruits,25.0,150.0,77.62
2023-10-07,Apple,Fruits,6.0,190.0,63.97
2023-10-07,Banana,Fruits,3.0,100.0,30.57
2023-10-07,Barley,Grains,15.0,42.45,19.34
2023-10-07,Bell Pepper,Vegetables,4.0,300.8,49.21
2023-10-07,Black pepper,Herbs & Spices,447.0,700.0,578.89
2023-10-07,Cabbage,Vegetables,2.0,140.8,19.74
2023-10-07,Cantaloupe,Fruits,5.0,70.0,20.39
2023-10-07,Green Beans,Vegetables,10.0,350.8,50.58
2023-10-07,Coriander Leaves,Herbs & Spices,51.2,76.8,64.0
2023-10-07,Corn,Grains,15.49,23.23,19.36
2023-10-07,Cucumber,Vegetables,2.0,200.8,22.32
2023-10-07,Cumin,Herbs & Spices,132.69,800.0,492.92
2023-10-07,Eggplant,Vegetables,21.28,31.92,26.6
2023-10-07,Garlic,Vegetables,10.0,950.8,103.17
2023-10-07,Ginger,Herbs & Spices,12.0,1900.8,103.16
2023-10-07,Carrot,Vegetables,5.0,275.8,32.82
2023-10-08,Guava,Fruits,4.0,70.0,30.3
2023-10-08,Lemon,Fruits,10.0,120.0,40.22
2023-10-08,Mango,Fruits,25.0,200.0,77.67
2023-10-08,Mint,Herbs & Spices,17.02,25.52,21.27
2023-10-08,Okra,Vegetables,4.0,100.0,25.86
2023-10-08,Onion,Vegetables,18.38,27.56,22.97
2023-10-08,Orange,Fruits,5.0,98.0,40.38
2023-10-08,Rice,Grains,10.0,91.0,32.18
2023-10-08,Pomegranate,Fruits,5.0,450.0,74.88
2023-10-08,Potato,Vegetables,4.0,48.0,13.4
2023-10-08,Tomato,Vegetables,11.34,17.01,14.18
2023-10-08,Turmeric,Herbs & Spices,105.35,106.5,106.0
2023-10-08,Watermelon,Fruits,3.0,45.0,19.83
2023-10-08,Green Onion,Vegetables,19.21,28.81,24.01
2023-10-08,Pear,Fruits,50.0,90.0,73.5
2023-10-08,Wheat,Grains,18.5,30.04,23.58
2023-10-08,Green Hot Pepper,Vegetables,5.0,300.0,47.58
2023-10-08,Grapes,Fruits,25.0,150.0,87.7
2023-10-08,Green Beans,Vegetables,20.0,80.0,47.3
2023-10-08,Apple,Fruits,6.0,200.0,62.13
2023-10-08,Banana,Fruits,5.0,125.0,26.76
2023-10-08,Barley,Grains,16.0,23.3,19.62
2023-10-08,Black pepper,Herbs & Spices,448.0,620.0,525.0
2023-10-08,Cabbage,Vegetables,14.09,21.14,17.61
2023-10-08,Cantaloupe,Fruits,5.0,20.0,10.29
2023-10-08,Bell Pepper,Vegetables,4.0,150.0,43.58
2023-10-08,Coriander Leaves,Herbs & Spices,36.71,55.06,45.88
2023-10-08,Corn,Grains,12.0,26.5,19.29
2023-10-08,Cucumber,Vegetables,2.0,62.0,21.41
2023-10-08,Eggplant,Vegetables,3.0,80.0,26.65
2023-10-08,Garlic,Vegetables,8.0,170.0,88.08
2023-10-08,Ginger,Herbs & Spices,10.0,264.0,84.5
2023-10-08,Carrot,Vegetables,5.0,140.0,31.15
2023-10-09,Onion,Vegetables,20.02,30.03,25.02
2023-10-09,Guava,Fruits,4.0,120.0,42.37
2023-10-09,Lemon,Fruits,10.0,130.0,45.49
2023-10-09,Mango,Fruits,55.0,300.0,93.0
2023-10-09,Mint,Herbs & Spices,14.7,22.05,18.38
2023-10-09,Okra,Vegetables,21.43,32.15,26.79
2023-10-09,Orange,Fruits,5.0,110.0,45.05
2023-10-09,Wheat,Grains,14.22,60.0,24.54
2023-10-09,Pomegranate,Fruits,2.5,250.0,88.15
2023-10-09,Potato,Vegetables,11.69,17.54,14.62
2023-10-09,Rice,Grains,10.0,91.0,33.85
2023-10-09,Tomato,Vegetables,12.3,18.44,15.37
2023-10-09,Turmeric,Herbs & Spices,50.05,220.0,102.66
2023-10-09,Watermelon,Fruits,3.0,40.0,18.08
2023-10-09,Green Onion,Vegetables,17.0,25.5,21.25
2023-10-09,Pear,Fruits,11.0,140.0,65.86
2023-10-09,Green Hot Pepper,Vegetables,39.12,58.68,48.9
2023-10-09,Apple,Fruits,6.0,225.0,62.5
2023-10-09,Grapes,Fruits,25.0,400.0,90.5
2023-10-09,Banana,Fruits,4.5,126.0,31.73
2023-10-09,Barley,Grains,15.0,23.7,18.94
2023-10-09,Bell Pepper,Vegetables,8.0,270.8,50.4
2023-10-09,Black pepper,Herbs & Spices,448.0,620.0,569.27
2023-10-09,Cabbage,Vegetables,2.0,126.8,20.22
2023-10-09,Cantaloupe,Fruits,5.0,85.0,25.87
2023-10-09,Carrot,Vegetables,27.42,41.13,34.27
2023-10-09,Green Beans,Vegetables,10.0,315.8,51.65
2023-10-09,Corn,Grains,15.92,23.88,19.9
2023-10-09,Cucumber,Vegetables,2.0,180.8,23.4
2023-10-09,Cumin,Herbs & Spices,121.19,610.0,482.11
2023-10-09,Eggplant,Vegetables,22.19,33.28,27.73
2023-10-09,Garlic,Vegetables,82.13,123.2,102.66
2023-10-09,Ginger,Herbs & Spices,81.41,122.12,101.77
2023-10-09,Coriander Leaves,Herbs & Spices,52.58,78.86,65.72
2023-10-10,Green Onion,Vegetables,14.56,21.84,18.2
2023-10-10,Guava,Fruits,4.0,115.0,45.65
2023-10-10,Lemon,Fruits,10.0,120.0,44.67
2023-10-10,Mango,Fruits,48.0,300.0,89.4
2023-10-10,Mint,Herbs & Spices,12.15,18.22,15.19
2023-10-10,Okra,Vegetables,3.0,160.8,26.5
2023-10-10,Onion,Vegetables,19.66,29.49,24.57
2023-10-10,Potato,Vegetables,11.46,17.19,14.32
2023-10-10,Pear,Fruits,10.0,140.0,60.9
2023-10-10,Pomegranate,Fruits,4.0,450.0,90.43
2023-10-10,Rice,Grains,10.0,91.0,33.15
2023-10-10,Tomato,Vegetables,12.05,18.08,15.06
2023-10-10,Turmeric,Herbs & Spices,38.19,250.0,101.62
2023-10-10,Green Hot Pepper,Vegetables,5.0,300.0,49.98
2023-10-10,Wheat,Grains,11.37,62.8,24.47
2023-10-10,Orange,Fruits,4.0,98.0,41.36
2023-10-10,Watermelon,Fruits,4.0,50.0,18.56
2023-10-10,Green Beans,Vegetables,10.0,280.8,52.34
2023-10-10,Ginger,Herbs & Spices,12.0,1330.8,99.37
2023-10-10,Grapes,Fruits,25.0,400.0,106.36
2023-10-10,Apple,Fruits,6.0,250.0,62.97
2023-10-10,Banana,Fruits,2.5,97.0,30.93
2023-10-10,Barley,Grains,10.0,43.15,19.09
2023-10-10,Black pepper,Herbs & Spices,447.0,700.0,575.38
2023-10-10,Cabbage,Vegetables,2.0,112.8,19.26
2023-10-10,Cantaloupe,Fruits,5.0,70.0,20.62
2023-10-10,Bell Pepper,Vegetables,7.0,240.8,48.7
2023-10-10,Coriander Leaves,Herbs & Spices,49.78,74.67,62.23
2023-10-10,Corn,Grains,15.41,23.12,19.26
2023-10-10,Cucumber,Vegetables,3.0,160.8,23.62
2023-10-10,Cumin,Herbs & Spices,312.0,800.0,503.07
2023-10-10,Eggplant,Vegetables,2.0,112.8,28.18
2023-10-10,Garlic,Vegetables,10.0,760.8,99.38
2023-10-10,Carrot,Vegetables,5.0,140.0,31.06
2023-10-11,Onion,Vegetables,20.26,30.39,25.33
2023-10-11,Guava,Fruits,10.0,120.0,43.27
2023-10-11,Wheat,Grains,15.0,63.06,24.54
2023-10-11,Mango,Fruits,28.0,200.0,96.86
2023-10-11,Mint,Herbs & Spices,12.62,18.93,15.78
2023-10-11,Okra,Vegetables,5.0,125.8,25.88
2023-10-11,Orange,Fruits,3.0,120.0,43.05
2023-10-11,Green Onion,Vegetables,12.69,19.03,15.86
2023-10-11,Pomegranate,Fruits,5.0,415.0,91.91
2023-10-11,Potato,Vegetables,11.57,17.35,14.46
2023-10-11,Rice,Grains,10.0,80.0,33.28
2023-10-11,Tomato,Vegetables,11.81,17.71,14.76
2023-10-11,Turmeric,Herbs & Spices,19.0,250.0,103.89
2023-10-11,Watermelon,Fruits,4.0,50.0,18.24
2023-10-11,Pear,Fruits,28.12,130.0,70.58
2023-10-11,Green Hot Pepper,Vegetables,5.0,250.0,48.34
2023-10-11,Lemon,Fruits,8.0,130.0,43.94
2023-10-11,Grapes,Fruits,25.0,220.0,92.48
2023-10-11,Apple,Fruits,6.0,225.0,63.79
2023-10-11,Banana,Fruits,3.0,126.0,31.64
2023-10-11,Barley,Grains,15.0,27.0,18.89
2023-10-11,Bell Pepper,Vegetables,4.0,400.8,49.62
2023-10-11,Black pepper,Herbs & Spices,400.0,700.0,583.37
2023-10-11,Cabbage,Vegetables,15.84,23.76,19.8
2023-10-11,Cantaloupe,Fruits,5.0,60.0,21.21
2023-10-11,Green Beans,Vegetables,9.0,350.8,53.25
2023-10-11,Coriander Leaves,Herbs & Spices,49.51,74.26,61.88
2023-10-11,Corn,Grains,15.45,23.17,19.31
2023-10-11,Cucumber,Vegetables,2.0,288.8,23.07
2023-10-11,Cumin,Herbs & Spices,245.05,800.0,495.91
2023-10-11,Eggplant,Vegetables,3.0,150.8,27.13
2023-10-11,Garlic,Vegetables,10.0,1000.8,101.75
2023-10-11,Ginger,Herbs & Spices,18.1,650.8,93.1
2023-10-11,Carrot,Vegetables,5.0,275.8,33.55
2023-10-12,Guava,Fruits,10.0,130.0,48.81
2023-10-12,Lemon,Fruits,10.0,120.0,45.84
2023-10-12,Mango,Fruits,28.0,160.0,85.0
2023-10-12,Mint,Herbs & Spices,11.94,17.91,14.92
2023-10-12,Okra,Vegetables,20.53,30.79,25.66
2023-10-12,Onion,Vegetables,20.23,30.34,25.29
2023-10-12,Orange,Fruits,4.0,98.0,41.28
2023-10-12,Rice,Grains,10.0,91.5,33.98
2023-10-12,Pomegranate,Fruits,2.5,675.0,91.0
2023-10-12,Potato,Vegetables,12.2,18.29,15.24
2023-10-12,Tomato,Vegetables,12.53,18.8,15.66
2023-10-12,Turmeric,Herbs & Spices,31.88,250.0,106.6
2023-10-12,Watermelon,Fruits,4.0,50.0,19.65
2023-10-12,Wheat,Grains,14.41,70.51,24.67
2023-10-12,Green Onion,Vegetables,14.28,21.41,17.85
2023-10-12,Pear,Fruits,28.12,111.11,61.11
2023-10-12,Green Hot Pepper,Vegetables,5.0,300.0,49.59
2023-10-12,Green Beans,Vegetables,11.0,315.8,52.51
2023-10-12,Grapes,Fruits,12.0,200.0,81.53
2023-10-12,Banana,Fruits,4.0,600.0,32.57
2023-10-12,Barley,Grains,15.0,23.6,18.57
2023-10-12,Bell Pepper,Vegetables,4.0,320.8,49.51
2023-10-12,Black pepper,Herbs & Spices,448.0,700.0,583.62
2023-10-12,Cabbage,Vegetables,16.21,24.32,20.26
2023-10-12,Cantaloupe,Fruits,5.0,60.0,19.1
2023-10-12,Carrot,Vegetables,5.0,640.0,37.5
2023-10-12,Apple,Fruits,7.0,220.0,62.68
2023-10-12,Corn,Grains,15.45,23.18,19.32
2023-10-12,Cucumber,Vegetables,2.0,300.0,24.52
2023-10-12,Cumin,Herbs & Spices,260.05,800.0,496.99
2023-10-12,Eggplant,Vegetables,22.1,33.15,27.63
2023-10-12,Garlic,Vegetables,5.0,900.8,102.85
2023-10-12,Ginger,Herbs & Spices,15.0,585.8,97.01
2023-10-12,Coriander Leaves,Herbs & Spices,44.97,67.45,56.21
2023-10-13,Guava,Fruits,10.0,130.0,48.76
2023-10-13,Lemon,Fruits,10.0,130.0,45.08
2023-10-13,Mango,Fruits,28.0,300.0,87.22
2023-10-13,Mint,Herbs & Spices,14.21,21.32,17.77
2023-10-13,Okra,Vegetables,3.0,139.0,25.75
2023-10-13,Onion,Vegetables,20.34,30.5,25.42
2023-10-13,Orange,Fruits,5.0,120.0,41.85
2023-10-13,Potato,Vegetables,11.57,17.35,14.46
2023-10-13,Pomegranate,Fruits,2.5,750.0,92.19
2023-10-13,Rice,Grains,10.0,85.0,32.97
2023-10-13,Tomato,Vegetables,11.96,17.93,14.94
2023-10-13,Turmeric,Herbs & Spices,29.79,250.0,99.76
2023-10-13,Watermelon,Fruits,4.0,40.0,18.47
2023-10-13,Green Onion,Vegetables,15.84,23.76,19.8
2023-10-13,Pear,Fruits,20.0,120.0,54.77
2023-10-13,Green Hot Pepper,Vegetables,5.0,300.0,49.45
2023-10-13,Wheat,Grains,15.99,64.0,24.7
2023-10-13,Grapes,Fruits,15.0,220.0,81.95
2023-10-13,Apple,Fruits,7.0,220.0,65.91
2023-10-13,Banana,Fruits,2.0,126.0,31.14
2023-10-13,Barley,Grains,14.5,48.2,19.76
2023-10-13,Bell Pepper,Vegetables,4.0,130.0,47.64
2023-10-13,Black pepper,Herbs & Spices,442.99,700.0,573.62
2023-10-13,Cabbage,Vegetables,2.0,80.0,19.81
2023-10-13,Cantaloupe,Fruits,6.0,60.0,18.8
2023-10-13,Green Beans,Vegetables,10.0,97.0,49.82
2023-10-13,Coriander Leaves,Herbs & Spices,45.18,67.77,56.48
2023-10-13,Corn,Grains,15.56,23.34,19.45
2023-10-13,Cucumber,Vegetables,3.0,71.0,22.53
2023-10-13,Cumin,Herbs & Spices,320.0,800.0,493.95
2023-10-13,Eggplant,Vegetables,3.0,111.0,26.69
2023-10-13,Garlic,Vegetables,10.0,210.0,97.88
2023-10-13,Ginger,Herbs & Spices,15.0,300.0,93.28
2023-10-13,Carrot,Vegetables,4.0,180.0,33.47
2023-10-14,Guava,Fruits,8.0,130.0,43.09
2023-10-14,Lemon,Fruits,10.0,125.0,44.4
2023-10-14,Mango,Fruits,75.0,200.0,134.33
2023-10-14,Mint,Herbs & Spices,13.78,20.67,17.23
2023-10-14,Okra,Vegetables,2.0,100.8,25.41
2023-10-14,Onion,Vegetables,20.05,30.07,25.06
2023-10-14,Orange,Fruits,5.0,96.0,42.27
2023-10-14,Rice,Grains,23.0,100.0,32.41
2023-10-14,Pomegranate,Fruits,2.5,250.0,85.44
2023-10-14,Potato,Vegetables,2.0,174.8,13.86
2023-10-14,Tomato,Vegetables,11.94,17.9,14.92
2023-10-14,Turmeric,Herbs & Spices,19.0,250.0,101.05
2023-10-14,Watermelon,Fruits,4.0,31.05,17.83
2023-10-14,Green Onion,Vegetables,14.17,21.26,17.72
2023-10-14,Pear,Fruits,31.25,120.0,67.37
2023-10-14,Green Hot Pepper,Vegetables,2.5,300.0,50.2
2023-10-14,Wheat,Grains,18.0,74.0,24.25
2023-10-14,Grapes,Fruits,25.0,170.0,96.55
2023-10-14,Apple,Fruits,10.0,200.0,62.45
2023-10-14,Banana,Fruits,5.0,89.0,30.0
2023-10-14,Barley,Grains,15.0,31.6,18.88
2023-10-14,Bell Pepper,Vegetables,10.0,300.8,48.7
2023-10-14,Black pepper,Herbs & Spices,448.0,700.0,581.25
2023-10-14,Cabbage,Vegetables,2.0,168.8,19.64
2023-10-14,Cantaloupe,Fruits,6.0,60.0,24.48
2023-10-14,Green Beans,Vegetables,11.0,350.8,56.71
2023-10-14,Coriander Leaves,Herbs & Spices,39.91,59.87,49.89
2023-10-14,Corn,Grains,10.5,48.0,19.91
2023-10-14,Cucumber,Vegetables,2.0,270.8,23.98
2023-10-14,Cumin,Herbs & Spices,200.0,560.0,472.54
2023-10-14,Eggplant,Vegetables,2.0,168.8,26.66
2023-10-14,Garlic,Vegetables,7.0,1100.8,100.37
2023-10-14,Ginger,Herbs & Spices,18.1,600.8,97.55
2023-10-14,Carrot,Vegetables,7.0,312.8,36.82
2023-10-15,Green Onion,Vegetables,19.75,29.63,24.69
2023-10-15,Guava,Fruits,8.0,70.0,32.0
2023-10-15,Lemon,Fruits,10.0,130.0,43.08
2023-10-15,Mango,Fruits,55.0,58.0,56.0
2023-10-15,Mint,Herbs & Spices,15.41,23.12,19.27
2023-10-15,Okra,Vegetables,2.5,90.0,25.16
2023-10-15,Onion,Vegetables,2.0,98.0,24.57
2023-10-15,Potato,Vegetables,3.0,42.0,13.34
2023-10-15,Pear,Fruits,75.0,90.0,82.0
2023-10-15,Pomegranate,Fruits,10.0,400.0,74.63
2023-10-15,Rice,Grains,24.0,55.0,32.66
2023-10-15,Tomato,Vegetables,11.69,17.53,14.61
2023-10-15,Turmeric,Herbs & Spices,105.7,107.0,106.4
2023-10-15,Watermelon,Fruits,4.0,38.0,20.0
2023-10-15,Green Hot Pepper,Vegetables,5.0,300.0,50.98
2023-10-15,Orange,Fruits,5.0,100.0,35.08
2023-10-15,Wheat,Grains,18.0,40.0,23.93
2023-10-15,Green Beans,Vegetables,11.0,90.0,52.57
2023-10-15,Ginger,Herbs & Spices,18.1,280.0,86.66
2023-10-15,Grapes,Fruits,25.0,150.0,95.5
2023-10-15,Apple,Fruits,6.0,185.0,63.62
2023-10-15,Banana,Fruits,5.5,87.0,30.23
2023-10-15,Barley,Grains,15.5,23.15,19.06
2023-10-15,Black pepper,Herbs & Spices,453.0,460.0,455.0
2023-10-15,Cabbage,Vegetables,2.0,100.0,19.42
2023-10-15,Cantaloupe,Fruits,5.5,20.0,7.94
2023-10-15,Bell Pepper,Vegetables,10.0,110.0,42.36
2023-10-15,Coriander Leaves,Herbs & Spices,30.08,45.13,37.61
2023-10-15,Corn,Grains,10.6,26.8,19.37
2023-10-15,Cucumber,Vegetables,2.0,80.0,23.27
2023-10-15,Cumin,Herbs & Spices,475.0,521.05,498.0
2023-10-15,Eggplant,Vegetables,2.1,80.0,27.53
2023-10-15,Garlic,Vegetables,22.0,175.0,90.11
2023-10-15,Carrot,Vegetables,6.0,70.0,32.51
2023-10-16,Onion,Vegetables,20.92,31.38,26.15
2023-10-16,Guava,Fruits,4.5,130.0,47.61
2023-10-16,Lemon,Fruits,10.0,130.0,44.21
2023-10-16,Mango,Fruits,49.0,220.0,108.5
2023-10-16,Mint,Herbs & Spices,16.1,24.15,20.13
2023-10-16,Okra,Vegetables,21.07,31.6,26.33
2023-10-16,Orange,Fruits,5.0,130.0,45.16
2023-10-16,Wheat,Grains,9.5,60.0,24.68
2023-10-16,Pomegranate,Fruits,2.5,450.0,88.51
2023-10-16,Potato,Vegetables,11.89,17.84,14.86
2023-10-16,Rice,Grains,26.8,40.2,33.5
2023-10-16,Tomato,Vegetables,12.3,18.44,15.37
2023-10-16,Turmeric,Herbs & Spices,40.12,250.0,105.79
2023-10-16,Watermelon,Fruits,4.0,45.0,19.49
2023-10-16,Green Onion,Vegetables,15.93,23.89,19.91
2023-10-16,Pear,Fruits,10.0,120.0,61.15
2023-10-16,Green Hot Pepper,Vegetables,5.0,300.0,49.78
2023-10-16,Green Beans,Vegetables,12.0,320.8,55.67
2023-10-16,Grapes,Fruits,20.0,250.0,102.93
2023-10-16,Banana,Fruits,2.5,126.0,31.38
2023-10-16,Barley,Grains,14.01,25.46,19.0
2023-10-16,Bell Pepper,Vegetables,8.0,280.8,50.55
2023-10-16,Black pepper,Herbs & Spices,498.0,610.0,581.02
2023-10-16,Cabbage,Vegetables,16.05,24.07,20.06
2023-10-16,Cantaloupe,Fruits,5.0,70.0,23.62
2023-10-16,Carrot,Vegetables,2.0,275.8,34.24
2023-10-16,Apple,Fruits,6.0,225.0,63.74
2023-10-16,Corn,Grains,15.55,23.32,19.43
2023-10-16,Cucumber,Vegetables,2.0,450.8,24.39
2023-10-16,Cumin,Herbs & Spices,141.46,600.75,466.06
2023-10-16,Eggplant,Vegetables,2.1,150.8,26.85
2023-10-16,Garlic,Vegetables,10.0,950.8,103.75
2023-10-16,Ginger,Herbs & Spices,15.0,650.8,98.82
2023-10-16,Coriander Leaves,Herbs & Spices,44.99,67.49,56.24
2023-10-17,Lemon,Fruits,10.0,130.0,44.82
2023-10-17,Mango,Fruits,28.0,220.0,83.57
2023-10-17,Mint,Herbs & Spices,12.73,19.09,15.91
2023-10-17,Okra,Vegetables,20.52,30.78,25.65
2023-10-17,Onion,Vegetables,20.9,31.36,26.13
2023-10-17,Orange,Fruits,5.0,100.0,44.23
2023-10-17,Pear,Fruits,25.0,100.0,59.06
2023-10-17,Rice,Grains,26.59,39.89,33.24
2023-10-17,Potato,Vegetables,11.37,17.05,14.21
2023-10-17,Tomato,Vegetables,12.37,18.55,15.46
2023-10-17,Turmeric,Herbs & Spices,45.78,250.0,107.78
2023-10-17,Watermelon,Fruits,4.0,40.0,19.22
2023-10-17,Wheat,Grains,16.4,60.0,24.7
2023-10-17,Guava,Fruits,4.0,140.0,47.3
2023-10-17,Pomegranate,Fruits,2.5,350.0,92.34
2023-10-17,Green Onion,Vegetables,17.22,25.83,21.52
2023-10-17,Green Hot Pepper,Vegetables,5.0,300.0,49.96
2023-10-17,Apple,Fruits,6.0,190.0,63.38
2023-10-17,Green Beans,Vegetables,11.0,280.8,53.61
2023-10-17,Banana,Fruits,4.5,126.0,31.33
2023-10-17,Barley,Grains,12.0,57.5,19.27
2023-10-17,Bell Pepper,Vegetables,4.0,245.8,48.46
2023-10-17,Black pepper,Herbs & Spices,280.0,700.0,563.16
2023-10-17,Cantaloupe,Fruits,5.0,60.0,19.38
2023-10-17,Carrot,Vegetables,5.0,248.0,33.38
2023-10-17,Cabbage,Vegetables,2.0,138.0,19.84
2023-10-17,Corn,Grains,15.18,22.77,18.97
2023-10-17,Cucumber,Vegetables,3.0,413.0,23.6
2023-10-17,Cumin,Herbs & Spices,51.14,800.0,490.03
2023-10-17,Eggplant,Vegetables,21.11,31.66,26.38
2023-10-17,Garlic,Vegetables,5.0,855.8,99.55
2023-10-17,Ginger,Herbs & Spices,5.0,585.8,96.06
2023-10-17,Grapes,Fruits,25.0,250.0,104.52
2023-10-17,Coriander Leaves,Herbs & Spices,44.42,66.63,55.53
2023-10-18,Onion,Vegetables,21.83,32.74,27.29
2023-10-18,Guava,Fruits,8.0,140.0,48.85
2023-10-18,Lemon,Fruits,5.0,120.0,44.03
2023-10-18,Mango,Fruits,40.0,220.0,77.43
2023-10-18,Mint,Herbs & Spices,14.37,21.55,17.96
2023-10-18,Okra,Vegetables,20.61,30.92,25.76
2023-10-18,Orange,Fruits,4.0,100.0,44.17
2023-10-18,Green Onion,Vegetables,14.42,21.63,18.02
2023-10-18,Pomegranate,Fruits,2.5,250.0,90.94
2023-10-18,Potato,Vegetables,11.45,17.18,14.32
2023-10-18,Rice,Grains,10.0,75.0,33.08
2023-10-18,Tomato,Vegetables,12.45,18.67,15.56
2023-10-18,Turmeric,Herbs & Spices,18.0,260.0,92.65
2023-10-18,Watermelon,Fruits,4.0,40.0,18.36
2023-10-18,Wheat,Grains,15.0,60.0,24.8
2023-10-18,Pear,Fruits,25.0,90.0,51.88
2023-10-18,Green Hot Pepper,Vegetables,40.29,60.44,50.37
2023-10-18,Apple,Fruits,6.0,300.0,63.91
2023-10-18,Grapes,Fruits,15.0,200.0,98.39
2023-10-18,Green Beans,Vegetables,9.0,338.0,55.28
2023-10-18,Banana,Fruits,4.5,126.0,30.34
2023-10-18,Barley,Grains,15.0,39.5,19.36
2023-10-18,Bell Pepper,Vegetables,4.0,400.8,51.53
2023-10-18,Cabbage,Vegetables,2.0,168.8,19.83
2023-10-18,Cantaloupe,Fruits,5.0,55.0,18.07
2023-10-18,Carrot,Vegetables,27.71,41.57,34.64
2023-10-18,Black pepper,Herbs & Spices,280.0,800.0,569.79
2023-10-18,Corn,Grains,15.13,22.69,18.91
2023-10-18,Cucumber,Vegetables,18.79,28.19,23.49
2023-10-18,Cumin,Herbs & Spices,144.19,800.0,486.97
2023-10-18,Eggplant,Vegetables,21.14,31.71,26.42
2023-10-18,Garlic,Vegetables,6.0,540.8,100.22
2023-10-18,Ginger,Herbs & Spices,75.52,113.28,94.4
2023-10-18,Coriander Leaves,Herbs & Spices,42.18,63.27,52.72
2023-10-19,Onion,Vegetables,22.41,33.62,28.02
2023-10-19,Guava,Fruits,8.0,130.0,49.49
2023-10-19,Lemon,Fruits,5.0,120.0,44.37
2023-10-19,Mango,Fruits,20.0,300.0,84.01
2023-10-19,Mint,Herbs & Spices,36.74,55.1,45.92
2023-10-19,Okra,Vegetables,3.1,248.0,26.53
2023-10-19,Orange,Fruits,5.0,120.0,43.07
2023-10-19,Wheat,Grains,15.66,60.0,24.98
2023-10-19,Pomegranate,Fruits,4.0,450.0,91.58
2023-10-19,Potato,Vegetables,11.62,17.43,14.53
2023-10-19,Rice,Grains,10.0,91.0,33.18
2023-10-19,Tomato,Vegetables,12.5,18.74,15.62
2023-10-19,Turmeric,Herbs & Spices,44.0,260.0,103.98
2023-10-19,Watermelon,Fruits,5.0,36.89,19.29
2023-10-19,Green Onion,Vegetables,15.63,23.45,19.54
2023-10-19,Pear,Fruits,25.0,100.0,54.29
2023-10-19,Green Hot Pepper,Vegetables,5.0,400.0,49.84
2023-10-19,Apple,Fruits,6.0,190.0,62.81
2023-10-19,Grapes,Fruits,15.0,250.0,101.48
2023-10-19,Banana,Fruits,4.5,120.0,31.63
2023-10-19,Barley,Grains,15.25,27.8,19.22
2023-10-19,Bell Pepper,Vegetables,10.0,360.8,52.4
2023-10-19,Black pepper,Herbs & Spices,280.0,650.0,568.9
2023-10-19,Cabbage,Vegetables,2.0,140.8,19.56
2023-10-19,Cantaloupe,Fruits,5.0,81.0,26.7
2023-10-19,Carrot,Vegetables,5.0,330.8,32.71
2023-10-19,Green Beans,Vegetables,11.0,300.8,56.08
2023-10-19,Corn,Grains,15.57,23.35,19.46
2023-10-19,Cucumber,Vegetables,3.0,225.8,24.23
2023-10-19,Cumin,Herbs & Spices,305.0,800.0,496.79
2023-10-19,Eggplant,Vegetables,2.5,165.8,26.19
2023-10-19,Garlic,Vegetables,10.0,495.8,103.41
2023-10-19,Ginger,Herbs & Spices,18.1,540.8,96.14
2023-10-19,Coriander Leaves,Herbs & Spices,38.71,58.07,48.39
2023-10-20,Guava,Fruits,8.0,130.0,48.65
2023-10-20,Lemon,Fruits,5.0,120.0,44.11
2023-10-20,Mango,Fruits,20.0,300.0,86.46
2023-10-20,Mint,Herbs & Spices,14.92,22.38,18.65
2023-10-20,Okra,Vegetables,5.0,225.8,26.33
2023-10-20,Onion,Vegetables,22.42,33.63,28.03
2023-10-20,Orange,Fruits,5.0,200.0,46.68
2023-10-20,Potato,Vegetables,11.57,17.35,14.46
2023-10-20,Pomegranate,Fruits,2.5,250.0,91.05
2023-10-20,Rice,Grains,10.0,91.0,32.31
2023-10-20,Tomato,Vegetables,12.1,18.15,15.13
2023-10-20,Turmeric,Herbs & Spices,42.13,260.0,100.79
2023-10-20,Watermelon,Fruits,5.0,40.0,19.82
2023-10-20,Green Onion,Vegetables,15.31,22.97,19.14
2023-10-20,Pear,Fruits,25.0,120.0,57.65
2023-10-20,Wheat,Grains,15.25,66.52,24.72
2023-10-20,Green Hot Pepper,Vegetables,5.0,300.0,47.12
2023-10-20,Grapes,Fruits,20.0,210.0,98.46
2023-10-20,Green Beans,Vegetables,14.0,263.0,58.31
2023-10-20,Apple,Fruits,6.0,210.0,65.41
2023-10-20,Banana,Fruits,4.0,125.0,31.17
2023-10-20,Barley,Grains,14.99,25.0,19.32
2023-10-20,Bell Pepper,Vegetables,4.0,320.8,48.51
2023-10-20,Cabbage,Vegetables,15.68,23.52,19.6
2023-10-20,Cantaloupe,Fruits,5.0,50.0,16.78
2023-10-20,Black pepper,Herbs & Spices,280.0,800.0,581.22
2023-10-20,Coriander Leaves,Herbs & Spices,36.25,54.38,45.32
2023-10-20,Corn,Grains,15.46,23.19,19.33
2023-10-20,Cucumber,Vegetables,3.0,200.8,23.33
2023-10-20,Cumin,Herbs & Spices,300.0,800.0,509.02
2023-10-20,Eggplant,Vegetables,3.0,150.8,25.76
2023-10-20,Garlic,Vegetables,10.0,200.0,98.54
2023-10-20,Ginger,Herbs & Spices,7.0,480.8,93.1
2023-10-20,Carrot,Vegetables,5.0,300.8,35.4
2023-10-21,Onion,Vegetables,22.68,34.02,28.35
2023-10-21,Guava,Fruits,8.0,140.0,48.69
2023-10-21,Lemon,Fruits,5.0,120.0,44.23
2023-10-21,Mango,Fruits,40.0,300.0,100.73
2023-10-21,Mint,Herbs & Spices,13.71,20.56,17.14
2023-10-21,Okra,Vegetables,4.0,215.8,25.57
2023-10-21,Orange,Fruits,5.0,120.0,42.93
2023-10-21,Green Onion,Vegetables,19.11,28.67,23.89
2023-10-21,Pomegranate,Fruits,2.5,260.0,88.19
2023-10-21,Potato,Vegetables,11.45,17.17,14.31
2023-10-21,Rice,Grains,10.0,100.0,32.37
2023-10-21,Tomato,Vegetables,12.24,18.37,15.31
2023-10-21,Turmeric,Herbs & Spices,76.5,260.0,137.09
2023-10-21,Watermelon,Fruits,5.0,50.0,21.58
2023-10-21,Wheat,Grains,15.59,60.0,24.89
2023-10-21,Pear,Fruits,80.0,120.0,100.0
2023-10-21,Green Hot Pepper,Vegetables,5.0,252.8,47.45
2023-10-21,Grapes,Fruits,15.0,220.0,116.3
2023-10-21,Green Beans,Vegetables,10.0,375.8,58.2
2023-10-21,Apple,Fruits,6.0,200.0,62.7
2023-10-21,Banana,Fruits,4.0,87.0,30.11
2023-10-21,Barley,Grains,14.81,23.5,19.16
2023-10-21,Bell Pepper,Vegetables,10.0,375.8,50.08
2023-10-21,Cabbage,Vegetables,2.0,150.8,19.37
2023-10-21,Cantaloupe,Fruits,5.0,106.0,26.25
2023-10-21,Carrot,Vegetables,5.0,372.8,35.32
2023-10-21,Black pepper,Herbs & Spices,497.0,800.0,601.28
2023-10-21,Corn,Grains,15.39,23.09,19.24
2023-10-21,Cucumber,Vegetables,4.0,270.8,24.12
2023-10-21,Cumin,Herbs & Spices,200.0,800.0,489.68
2023-10-21,Eggplant,Vegetables,3.75,168.8,24.88
2023-10-21,Garlic,Vegetables,11.0,540.8,101.72
2023-10-21,Ginger,Herbs & Spices,5.0,600.8,94.52
2023-10-21,Coriander Leaves,Herbs & Spices,37.89,56.84,47.37
2023-10-22,Orange,Fruits,6.0,96.0,38.29
2023-10-22,Lemon,Fruits,10.0,100.0,40.46
2023-10-22,Mango,Fruits,20.0,45.0,37.0
2023-10-22,Mint,Herbs & Spices,11.68,17.51,14.6
2023-10-22,Okra,Vegetables,4.0,80.0,25.56
2023-10-22,Onion,Vegetables,3.0,89.0,26.51
2023-10-22,Pear,Fruits,75.0,85.0,80.0
2023-10-22,Green Hot Pepper,Vegetables,4.5,260.0,52.72
2023-10-22,Potato,Vegetables,3.0,36.0,13.11
2023-10-22,Rice,Grains,10.0,91.0,33.6
2023-10-22,Tomato,Vegetables,11.94,17.9,14.92
2023-10-22,Turmeric,Herbs & Spices,106.4,107.5,106.95
2023-10-22,Watermelon,Fruits,5.0,35.0,17.54
2023-10-22,Wheat,Grains,18.0,36.0,24.15
2023-10-22,Guava,Fruits,12.0,80.0,35.13
2023-10-22,Pomegranate,Fruits,10.0,270.0,81.06
2023-10-22,Green Onion,Vegetables,16.29,24.43,20.36
2023-10-22,Eggplant,Vegetables,3.0,85.0,26.02
2023-10-22,Green Beans,Vegetables,15.0,105.0,51.94
2023-10-22,Apple,Fruits,6.1,200.0,62.18
2023-10-22,Banana,Fruits,4.0,70.0,27.47
2023-10-22,Barley,Grains,16.0,23.0,19.55
2023-10-22,Bell Pepper,Vegetables,10.0,85.0,41.24
2023-10-22,Black pepper,Herbs & Spices,550.0,650.0,600.0
2023-10-22,Cantaloupe,Fruits,5.0,25.0,17.5
2023-10-22,Carrot,Vegetables,5.0,150.0,33.61
2023-10-22,Cabbage,Vegetables,2.0,80.0,17.54
2023-10-22,Corn,Grains,13.0,26.5,19.63
2023-10-22,Cucumber,Vegetables,3.0,80.0,22.68
2023-10-22,Cumin,Herbs & Spices,475.0,521.25,498.1
2023-10-22,Garlic,Vegetables,10.0,195.0,97.41
2023-10-22,Ginger,Herbs & Spices,20.0,160.0,86.2
2023-10-22,Grapes,Fruits,25.0,180.0,113.29
2023-10-22,Coriander Leaves,Herbs & Spices,22.11,33.16,27.64
2023-10-23,Guava,Fruits,6.0,130.0,46.07
2023-10-23,Onion,Vegetables,24.49,36.73,30.61
2023-10-23,Lemon,Fruits,5.0,110.0,44.53
2023-10-23,Mango,Fruits,15.0,85.0,44.5
2023-10-23,Mint,Herbs & Spices,11.53,17.3,14.42
2023-10-23,Okra,Vegetables,5.0,162.8,27.73
2023-10-23,Orange,Fruits,7.0,200.0,46.37
2023-10-23,Rice,Grains,10.0,63.7,34.65
2023-10-23,Pomegranate,Fruits,2.5,205.5,88.77
2023-10-23,Potato,Vegetables,11.68,17.52,14.6
2023-10-23,Tomato,Vegetables,12.92,19.38,16.15
2023-10-23,Turmeric,Herbs & Spices,106.3,260.0,153.4
2023-10-23,Watermelon,Fruits,5.0,50.0,19.26
2023-10-23,Wheat,Grains,18.0,60.0,24.96
2023-10-23,Green Onion,Vegetables,12.67,19.0,15.83
2023-10-23,Pear,Fruits,75.0,85.0,80.0
2023-10-23,Green Hot Pepper,Vegetables,5.0,230.0,49.83
2023-10-23,Apple,Fruits,10.0,200.0,63.37
2023-10-23,Grapes,Fruits,20.0,220.0,116.28
2023-10-23,Banana,Fruits,4.0,125.0,31.85
2023-10-23,Barley,Grains,15.4,22.6,18.71
2023-10-23,Bell Pepper,Vegetables,10.0,280.8,49.05
2023-10-23,Black pepper,Herbs & Spices,497.0,650.0,565.0
2023-10-23,Cabbage,Vegetables,2.5,150.8,19.66
2023-10-23,Cantaloupe,Fruits,5.5,25.0,16.62
2023-10-23,Green Beans,Vegetables,20.0,340.8,61.19
2023-10-23,Carrot,Vegetables,5.0,225.8,35.14
2023-10-23,Corn,Grains,10.0,48.0,19.55
2023-10-23,Cucumber,Vegetables,2.0,300.8,24.66
2023-10-23,Cumin,Herbs & Spices,287.5,610.0,457.8
2023-10-23,Eggplant,Vegetables,4.0,150.8,25.82
2023-10-23,Garlic,Vegetables,20.0,950.8,106.73
2023-10-23,Ginger,Herbs & Spices,10.0,600.8,91.92
2023-10-23,Coriander Leaves,Herbs & Spices,30.9,46.36,38.63
2023-10-24,Okra,Vegetables,5.0,135.8,26.55
2023-10-24,Mint,Herbs & Spices,12.5,18.75,15.62
2023-10-24,Guava,Fruits,8.0,130.0,37.62
2023-10-24,Lemon,Fruits,10.0,100.0,41.81
2023-10-24,Onion,Vegetables,2.0,200.8,30.42
2023-10-24,Mango,Fruits,40.0,98.0,58.71
2023-10-24,Orange,Fruits,3.0,800.0,43.06
2023-10-24,Green Onion,Vegetables,18.28,27.42,22.85
2023-10-24,Pomegranate,Fruits,2.5,275.0,86.63
2023-10-24,Potato,Vegetables,11.23,16.84,14.03
2023-10-24,Rice,Grains,10.0,60.0,31.49
2023-10-24,Tomato,Vegetables,2.0,125.8,16.18
2023-10-24,Turmeric,Herbs & Spices,100.01,120.01,108.4
2023-10-24,Watermelon,Fruits,5.0,30.0,18.89
2023-10-24,Wheat,Grains,18.5,60.0,24.64
2023-10-24,Pear,Fruits,60.0,80.0,70.0
2023-10-24,Green Hot Pepper,Vegetables,5.0,250.0,48.5
2023-10-24,Apple,Fruits,10.0,195.0,66.46
2023-10-24,Grapes,Fruits,25.0,250.0,101.29
2023-10-24,Green Beans,Vegetables,11.0,255.8,57.6
2023-10-24,Banana,Fruits,4.0,126.0,31.03
2023-10-24,Barley,Grains,14.16,23.3,19.69
2023-10-24,Bell Pepper,Vegetables,10.0,280.8,47.75
2023-10-24,Cabbage,Vegetables,2.0,125.8,19.41
2023-10-24,Cantaloupe,Fruits,10.0,50.0,22.32
2023-10-24,Carrot,Vegetables,5.0,225.8,34.09
2023-10-24,Black pepper,Herbs & Spices,497.0,650.0,582.32
2023-10-24,Corn,Grains,10.0,60.0,20.9
2023-10-24,Cucumber,Vegetables,3.0,250.8,23.97
2023-10-24,Cumin,Herbs & Spices,430.0,520.0,475.0
2023-10-24,Eggplant,Vegetables,4.0,150.8,24.58
2023-10-24,Garlic,Vegetables,15.0,760.8,100.71
2023-10-24,Ginger,Herbs & Spices,7.0,480.8,94.12
2023-10-24,Coriander Leaves,Herbs & Spices,29.91,44.86,37.38
2023-10-25,Onion,Vegetables,25.78,38.67,32.22
2023-10-25,Guava,Fruits,6.0,130.0,45.41
2023-10-25,Lemon,Fruits,5.0,120.0,43.48
2023-10-25,Mango,Fruits,55.0,300.0,110.22
2023-10-25,Mint,Herbs & Spices,6.0,70.0,27.33
2023-10-25,Okra,Vegetables,3.5,385.8,27.61
2023-10-25,Orange,Fruits,5.0,200.0,46.78
2023-10-25,Watermelon,Fruits,3.0,35.12,19.07
2023-10-25,Pomegranate,Fruits,5.0,250.0,89.08
2023-10-25,Potato,Vegetables,11.57,17.36,14.46
2023-10-25,Rice,Grains,10.0,75.0,32.27
2023-10-25,Tomato,Vegetables,13.03,19.55,16.29
2023-10-25,Turmeric,Herbs & Spices,20.0,160.0,98.25
2023-10-25,Green Onion,Vegetables,18.38,27.57,22.98
2023-10-25,Wheat,Grains,16.0,60.0,25.04
2023-10-25,Pear,Fruits,70.0,80.0,75.0
2023-10-25,Green Hot Pepper,Vegetables,6.0,260.0,48.54
2023-10-25,Eggplant,Vegetables,3.0,165.8,24.48
2023-10-25,Grapes,Fruits,20.0,200.0,92.88
2023-10-25,Apple,Fruits,5.0,200.0,62.87
2023-10-25,Banana,Fruits,4.5,95.0,31.62
2023-10-25,Barley,Grains,15.5,23.3,18.94
2023-10-25,Green Beans,Vegetables,12.0,340.8,56.13
2023-10-25,Black pepper,Herbs & Spices,280.0,780.0,568.34
2023-10-25,Cabbage,Vegetables,2.0,138.0,19.85
2023-10-25,Cantaloupe,Fruits,5.0,88.0,27.26
2023-10-25,Bell Pepper,Vegetables,10.0,315.8,49.11
2023-10-25,Coriander Leaves,Herbs & Spices,33.56,50.34,41.95
2023-10-25,Corn,Grains,15.85,23.78,19.82
2023-10-25,Cucumber,Vegetables,3.0,300.8,24.04
2023-10-25,Cumin,Herbs & Spices,255.0,567.5,445.16
2023-10-25,Garlic,Vegetables,13.0,950.8,104.74
2023-10-25,Ginger,Herbs & Spices,13.51,320.0,93.8
2023-10-25,Carrot,Vegetables,5.0,203.0,34.79
2023-10-26,Onion,Vegetables,2.0,200.8,33.55
2023-10-26,Guava,Fruits,8.0,130.0,43.97
2023-10-26,Lemon,Fruits,5.0,120.0,44.56
2023-10-26,Mango,Fruits,20.0,300.0,89.23
2023-10-26,Mint,Herbs & Spices,17.52,26.28,21.9
2023-10-26,Okra,Vegetables,3.0,150.0,26.04
2023-10-26,Orange,Fruits,5.0,200.0,43.95
2023-10-26,Grapes,Fruits,20.0,200.0,103.0
2023-10-26,Pomegranate,Fruits,2.5,300.0,87.27
2023-10-26,Potato,Vegetables,11.72,17.57,14.64
2023-10-26,Rice,Grains,10.0,91.0,32.71
2023-10-26,Tomato,Vegetables,13.52,20.28,16.9
2023-10-26,Turmeric,Herbs & Spices,45.27,260.0,108.63
2023-10-26,Watermelon,Fruits,3.0,36.34,18.4
2023-10-26,Wheat,Grains,14.0,60.0,25.45
2023-10-26,Pear,Fruits,60.0,85.0,72.0
2023-10-26,Green Onion,Vegetables,17.63,26.45,22.04
2023-10-26,Cumin,Herbs & Spices,225.0,800.0,455.65
2023-10-26,Green Beans,Vegetables,9.0,298.0,55.06
2023-10-26,Apple,Fruits,10.0,200.0,67.65
2023-10-26,Banana,Fruits,25.23,37.85,31.54
2023-10-26,Barley,Grains,15.0,23.3,19.22
2023-10-26,Bell Pepper,Vegetables,4.0,280.8,47.42
2023-10-26,Cabbage,Vegetables,2.0,125.8,19.16
2023-10-26,Cantaloupe,Fruits,5.0,50.0,17.82
2023-10-26,Carrot,Vegetables,27.35,41.02,34.18
2023-10-26,Black pepper,Herbs & Spices,280.0,800.0,553.41
2023-10-26,Corn,Grains,15.87,23.81,19.84
2023-10-26,Cucumber,Vegetables,3.0,275.8,23.77
2023-10-26,Green Hot Pepper,Vegetables,5.0,220.0,47.55
2023-10-26,Eggplant,Vegetables,2.6,150.8,24.62
2023-10-26,Garlic,Vegetables,10.0,855.8,103.16
2023-10-26,Ginger,Herbs & Spices,10.0,540.8,95.97
2023-10-26,Coriander Leaves,Herbs & Spices,27.84,41.76,34.8
2023-10-27,Onion,Vegetables,30.11,45.16,37.63
2023-10-27,Guava,Fruits,8.0,130.0,44.85
2023-10-27,Lemon,Fruits,6.0,125.0,44.03
2023-10-27,Mango,Fruits,40.0,110.0,59.14
2023-10-27,Mint,Herbs & Spices,14.68,22.02,18.35
2023-10-27,Okra,Vegetables,4.0,122.0,26.38
2023-10-27,Orange,Fruits,4.0,200.0,45.14
2023-10-27,Wheat,Grains,15.5,53.0,25.48
2023-10-27,Pomegranate,Fruits,2.5,280.0,88.24
2023-10-27,Potato,Vegetables,11.6,17.4,14.5
2023-10-27,Rice,Grains,10.0,95.0,32.66
2023-10-27,Tomato,Vegetables,13.92,20.88,17.4
2023-10-27,Turmeric,Herbs & Spices,18.0,220.0,99.08
2023-10-27,Watermelon,Fruits,5.0,35.0,18.23
2023-10-27,Green Onion,Vegetables,18.35,27.52,22.94
2023-10-27,Pear,Fruits,15.0,80.0,45.0
2023-10-27,Green Hot Pepper,Vegetables,5.0,300.0,46.15
2023-10-27,Green Beans,Vegetables,8.0,255.8,54.37
2023-10-27,Grapes,Fruits,20.0,220.0,100.16
2023-10-27,Banana,Fruits,5.5,95.0,31.59
2023-10-27,Barley,Grains,15.0,23.55,19.05
2023-10-27,Bell Pepper,Vegetables,10.0,245.8,46.8
2023-10-27,Black pepper,Herbs & Spices,280.0,650.0,552.58
2023-10-27,Cabbage,Vegetables,15.13,22.7,18.92
2023-10-27,Cantaloupe,Fruits,5.0,87.0,27.46
2023-10-27,Carrot,Vegetables,2.0,160.0,34.31
2023-10-27,Apple,Fruits,4.5,220.0,64.57
2023-10-27,Corn,Grains,16.12,24.18,20.15
2023-10-27,Cucumber,Vegetables,3.0,250.8,23.79
2023-10-27,Cumin,Herbs & Spices,120.09,510.0,384.16
2023-10-27,Eggplant,Vegetables,19.18,28.78,23.98
2023-10-27,Garlic,Vegetables,6.0,760.8,105.12
2023-10-27,Ginger,Herbs & Spices,13.68,480.8,94.84
2023-10-27,Coriander Leaves,Herbs & Spices,29.01,43.52,36.27
2023-10-28,Guava,Fruits,8.0,130.0,40.0
2023-10-28,Lemon,Fruits,7.0,125.0,44.41
2023-10-28,Mango,Fruits,20.0,300.0,84.59
2023-10-28,Mint,Herbs & Spices,18.56,27.84,23.2
2023-10-28,Okra,Vegetables,4.0,165.8,26.68
2023-10-28,Onion,Vegetables,30.82,46.23,38.52
2023-10-28,Orange,Fruits,4.5,100.0,43.43
2023-10-28,Wheat,Grains,18.9,60.0,25.0
2023-10-28,Pomegranate,Fruits,2.5,280.0,84.51
2023-10-28,Rice,Grains,10.0,91.0,31.27
2023-10-28,Tomato,Vegetables,14.82,22.23,18.53
2023-10-28,Turmeric,Herbs & Spices,61.1,260.0,126.7
2023-10-28,Watermelon,Fruits,5.0,35.0,16.09
2023-10-28,Green Onion,Vegetables,18.61,27.92,23.27
2023-10-28,Pear,Fruits,15.0,41.4,30.0
2023-10-28,Green Hot Pepper,Vegetables,5.0,300.0,47.95
2023-10-28,Potato,Vegetables,11.52,17.27,14.39
2023-10-28,Grapes,Fruits,25.0,200.0,99.66
2023-10-28,Green Beans,Vegetables,10.0,320.8,55.19
2023-10-28,Banana,Fruits,4.0,121.0,32.06
2023-10-28,Barley,Grains,14.0,25.0,19.35
2023-10-28,Bell Pepper,Vegetables,8.0,320.8,47.48
2023-10-28,Black pepper,Herbs & Spices,280.0,650.0,562.35
2023-10-28,Cabbage,Vegetables,15.46,23.19,19.33
2023-10-28,Cantaloupe,Fruits,5.0,50.0,22.78
2023-10-28,Apple,Fruits,5.0,220.0,62.62
2023-10-28,Coriander Leaves,Herbs & Spices,27.04,40.55,33.79
2023-10-28,Carrot,Vegetables,5.0,250.8,35.58
2023-10-28,Garlic,Vegetables,4.7,1140.8,104.06
2023-10-28,Eggplant,Vegetables,3.0,82.0,23.69
2023-10-28,Ginger,Herbs & Spices,15.0,650.8,95.22
2023-10-28,Cucumber,Vegetables,3.0,420.8,24.58
2023-10-28,Corn,Grains,10.5,48.0,20.16
2023-10-28,Cumin,Herbs & Spices,250.0,800.0,457.18
2023-10-29,Guava,Fruits,8.0,60.0,29.74
2023-10-29,Lemon,Fruits,12.0,100.0,42.72
2023-10-29,Mango,Fruits,20.0,60.0,41.5
2023-10-29,Mint,Herbs & Spices,8.62,12.94,10.78
2023-10-29,Okra,Vegetables,4.0,80.0,26.8
2023-10-29,Onion,Vegetables,5.0,470.0,40.35
2023-10-29,Pear,Fruits,65.0,85.0,75.0
2023-10-29,Pomegranate,Fruits,10.0,255.0,83.61
2023-10-29,Rice,Grains,10.0,91.0,31.85
2023-10-29,Tomato,Vegetables,14.64,21.96,18.3
2023-10-29,Watermelon,Fruits,6.0,40.0,17.91
2023-10-29,Wheat,Grains,15.0,34.0,24.4
2023-10-29,Green Onion,Vegetables,20.37,30.55,25.46
2023-10-29,Orange,Fruits,4.5,110.0,32.23
2023-10-29,Green Hot Pepper,Vegetables,5.0,300.0,48.6
2023-10-29,Potato,Vegetables,3.0,50.0,13.86
2023-10-29,Grapes,Fruits,25.0,143.5,73.67
2023-10-29,Green Beans,Vegetables,10.0,80.0,47.74
2023-10-29,Apple,Fruits,5.9,200.0,65.47
2023-10-29,Banana,Fruits,4.0,70.0,27.22
2023-10-29,Barley,Grains,16.0,23.0,19.17
2023-10-29,Black pepper,Herbs & Spices,497.0,650.0,577.5
2023-10-29,Cabbage,Vegetables,13.71,20.57,17.14
2023-10-29,Cantaloupe,Fruits,5.5,25.0,10.96
2023-10-29,Bell Pepper,Vegetables,10.0,100.0,38.47
2023-10-29,Coriander Leaves,Herbs & Spices,21.34,32.01,26.67
2023-10-29,Corn,Grains,13.0,25.4,19.84
2023-10-29,Cucumber,Vegetables,4.0,71.0,22.22
2023-10-29,Eggplant,Vegetables,3.0,82.0,24.35
2023-10-29,Garlic,Vegetables,15.0,220.0,92.75
2023-10-29,Ginger,Herbs & Spices,18.0,254.0,88.06
2023-10-29,Carrot,Vegetables,5.0,120.0,33.27
2023-10-30,Onion,Vegetables,3.0,295.8,42.71
2023-10-30,Guava,Fruits,8.0,130.0,43.55
2023-10-30,Lemon,Fruits,7.0,120.0,42.38
2023-10-30,Mango,Fruits,73.0,300.0,122.42
2023-10-30,Mint,Herbs & Spices,10.19,15.29,12.74
2023-10-30,Okra,Vegetables,3.0,156.0,27.13
2023-10-30,Orange,Fruits,4.5,200.0,40.99
2023-10-30,Watermelon,Fruits,4.0,50.0,18.31
2023-10-30,Pomegranate,Fruits,2.5,250.0,88.78
2023-10-30,Potato,Vegetables,11.75,17.62,14.68
2023-10-30,Rice,Grains,10.0,100.0,33.6
2023-10-30,Tomato,Vegetables,15.82,23.74,19.78
2023-10-30,Turmeric,Herbs & Spices,45.27,220.0,103.42
2023-10-30,Green Onion,Vegetables,17.82,26.73,22.28
2023-10-30,Wheat,Grains,15.19,60.0,25.49
2023-10-30,Pear,Fruits,60.0,75.0,67.0
2023-10-30,Green Hot Pepper,Vegetables,5.0,300.0,46.13
2023-10-30,Eggplant,Vegetables,3.0,158.0,23.72
2023-10-30,Grapes,Fruits,20.0,300.0,89.59
2023-10-30,Apple,Fruits,5.0,185.0,62.25
2023-10-30,Banana,Fruits,4.0,96.0,31.15
2023-10-30,Barley,Grains,15.5,29.0,19.3
2023-10-30,Green Beans,Vegetables,15.0,280.8,55.75
2023-10-30,Black pepper,Herbs & Spices,280.0,700.0,560.5
2023-10-30,Cabbage,Vegetables,15.02,22.54,18.78
2023-10-30,Cantaloupe,Fruits,4.0,62.5,20.4
2023-10-30,Bell Pepper,Vegetables,8.0,280.8,47.83
2023-10-30,Coriander Leaves,Herbs & Spices,28.47,42.7,35.58
2023-10-30,Corn,Grains,16.25,24.37,20.31
2023-10-30,Cucumber,Vegetables,2.0,385.8,24.33
2023-10-30,Cumin,Herbs & Spices,210.05,605.0,416.24
2023-10-30,Garlic,Vegetables,10.0,1045.8,107.86
2023-10-30,Ginger,Herbs & Spices,8.0,585.8,96.53
2023-10-30,Carrot,Vegetables,2.0,225.8,35.43
2023-10-31,Onion,Vegetables,35.94,53.91,44.93
2023-10-31,Guava,Fruits,36.2,54.3,45.25
2023-10-31,Lemon,Fruits,8.0,140.0,44.66
2023-10-31,Mango,Fruits,40.0,300.0,89.73
2023-10-31,Mint,Herbs & Spices,11.57,17.35,14.46
2023-10-31,Okra,Vegetables,5.0,132.8,26.91
2023-10-31,Orange,Fruits,5.0,200.0,45.64
2023-10-31,Green Onion,Vegetables,18.04,27.07,22.56
2023-10-31,Pomegranate,Fruits,2.5,255.0,91.82
2023-10-31,Potato,Vegetables,11.75,17.62,14.68
2023-10-31,Tomato,Vegetables,15.67,23.51,19.59
2023-10-31,Turmeric,Herbs & Spices,48.89,260.0,106.5
2023-10-31,Watermelon,Fruits,14.76,22.14,18.45
2023-10-31,Wheat,Grains,16.5,60.0,25.53
2023-10-31,Pear,Fruits,60.0,75.0,67.0
2023-10-31,Green Hot Pepper,Vegetables,5.0,300.0,43.11
2023-10-31,Rice,Grains,10.0,91.0,32.37
2023-10-31,Grapes,Fruits,20.0,200.0,92.54
2023-10-31,Banana,Fruits,24.83,37.24,31.04
2023-10-31,Barley,Grains,14.0,23.6,19.16
2023-10-31,Bell Pepper,Vegetables,5.0,240.8,43.69
2023-10-31,Green Beans,Vegetables,10.0,240.8,51.69
2023-10-31,Black pepper,Herbs & Spices,280.0,800.0,568.21
2023-10-31,Cabbage,Vegetables,15.1,22.64,18.87
2023-10-31,Cantaloupe,Fruits,5.0,50.0,19.1
2023-10-31,Apple,Fruits,4.5,200.0,64.74
2023-10-31,Coriander Leaves,Herbs & Spices,24.46,36.7,30.58
2023-10-31,Corn,Grains,12.0,48.0,20.15
2023-10-31,Cucumber,Vegetables,3.0,350.8,24.39
2023-10-31,Cumin,Herbs & Spices,225.05,800.0,431.93
2023-10-31,Eggplant,Vegetables,2.0,140.8,23.49
2023-10-31,Garlic,Vegetables,5.0,950.8,104.31
2023-10-31,Ginger,Herbs & Spices,14.1,520.8,96.17
2023-10-31,Carrot,Vegetables,5.0,200.8,35.53
2023-11-01,Guava,Fruits,8.0,130.0,41.77
2023-11-01,Lemon,Fruits,6.0,122.0,43.01
2023-11-01,Mango,Fruits,20.0,300.0,93.36
2023-11-01,Mint,Herbs & Spices,5.0,50.0,21.75
2023-11-01,Okra,Vegetables,4.0,168.8,28.43
2023-11-01,Onion,Vegetables,35.4,53.1,44.25
2023-11-01,Orange,Fruits,5.0,142.5,43.12
2023-11-01,Tomato,Vegetables,16.51,24.76,20.64
2023-11-01,Potato,Vegetables,11.94,17.9,14.92
2023-11-01,Rice,Grains,10.0,85.0,32.76
2023-11-01,Turmeric,Herbs & Spices,52.6,260.0,104.72
2023-11-01,Watermelon,Fruits,3.0,50.0,19.4
2023-11-01,Wheat,Grains,18.0,60.0,25.5
2023-11-01,Green Onion,Vegetables,19.56,29.33,24.45
2023-11-01,Pomegranate,Fruits,4.0,375.0,95.14
2023-11-01,Green Hot Pepper,Vegetables,5.0,300.0,46.74
2023-11-01,Grapes,Fruits,24.0,200.0,94.96
2023-11-01,Apple,Fruits,4.5,210.0,65.02
2023-11-01,Green Beans,Vegetables,7.0,360.8,55.45
2023-11-01,Banana,Fruits,4.0,121.0,31.45
2023-11-01,Barley,Grains,15.0,23.5,19.01
2023-11-01,Bell Pepper,Vegetables,9.0,315.8,43.97
2023-11-01,Cabbage,Vegetables,15.59,23.38,19.48
2023-11-01,Cantaloupe,Fruits,5.0,45.0,19.82
2023-11-01,Carrot,Vegetables,5.0,312.8,35.87
2023-11-01,Black pepper,Herbs & Spices,497.0,800.0,592.03
2023-11-01,Corn,Grains,12.45,48.0,20.52
2023-11-01,Cucumber,Vegetables,3.0,480.8,24.58
2023-11-01,Cumin,Herbs & Spices,150.0,800.0,402.08
2023-11-01,Eggplant,Vegetables,2.0,150.8,23.11
2023-11-01,Garlic,Vegetables,10.0,950.8,111.27
2023-11-01,Ginger,Herbs & Spices,12.0,650.8,97.46
2023-11-01,Coriander Leaves,Herbs & Spices,25.3,37.94,31.62
2023-11-02,Onion,Vegetables,35.28,52.92,44.1
2023-11-02,Guava,Fruits,8.0,125.0,39.14
2023-11-02,Lemon,Fruits,5.0,140.0,42.65
2023-11-02,Mango,Fruits,20.0,300.0,90.47
2023-11-02,Mint,Herbs & Spices,35.79,53.69,44.74
2023-11-02,Okra,Vegetables,3.5,154.8,27.33
2023-11-02,Orange,Fruits,5.0,200.0,43.65
2023-11-02,Green Onion,Vegetables,17.93,26.9,22.42
2023-11-02,Pomegranate,Fruits,2.5,250.0,88.5
2023-11-02,Potato,Vegetables,11.7,17.54,14.62
2023-11-02,Rice,Grains,10.0,80.0,33.32
2023-11-02,Tomato,Vegetables,2.0,121.8,20.77
2023-11-02,Turmeric,Herbs & Spices,45.27,260.0,108.15
2023-11-02,Wheat,Grains,14.0,60.0,25.67
2023-11-02,Pear,Fruits,60.0,75.0,67.0
2023-11-02,Green Hot Pepper,Vegetables,5.0,400.0,44.78
2023-11-02,Watermelon,Fruits,3.0,50.0,18.35
2023-11-02,Grapes,Fruits,15.0,200.0,95.51
2023-11-02,Green Beans,Vegetables,10.0,320.8,54.5
2023-11-02,Banana,Fruits,4.0,120.0,31.87
2023-11-02,Barley,Grains,15.72,23.3,18.99
2023-11-02,Bell Pepper,Vegetables,6.0,280.8,41.36
2023-11-02,Black pepper,Herbs & Spices,275.0,800.0,571.09
2023-11-02,Cabbage,Vegetables,2.0,138.0,18.39
2023-11-02,Cantaloupe,Fruits,5.0,100.0,25.44
2023-11-02,Apple,Fruits,5.5,200.0,63.14
2023-11-02,Coriander Leaves,Herbs & Spices,25.77,38.65,32.21
2023-11-02,Corn,Grains,16.39,24.58,20.49
2023-11-02,Cucumber,Vegetables,3.0,440.8,23.83
2023-11-02,Cumin,Herbs & Spices,195.05,800.0,400.32
2023-11-02,Eggplant,Vegetables,2.0,140.0,22.3
2023-11-02,Garlic,Vegetables,5.0,855.8,109.31
2023-11-02,Ginger,Herbs & Spices,16.0,585.8,95.35
2023-11-02,Carrot,Vegetables,4.0,286.8,32.19
2023-11-03,Guava,Fruits,8.0,4000.0,86.37
2023-11-03,Lemon,Fruits,5.0,128.0,42.85
2023-11-03,Mango,Fruits,58.0,300.0,103.23
2023-11-03,Mint,Herbs & Spices,18.09,27.13,22.61
2023-11-03,Okra,Vegetables,4.0,140.8,26.57
2023-11-03,Onion,Vegetables,34.57,51.85,43.21
2023-11-03,Orange,Fruits,5.0,200.0,45.74
2023-11-03,Rice,Grains,7.0,91.0,33.01
2023-11-03,Pomegranate,Fruits,4.0,370.0,88.69
2023-11-03,Potato,Vegetables,11.7,17.54,14.62
2023-11-03,Tomato,Vegetables,2.0,110.8,20.4
2023-11-03,Turmeric,Herbs & Spices,40.12,260.0,109.04
2023-11-03,Green Onion,Vegetables,17.81,26.72,22.27
2023-11-03,Wheat,Grains,15.0,60.0,25.51
2023-11-03,Pear,Fruits,60.0,75.0,67.0
2023-11-03,Green Hot Pepper,Vegetables,5.0,300.0,42.0
2023-11-03,Watermelon,Fruits,3.0,50.0,19.15
2023-11-03,Grapes,Fruits,2.8,200.0,92.55
2023-11-03,Apple,Fruits,4.5,220.0,62.92
2023-11-03,Banana,Fruits,4.0,92.0,30.37
2023-11-03,Barley,Grains,14.81,23.4,19.16
2023-11-03,Bell Pepper,Vegetables,5.0,245.8,38.8
2023-11-03,Black pepper,Herbs & Spices,280.0,650.0,547.79
2023-11-03,Cabbage,Vegetables,14.36,21.55,17.96
2023-11-03,Cantaloupe,Fruits,5.0,65.0,25.04
2023-11-03,Green Beans,Vegetables,8.0,280.8,53.28
2023-11-03,Coriander Leaves,Herbs & Spices,22.15,33.22,27.68
2023-11-03,Corn,Grains,16.31,24.46,20.39
2023-11-03,Cucumber,Vegetables,2.0,400.8,23.02
2023-11-03,Cumin,Herbs & Spices,195.05,800.0,380.84
2023-11-03,Eggplant,Vegetables,2.0,125.8,21.35
2023-11-03,Garlic,Vegetables,5.0,760.8,106.86
2023-11-03,Ginger,Herbs & Spices,11.0,520.8,94.8
2023-11-03,Carrot,Vegetables,5.0,208.8,31.7
2023-11-04,Green Onion,Vegetables,20.02,30.03,25.02
2023-11-04,Guava,Fruits,7.5,110.0,35.79
2023-11-04,Lemon,Fruits,5.0,130.0,43.26
2023-11-04,Mango,Fruits,63.0,300.0,105.95
2023-11-04,Mint,Herbs & Spices,13.75,20.62,17.18
2023-11-04,Okra,Vegetables,2.5,168.8,26.47
2023-11-04,Onion,Vegetables,34.58,51.87,43.23
2023-11-04,Rice,Grains,10.0,70.0,32.13
2023-11-04,Pomegranate,Fruits,2.5,230.0,85.62
2023-11-04,Potato,Vegetables,11.5,17.26,14.38
2023-11-04,Tomato,Vegetables,2.0,192.8,20.68
2023-11-04,Turmeric,Herbs & Spices,60.0,220.0,108.64
2023-11-04,Watermelon,Fruits,5.0,50.0,18.38
2023-11-04,Green Hot Pepper,Vegetables,5.0,300.0,43.56
2023-11-04,Orange,Fruits,10.0,140.0,41.45
2023-11-04,Wheat,Grains,14.81,56.89,25.53
2023-11-04,Grapes,Fruits,20.0,300.0,94.87
2023-11-04,Ginger,Herbs & Spices,16.0,700.8,92.79
2023-11-04,Green Beans,Vegetables,8.0,400.8,55.22
2023-11-04,Apple,Fruits,5.9,200.0,62.34
2023-11-04,Banana,Fruits,4.0,200.0,31.61
2023-11-04,Barley,Grains,12.01,23.5,18.93
2023-11-04,Bell Pepper,Vegetables,6.0,350.8,39.24
2023-11-04,Cabbage,Vegetables,14.52,21.77,18.15
2023-11-04,Cantaloupe,Fruits,5.0,45.0,21.55
2023-11-04,Black pepper,Herbs & Spices,280.0,650.0,555.12
2023-11-04,Coriander Leaves,Herbs & Spices,23.93,35.89,29.91
2023-11-04,Corn,Grains,16.38,24.56,20.47
2023-11-04,Cucumber,Vegetables,3.0,360.8,22.53
2023-11-04,Cumin,Herbs & Spices,138.19,445.0,345.33
2023-11-04,Eggplant,Vegetables,2.0,168.8,21.46
2023-11-04,Garlic,Vegetables,5.0,1140.8,107.43
2023-11-04,Carrot,Vegetables,4.0,300.8,31.97
2023-11-05,Onion,Vegetables,33.2,49.8,41.5
2023-11-05,Lemon,Fruits,10.0,125.0,41.89
2023-11-05,Mango,Fruits,40.0,100.0,71.67
2023-11-05,Mint,Herbs & Spices,10.0,50.0,23.67
2023-11-05,Okra,Vegetables,2.0,90.0,26.12
2023-11-05,Orange,Fruits,5.0,94.0,31.59
2023-11-05,Guava,Fruits,8.0,60.0,25.57
2023-11-05,Potato,Vegetables,3.0,40.0,12.78
2023-11-05,Rice,Grains,22.5,91.5,32.82
2023-11-05,Tomato,Vegetables,2.0,90.0,20.57
2023-11-05,Turmeric,Herbs & Spices,106.7,108.0,107.3
2023-11-05,Watermelon,Fruits,3.0,50.0,22.33
2023-11-05,Wheat,Grains,18.0,35.0,24.33
2023-11-05,Pomegranate,Fruits,25.0,230.0,82.58
2023-11-05,Green Onion,Vegetables,8.0,50.0,28.12
2023-11-05,Green Hot Pepper,Vegetables,5.0,300.0,43.64
2023-11-05,Green Beans,Vegetables,8.0,84.0,49.04
2023-11-05,Apple,Fruits,6.4,180.0,60.75
2023-11-05,Banana,Fruits,4.0,72.0,27.28
2023-11-05,Barley,Grains,16.0,23.0,19.04
2023-11-05,Bell Pepper,Vegetables,8.0,80.0,34.14
2023-11-05,Cabbage,Vegetables,14.71,22.06,18.38
2023-11-05,Cantaloupe,Fruits,6.0,12.0,8.0
2023-11-05,Carrot,Vegetables,5.0,120.0,30.29
2023-11-05,Black pepper,Herbs & Spices,497.0,650.0,556.67
2023-11-05,Corn,Grains,13.01,25.5,20.09
2023-11-05,Cucumber,Vegetables,4.0,60.0,21.91
2023-11-05,Eggplant,Vegetables,17.32,25.98,21.65
2023-11-05,Garlic,Vegetables,15.0,200.0,89.96
2023-11-05,Ginger,Herbs & Spices,18.1,210.0,83.5
2023-11-05,Grapes,Fruits,25.0,125.0,71.6
2023-11-05,Coriander Leaves,Herbs & Spices,7.0,60.0,25.19
2023-11-06,Orange,Fruits,5.0,200.0,44.95
2023-11-06,Lemon,Fruits,33.65,50.48,42.07
2023-11-06,Mango,Fruits,20.0,300.0,96.68
2023-11-06,Mint,Herbs & Spices,11.65,17.47,14.56
2023-11-06,Okra,Vegetables,2.0,140.8,26.98
2023-11-06,Onion,Vegetables,33.34,50.01,41.68
2023-11-06,Pear,Fruits,50.0,75.0,62.0
2023-11-06,Green Beans,Vegetables,10.0,360.8,53.07
2023-11-06,Potato,Vegetables,11.55,17.32,14.44
2023-11-06,Rice,Grains,10.0,70.0,33.31
2023-11-06,Tomato,Vegetables,2.0,160.8,21.39
2023-11-06,Turmeric,Herbs & Spices,21.0,143.69,100.52
2023-11-06,Watermelon,Fruits,13.4,20.1,16.75
2023-11-06,Wheat,Grains,16.0,60.39,25.69
2023-11-06,Guava,Fruits,5.0,110.0,35.77
2023-11-06,Pomegranate,Fruits,3.5,240.0,86.05
2023-11-06,Green Onion,Vegetables,17.9,26.85,22.38
2023-11-06,Eggplant,Vegetables,16.91,25.37,21.14
2023-11-06,Cabbage,Vegetables,14.89,22.33,18.61
2023-11-06,Banana,Fruits,4.0,119.0,30.9
2023-11-06,Barley,Grains,12.5,48.5,19.67
2023-11-06,Bell Pepper,Vegetables,6.0,315.8,38.43
2023-11-06,Black pepper,Herbs & Spices,280.0,650.0,557.19
2023-11-06,Green Hot Pepper,Vegetables,3.0,300.0,41.68
2023-11-06,Cantaloupe,Fruits,15.5,23.25,19.38
2023-11-06,Carrot,Vegetables,3.0,250.8,32.07
2023-11-06,Coriander Leaves,Herbs & Spices,23.46,35.19,29.32
2023-11-06,Corn,Grains,12.0,49.4,20.82
2023-11-06,Cucumber,Vegetables,2.0,300.8,22.81
2023-11-06,Cumin,Herbs & Spices,200.0,800.0,395.59
2023-11-06,Garlic,Vegetables,5.0,950.8,110.27
2023-11-06,Ginger,Herbs & Spices,15.0,400.0,92.61
2023-11-06,Grapes,Fruits,15.0,250.0,100.88
2023-11-06,Apple,Fruits,5.0,220.0,63.53
2023-11-07,Okra,Vegetables,3.0,126.8,26.76
2023-11-07,Mint,Herbs & Spices,13.06,19.59,16.33
2023-11-07,Guava,Fruits,8.0,125.0,35.14
2023-11-07,Lemon,Fruits,5.0,125.0,41.2
2023-11-07,Onion,Vegetables,33.14,49.71,41.42
2023-11-07,Mango,Fruits,15.0,300.0,91.53
2023-11-07,Orange,Fruits,5.0,200.0,44.54
2023-11-07,Wheat,Grains,18.0,61.19,25.76
2023-11-07,Pomegranate,Fruits,2.5,350.0,87.97
2023-11-07,Potato,Vegetables,11.65,17.48,14.56
2023-11-07,Tomato,Vegetables,2.0,144.8,21.53
2023-11-07,Turmeric,Herbs & Spices,51.0,220.0,110.69
2023-11-07,Watermelon,Fruits,3.0,40.0,17.39
2023-11-07,Green Onion,Vegetables,16.66,24.99,20.83
2023-11-07,Pear,Fruits,60.0,80.0,70.0
2023-11-07,Green Hot Pepper,Vegetables,5.0,270.0,40.63
2023-11-07,Rice,Grains,10.0,100.0,33.71
2023-11-07,Grapes,Fruits,23.0,200.0,96.87
2023-11-07,Green Beans,Vegetables,10.0,320.8,52.34
2023-11-07,Banana,Fruits,4.0,72.0,30.35
2023-11-07,Barley,Grains,13.0,30.0,19.37
2023-11-07,Bell Pepper,Vegetables,5.0,280.8,36.13
2023-11-07,Black pepper,Herbs & Spices,280.0,750.0,555.57
2023-11-07,Cabbage,Vegetables,14.4,21.61,18.01
2023-11-07,Cantaloupe,Fruits,22.78,34.16,28.47
2023-11-07,Apple,Fruits,3.5,220.0,63.03
2023-11-07,Coriander Leaves,Herbs & Spices,22.17,33.26,27.72
2023-11-07,Corn,Grains,16.42,24.63,20.53
2023-11-07,Cucumber,Vegetables,2.0,270.8,22.1
2023-11-07,Cumin,Herbs & Spices,272.5,700.0,402.87
2023-11-07,Eggplant,Vegetables,2.0,126.8,20.09
2023-11-07,Garlic,Vegetables,2.0,855.8,109.05
2023-11-07,Carrot,Vegetables,24.74,37.11,30.93
2023-11-07,Ginger,Herbs & Spices,8.7,630.8,91.86
2023-11-08,Guava,Fruits,8.0,125.0,36.85
2023-11-08,Lemon,Fruits,5.0,125.0,41.21
2023-11-08,Mango,Fruits,20.0,100.0,77.89
2023-11-08,Mint,Herbs & Spices,17.28,25.92,21.6
2023-11-08,Okra,Vegetables,4.0,168.8,26.87
2023-11-08,Onion,Vegetables,33.84,50.75,42.29
2023-11-08,Orange,Fruits,5.0,200.0,45.12
2023-11-08,Rice,Grains,10.0,88.0,33.62
2023-11-08,Pomegranate,Fruits,2.5,350.0,84.38
2023-11-08,Tomato,Vegetables,2.0,192.8,22.51
2023-11-08,Turmeric,Herbs & Spices,20.0,220.0,100.81
2023-11-08,Watermelon,Fruits,3.0,50.0,18.05
2023-11-08,Green Onion,Vegetables,17.16,25.74,21.45
2023-11-08,Wheat,Grains,17.5,70.5,25.82
2023-11-08,Pear,Fruits,60.0,70.0,65.0
2023-11-08,Green Hot Pepper,Vegetables,5.0,300.0,40.98
2023-11-08,Potato,Vegetables,11.57,17.35,14.46
2023-11-08,Grapes,Fruits,18.0,220.0,92.93
2023-11-08,Green Beans,Vegetables,8.0,400.8,53.32
2023-11-08,Apple,Fruits,4.0,180.0,62.3
2023-11-08,Banana,Fruits,4.0,94.0,31.2
2023-11-08,Barley,Grains,14.0,23.3,19.19
2023-11-08,Bell Pepper,Vegetables,4.0,400.8,35.64
2023-11-08,Cabbage,Vegetables,14.38,21.57,17.98
2023-11-08,Cantaloupe,Fruits,17.11,25.67,21.39
2023-11-08,Black pepper,Herbs & Spices,280.0,750.0,557.8
2023-11-08,Coriander Leaves,Herbs & Spices,21.86,32.79,27.33
2023-11-08,Corn,Grains,16.52,24.78,20.65
2023-11-08,Cucumber,Vegetables,3.0,360.8,22.75
2023-11-08,Cumin,Herbs & Spices,195.05,700.0,425.65
2023-11-08,Eggplant,Vegetables,2.0,180.8,20.5
2023-11-08,Garlic,Vegetables,5.0,1140.8,114.53
2023-11-08,Ginger,Herbs & Spices,8.7,780.8,92.76
2023-11-08,Carrot,Vegetables,3.0,300.8,30.19
2023-11-09,Onion,Vegetables,39.57,59.35,49.46
2023-11-09,Guava,Fruits,6.0,125.0,33.28
2023-11-09,Lemon,Fruits,5.0,120.0,41.37
2023-11-09,Mango,Fruits,20.0,300.0,92.96
2023-11-09,Mint,Herbs & Spices,13.65,20.48,17.06
2023-11-09,Okra,Vegetables,5.0,154.8,25.94
2023-11-09,Orange,Fruits,5.0,200.0,45.68
2023-11-09,Wheat,Grains,2.5,61.29,25.51
2023-11-09,Pomegranate,Fruits,2.5,375.0,90.14
2023-11-09,Potato,Vegetables,11.62,17.44,14.53
2023-11-09,Rice,Grains,10.0,80.0,33.66
2023-11-09,Tomato,Vegetables,2.0,176.8,22.96
2023-11-09,Turmeric,Herbs & Spices,27.27,200.0,101.48
2023-11-09,Watermelon,Fruits,3.0,40.0,17.84
2023-11-09,Green Onion,Vegetables,16.38,24.57,20.48
2023-11-09,Pear,Fruits,60.0,80.0,70.0
2023-11-09,Green Hot Pepper,Vegetables,5.0,300.0,40.42
2023-11-09,Cumin,Herbs & Spices,284.0,700.0,424.25
2023-11-09,Grapes,Fruits,20.0,250.0,95.8
2023-11-09,Apple,Fruits,10.0,200.0,62.87
2023-11-09,Banana,Fruits,24.22,36.33,30.27
2023-11-09,Barley,Grains,14.5,23.5,19.08
2023-11-09,Green Beans,Vegetables,8.0,360.8,50.97
2023-11-09,Black pepper,Herbs & Spices,280.0,750.0,544.52
2023-11-09,Cabbage,Vegetables,2.0,138.0,17.71
2023-11-09,Cantaloupe,Fruits,5.0,60.0,25.03
2023-11-09,Bell Pepper,Vegetables,5.0,360.8,35.94
2023-11-09,Coriander Leaves,Herbs & Spices,22.52,33.78,28.15
2023-11-09,Corn,Grains,16.43,24.64,20.53
2023-11-09,Cucumber,Vegetables,3.0,330.8,22.74
2023-11-09,Eggplant,Vegetables,2.0,165.8,19.98
2023-11-09,Garlic,Vegetables,28.0,1045.8,112.64
2023-11-09,Ginger,Herbs & Spices,9.0,715.8,92.68
2023-11-09,Carrot,Vegetables,4.0,275.8,28.87
2023-11-10,Onion,Vegetables,33.69,50.53,42.11
2023-11-10,Guava,Fruits,6.0,80.0,34.55
2023-11-10,Lemon,Fruits,10.0,120.0,42.56
2023-11-10,Mango,Fruits,58.0,300.0,105.54
2023-11-10,Mint,Herbs & Spices,12.19,18.28,15.24
2023-11-10,Okra,Vegetables,20.94,31.41,26.17
2023-11-10,Orange,Fruits,5.0,100.0,39.68
2023-11-10,Green Onion,Vegetables,17.17,25.76,21.46
2023-11-10,Pomegranate,Fruits,3.5,250.0,88.57
2023-11-10,Potato,Vegetables,11.72,17.57,14.64
2023-11-10,Rice,Grains,10.0,80.0,32.7
2023-11-10,Tomato,Vegetables,19.19,28.78,23.99
2023-11-10,Turmeric,Herbs & Spices,36.98,200.0,104.76
2023-11-10,Wheat,Grains,18.5,60.0,25.25
2023-11-10,Pear,Fruits,60.0,85.0,72.0
2023-11-10,Green Hot Pepper,Vegetables,30.56,45.85,38.21
2023-11-10,Watermelon,Fruits,3.0,40.0,19.58
2023-11-10,Grapes,Fruits,15.0,220.0,93.05
2023-11-10,Apple,Fruits,8.75,220.0,63.49
2023-11-10,Banana,Fruits,4.0,117.0,31.38
2023-11-10,Barley,Grains,16.0,23.6,20.13
2023-11-10,Bell Pepper,Vegetables,4.0,320.8,37.02
2023-11-10,Black pepper,Herbs & Spices,490.0,750.0,577.46
2023-11-10,Cabbage,Vegetables,2.0,125.8,18.06
2023-11-10,Cantaloupe,Fruits,6.0,45.0,18.69
2023-11-10,Green Beans,Vegetables,8.0,320.8,50.35
2023-11-10,Coriander Leaves,Herbs & Spices,20.34,30.51,25.42
2023-11-10,Corn,Grains,12.01,51.53,20.81
2023-11-10,Cucumber,Vegetables,17.94,26.91,22.42
2023-11-10,Cumin,Herbs & Spices,350.0,700.0,457.96
2023-11-10,Eggplant,Vegetables,15.9,23.85,19.87
2023-11-10,Garlic,Vegetables,4.05,950.8,113.6
2023-11-10,Ginger,Herbs & Spices,75.62,113.43,94.52
2023-11-10,Carrot,Vegetables,23.08,34.62,28.85
2023-11-11,Guava,Fruits,8.0,80.0,27.98
2023-11-11,Lemon,Fruits,7.0,130.0,42.89
2023-11-11,Mango,Fruits,30.0,300.0,102.68
2023-11-11,Mint,Herbs & Spices,9.0,13.49,11.25
2023-11-11,Okra,Vegetables,4.0,120.0,26.82
2023-11-11,Onion,Vegetables,34.15,51.22,42.69
2023-11-11,Orange,Fruits,5.0,100.0,40.24
2023-11-11,Rice,Grains,10.0,80.0,32.76
2023-11-11,Pomegranate,Fruits,10.0,220.0,85.91
2023-11-11,Potato,Vegetables,2.0,45.0,14.21
2023-11-11,Tomato,Vegetables,2.0,150.0,24.08
2023-11-11,Turmeric,Herbs & Spices,106.8,200.0,141.2
2023-11-11,Watermelon,Fruits,3.0,40.0,17.43
2023-11-11,Green Onion,Vegetables,20.97,31.46,26.21
2023-11-11,Pear,Fruits,30.0,30.0,30.0
2023-11-11,Green Hot Pepper,Vegetables,5.0,250.0,38.88
2023-11-11,Wheat,Grains,10.0,59.69,25.48
2023-11-11,Grapes,Fruits,15.0,220.0,96.09
2023-11-11,Apple,Fruits,8.75,220.0,61.68
2023-11-11,Banana,Fruits,4.5,90.0,30.37
2023-11-11,Barley,Grains,17.0,23.0,20.97
2023-11-11,Bell Pepper,Vegetables,4.0,90.0,30.71
2023-11-11,Black pepper,Herbs & Spices,497.0,650.0,578.02
2023-11-11,Cabbage,Vegetables,2.0,62.0,17.29
2023-11-11,Cantaloupe,Fruits,5.0,45.0,25.24
2023-11-11,Green Beans,Vegetables,11.0,90.0,49.55
2023-11-11,Coriander Leaves,Herbs & Spices,18.42,27.63,23.02
2023-11-11,Corn,Grains,10.0,26.0,20.36
2023-11-11,Cucumber,Vegetables,3.0,80.0,20.91
2023-11-11,Eggplant,Vegetables,2.0,90.0,19.39
2023-11-11,Garlic,Vegetables,22.0,270.0,109.46
2023-11-11,Ginger,Herbs & Spices,18.1,200.0,87.29
2023-11-11,Carrot,Vegetables,5.0,100.0,27.15
2023-11-12,Guava,Fruits,8.0,60.0,25.42
2023-11-12,Lemon,Fruits,16.0,100.0,42.45
2023-11-12,Mango,Fruits,20.0,80.0,53.33
2023-11-12,Mint,Herbs & Spices,0.03,0.05,0.04
2023-11-12,Okra,Vegetables,4.0,80.0,26.08
2023-11-12,Onion,Vegetables,33.06,49.59,41.33
2023-11-12,Orange,Fruits,15.0,60.0,33.11
2023-11-12,Potato,Vegetables,4.0,44.0,13.8
2023-11-12,Pomegranate,Fruits,17.0,180.0,80.35
2023-11-12,Rice,Grains,10.0,56.51,33.08
2023-11-12,Tomato,Vegetables,2.0,56.0,24.99
2023-11-12,Turmeric,Herbs & Spices,106.8,108.0,107.4
2023-11-12,Watermelon,Fruits,3.0,30.0,17.43
2023-11-12,Green Onion,Vegetables,8.83,13.25,11.04
2023-11-12,Pear,Fruits,60.0,80.0,70.0
2023-11-12,Wheat,Grains,18.5,36.0,25.3
2023-11-12,Green Hot Pepper,Vegetables,5.0,260.0,45.28
2023-11-12,Grapes,Fruits,27.0,150.0,90.22
2023-11-12,Green Beans,Vegetables,8.0,80.0,43.4
2023-11-12,Apple,Fruits,15.0,160.0,63.37
2023-11-12,Banana,Fruits,5.5,72.0,28.14
2023-11-12,Barley,Grains,17.55,22.6,20.5
2023-11-12,Black pepper,Herbs & Spices,560.0,650.0,600.0
2023-11-12,Cabbage,Vegetables,14.93,22.4,18.67
2023-11-12,Cantaloupe,Fruits,5.0,11.0,7.0
2023-11-12,Bell Pepper,Vegetables,5.0,90.0,36.22
2023-11-12,Coriander Leaves,Herbs & Spices,10.3,15.45,12.88
2023-11-12,Corn,Grains,10.0,26.5,20.31
2023-11-12,Cucumber,Vegetables,4.0,72.0,23.75
2023-11-12,Eggplant,Vegetables,2.0,150.0,22.17
2023-11-12,Garlic,Vegetables,20.0,191.0,103.28
2023-11-12,Ginger,Herbs & Spices,12.0,200.0,91.23
2023-11-12,Carrot,Vegetables,3.0,100.0,25.84
2023-11-13,Orange,Fruits,5.0,100.0,41.78
2023-11-13,Lemon,Fruits,15.0,120.0,46.68
2023-11-13,Mango,Fruits,75.0,300.0,131.93
2023-11-13,Mint,Herbs & Spices,2.89,4.33,3.61
2023-11-13,Okra,Vegetables,4.0,156.8,30.57
2023-11-13,Onion,Vegetables,36.33,54.5,45.41
2023-11-13,Pear,Fruits,70.0,140.0,106.0
2023-11-13,Guava,Fruits,8.0,80.0,31.61
2023-11-13,Potato,Vegetables,12.58,18.88,15.73
2023-11-13,Rice,Grains,10.0,80.0,34.52
2023-11-13,Tomato,Vegetables,2.5,180.8,27.14
2023-11-13,Turmeric,Herbs & Spices,106.8,200.0,130.8
2023-11-13,Watermelon,Fruits,12.16,18.24,15.2
2023-11-13,Wheat,Grains,18.5,40.0,24.93
2023-11-13,Pomegranate,Fruits,3.5,220.0,94.84
2023-11-13,Green Onion,Vegetables,15.55,23.32,19.43
2023-11-13,Green Hot Pepper,Vegetables,9.5,300.0,46.47
2023-11-13,Green Beans,Vegetables,12.0,410.8,54.05
2023-11-13,Banana,Fruits,4.5,200.0,32.36
2023-11-13,Barley,Grains,17.4,22.75,21.06
2023-11-13,Bell Pepper,Vegetables,5.0,400.8,43.25
2023-11-13,Black pepper,Herbs & Spices,280.0,650.0,548.75
2023-11-13,Cabbage,Vegetables,2.0,168.8,20.68
2023-11-13,Cantaloupe,Fruits,14.31,21.46,17.88
2023-11-13,Carrot,Vegetables,5.0,312.8,34.16
2023-11-13,Apple,Fruits,8.75,225.0,64.72
2023-11-13,Corn,Grains,10.0,25.2,20.17
2023-11-13,Cucumber,Vegetables,3.0,360.8,25.9
2023-11-13,Eggplant,Vegetables,2.0,192.8,22.8
2023-11-13,Garlic,Vegetables,29.0,1140.8,126.75
2023-11-13,Ginger,Herbs & Spices,23.0,810.8,107.46
2023-11-13,Grapes,Fruits,15.0,220.0,82.56
2023-11-13,Coriander Leaves,Herbs & Spices,17.71,26.57,22.14
2023-11-14,Lemon,Fruits,9.5,120.0,42.42
2023-11-14,Mango,Fruits,55.0,300.0,110.36
2023-11-14,Mint,Herbs & Spices,11.1,16.65,13.87
2023-11-14,Okra,Vegetables,3.1,130.8,28.63
2023-11-14,Onion,Vegetables,35.93,53.89,44.91
2023-11-14,Orange,Fruits,5.0,200.0,46.11
2023-11-14,Pear,Fruits,70.0,80.0,75.0
2023-11-14,Rice,Grains,18.0,80.0,32.98
2023-11-14,Potato,Vegetables,11.81,17.72,14.76
2023-11-14,Tomato,Vegetables,2.0,200.0,27.23
2023-11-14,Turmeric,Herbs & Spices,50.01,127.49,84.24
2023-11-14,Watermelon,Fruits,3.0,40.0,19.12
2023-11-14,Wheat,Grains,18.5,54.0,25.16
2023-11-14,Guava,Fruits,8.0,90.0,32.34
2023-11-14,Pomegranate,Fruits,20.0,220.0,89.14
2023-11-14,Green Onion,Vegetables,14.58,21.88,18.23
2023-11-14,Green Hot Pepper,Vegetables,5.0,300.0,40.7
2023-11-14,Green Beans,Vegetables,9.5,369.8,49.79
2023-11-14,Banana,Fruits,4.0,118.0,31.95
2023-11-14,Barley,Grains,17.25,23.6,21.15
2023-11-14,Bell Pepper,Vegetables,8.0,360.8,35.46
2023-11-14,Black pepper,Herbs & Spices,280.0,650.0,546.82
2023-11-14,Cabbage,Vegetables,2.0,140.8,19.72
2023-11-14,Cantaloupe,Fruits,5.5,45.0,22.27
2023-11-14,Carrot,Vegetables,5.0,260.8,32.67
2023-11-14,Apple,Fruits,11.76,230.0,62.16
2023-11-14,Corn,Grains,12.09,40.0,20.93
2023-11-14,Cucumber,Vegetables,4.0,300.8,24.51
2023-11-14,Eggplant,Vegetables,2.0,160.8,21.31
2023-11-14,Garlic,Vegetables,22.0,950.8,113.8
2023-11-14,Ginger,Herbs & Spices,20.0,900.0,95.17
2023-11-14,Grapes,Fruits,21.0,150.0,74.83
2023-11-14,Coriander Leaves,Herbs & Spices,20.71,31.06,25.88
2023-11-15,Guava,Fruits,8.0,80.0,34.65
2023-11-15,Lemon,Fruits,12.0,120.0,41.65
2023-11-15,Mango,Fruits,55.0,300.0,113.44
2023-11-15,Mint,Herbs & Spices,15.88,23.81,19.84
2023-11-15,Okra,Vegetables,3.0,162.8,28.29
2023-11-15,Onion,Vegetables,34.35,51.52,42.94
2023-11-15,Orange,Fruits,5.0,100.0,40.07
2023-11-15,Rice,Grains,10.0,100.0,33.15
2023-11-15,Potato,Vegetables,11.95,17.92,14.93
2023-11-15,Tomato,Vegetables,2.0,240.8,27.54
2023-11-15,Turmeric,Herbs & Spices,53.09,127.49,92.62
2023-11-15,Watermelon,Fruits,3.0,40.0,19.95
2023-11-15,Wheat,Grains,18.5,70.5,25.58
2023-11-15,Green Onion,Vegetables,18.66,27.99,23.33
2023-11-15,Pomegranate,Fruits,2.5,375.0,94.81
2023-11-15,Green Hot Pepper,Vegetables,5.0,250.0,40.19
2023-11-15,Apple,Fruits,11.76,220.0,62.81
2023-11-15,Grapes,Fruits,15.0,300.0,95.72
2023-11-15,Green Beans,Vegetables,10.0,400.8,52.31
2023-11-15,Banana,Fruits,4.0,94.0,31.34
2023-11-15,Barley,Grains,16.0,23.7,19.98
2023-11-15,Bell Pepper,Vegetables,8.0,325.8,36.75
2023-11-15,Cabbage,Vegetables,2.0,168.8,19.26
2023-11-15,Cantaloupe,Fruits,6.0,40.0,18.45
2023-11-15,Carrot,Vegetables,26.26,39.38,32.82
2023-11-15,Black pepper,Herbs & Spices,280.0,650.0,549.46
2023-11-15,Corn,Grains,14.29,38.0,21.14
2023-11-15,Cucumber,Vegetables,3.9,420.8,24.61
2023-11-15,Cumin,Herbs & Spices,400.0,480.0,447.0
2023-11-15,Eggplant,Vegetables,16.85,25.28,21.06
2023-11-15,Garlic,Vegetables,16.0,1000.8,121.31
2023-11-15,Ginger,Herbs & Spices,20.0,780.8,101.01
2023-11-15,Coriander Leaves,Herbs & Spices,22.27,33.41,27.84
2023-11-16,Onion,Vegetables,33.63,50.45,42.04
2023-11-16,Guava,Fruits,8.0,100.0,32.34
2023-11-16,Lemon,Fruits,7.0,110.0,39.85
2023-11-16,Mango,Fruits,55.0,100.0,75.0
2023-11-16,Mint,Herbs & Spices,19.75,29.63,24.69
2023-11-16,Okra,Vegetables,5.0,149.0,28.55
2023-11-16,Orange,Fruits,5.0,200.0,45.81
2023-11-16,Watermelon,Fruits,3.0,50.0,19.33
2023-11-16,Pomegranate,Fruits,2.5,230.0,89.06
2023-11-16,Potato,Vegetables,2.0,138.0,14.6
2023-11-16,Rice,Grains,10.0,160.0,34.07
2023-11-16,Tomato,Vegetables,2.0,220.8,28.12
2023-11-16,Turmeric,Herbs & Spices,45.06,143.0,103.49
2023-11-16,Wheat,Grains,18.0,60.0,25.33
2023-11-16,Green Onion,Vegetables,16.36,24.55,20.46
2023-11-16,Pear,Fruits,65.0,75.0,70.0
2023-11-16,Green Hot Pepper,Vegetables,6.0,300.0,39.99
2023-11-16,Banana,Fruits,4.0,100.0,31.71
2023-11-16,Grapes,Fruits,20.0,182.0,85.77
2023-11-16,Apple,Fruits,11.76,245.0,64.41
2023-11-16,Barley,Grains,14.5,23.6,19.36
2023-11-16,Bell Pepper,Vegetables,10.0,293.0,33.73
2023-11-16,Black pepper,Herbs & Spices,280.0,650.0,551.8
2023-11-16,Cabbage,Vegetables,2.0,154.8,18.53
2023-11-16,Cantaloupe,Fruits,6.0,40.0,22.34
2023-11-16,Carrot,Vegetables,5.0,303.0,30.83
2023-11-16,Green Beans,Vegetables,10.0,360.8,54.33
2023-11-16,Corn,Grains,10.0,48.0,21.14
2023-11-16,Cucumber,Vegetables,4.0,385.8,24.08
2023-11-16,Cumin,Herbs & Spices,350.0,470.0,406.67
2023-11-16,Eggplant,Vegetables,2.0,193.0,20.5
2023-11-16,Garlic,Vegetables,25.0,900.8,113.48
2023-11-16,Ginger,Herbs & Spices,18.1,715.8,91.92
2023-11-16,Coriander Leaves,Herbs & Spices,21.33,31.99,26.66
2023-11-17,Guava,Fruits,8.0,110.0,34.87
2023-11-17,Lemon,Fruits,7.0,120.0,40.38
2023-11-17,Mango,Fruits,50.0,100.0,76.71
2023-11-17,Mint,Herbs & Spices,12.81,19.21,16.01
2023-11-17,Okra,Vegetables,22.41,33.61,28.01
2023-11-17,Onion,Vegetables,33.46,50.19,41.82
2023-11-17,Orange,Fruits,5.0,180.0,44.76
2023-11-17,Potato,Vegetables,11.62,17.42,14.52
2023-11-17,Pomegranate,Fruits,4.0,300.0,86.68
2023-11-17,Rice,Grains,10.0,160.0,33.49
2023-11-17,Tomato,Vegetables,23.1,34.65,28.88
2023-11-17,Turmeric,Herbs & Spices,44.88,220.0,104.92
2023-11-17,Watermelon,Fruits,3.0,35.0,18.26
2023-11-17,Green Onion,Vegetables,16.5,24.76,20.63
2023-11-17,Pear,Fruits,70.0,85.0,77.0
2023-11-17,Green Hot Pepper,Vegetables,29.28,43.92,36.6
2023-11-17,Wheat,Grains,18.0,60.0,25.41
2023-11-17,Grapes,Fruits,15.0,232.0,89.06
2023-11-17,Apple,Fruits,6.0,220.0,65.61
2023-11-17,Banana,Fruits,4.5,100.0,30.78
2023-11-17,Barley,Grains,15.0,24.53,19.56
2023-11-17,Bell Pepper,Vegetables,8.0,260.8,33.3
2023-11-17,Black pepper,Herbs & Spices,151.0,650.0,524.8
2023-11-17,Cabbage,Vegetables,14.18,21.27,17.72
2023-11-17,Cantaloupe,Fruits,5.5,60.0,23.79
2023-11-17,Green Beans,Vegetables,10.0,320.8,54.35
2023-11-17,Coriander Leaves,Herbs & Spices,19.53,29.3,24.42
2023-11-17,Corn,Grains,13.6,48.0,21.11
2023-11-17,Cucumber,Vegetables,18.26,27.39,22.83
2023-11-17,Cumin,Herbs & Spices,360.0,480.0,430.25
2023-11-17,Eggplant,Vegetables,15.45,23.18,19.32
2023-11-17,Garlic,Vegetables,20.0,800.8,114.76
2023-11-17,Ginger,Herbs & Spices,72.33,108.5,90.41
2023-11-17,Carrot,Vegetables,23.95,35.92,29.93
2023-11-18,Green Onion,Vegetables,14.5,21.75,18.13
2023-11-18,Guava,Fruits,6.0,100.0,33.5
2023-11-18,Lemon,Fruits,5.0,130.0,40.88
2023-11-18,Mango,Fruits,55.0,300.0,103.86
2023-11-18,Mint,Herbs & Spices,10.85,16.28,13.57
2023-11-18,Okra,Vegetables,4.0,270.8,28.44
2023-11-18,Onion,Vegetables,32.75,49.12,40.93
2023-11-18,Rice,Grains,10.0,91.5,33.19
2023-11-18,Pomegranate,Fruits,4.0,220.0,85.16
2023-11-18,Potato,Vegetables,11.33,17.0,14.17
2023-11-18,Tomato,Vegetables,2.5,240.8,28.71
2023-11-18,Turmeric,Herbs & Spices,75.55,130.19,100.63
2023-11-18,Watermelon,Fruits,13.82,20.72,17.27
2023-11-18,Green Hot Pepper,Vegetables,3.0,300.0,34.75
2023-11-18,Orange,Fruits,5.0,150.0,39.82
2023-11-18,Wheat,Grains,18.7,60.0,25.5
2023-11-18,Grapes,Fruits,20.0,200.0,96.23
2023-11-18,Ginger,Herbs & Spices,8.5,780.8,92.03
2023-11-18,Green Beans,Vegetables,10.0,450.8,55.91
2023-11-18,Apple,Fruits,6.0,245.0,65.75
2023-11-18,Banana,Fruits,23.58,35.37,29.48
2023-11-18,Barley,Grains,15.5,23.2,19.26
2023-11-18,Black pepper,Herbs & Spices,280.0,750.0,557.59
2023-11-18,Cabbage,Vegetables,13.28,19.92,16.6
2023-11-18,Cantaloupe,Fruits,13.1,19.65,16.38
2023-11-18,Bell Pepper,Vegetables,8.0,440.8,32.41
2023-11-18,Coriander Leaves,Herbs & Spices,21.58,32.37,26.98
2023-11-18,Corn,Grains,16.66,24.99,20.82
2023-11-18,Cucumber,Vegetables,3.0,540.8,23.98
2023-11-18,Cumin,Herbs & Spices,137.55,525.0,382.53
2023-11-18,Eggplant,Vegetables,15.44,23.16,19.3
2023-11-18,Garlic,Vegetables,7.37,1560.8,116.85
2023-11-18,Carrot,Vegetables,23.79,35.69,29.74
2023-11-19,Orange,Fruits,5.0,90.0,32.6
2023-11-19,Lemon,Fruits,10.0,120.0,40.79
2023-11-19,Mango,Fruits,20.0,100.0,60.25
2023-11-19,Mint,Herbs & Spices,9.22,13.83,11.52
2023-11-19,Okra,Vegetables,4.0,70.0,26.95
2023-11-19,Onion,Vegetables,5.0,135.0,39.71
2023-11-19,Pear,Fruits,70.0,80.0,75.0
2023-11-19,Guava,Fruits,5.0,75.0,24.03
2023-11-19,Potato,Vegetables,10.45,15.67,13.06
2023-11-19,Rice,Grains,10.0,91.5,32.85
2023-11-19,Tomato,Vegetables,3.0,70.0,27.76
2023-11-19,Turmeric,Herbs & Spices,107.35,108.5,107.9
2023-11-19,Watermelon,Fruits,3.0,35.0,17.83
2023-11-19,Wheat,Grains,19.0,38.6,24.83
2023-11-19,Pomegranate,Fruits,15.0,200.0,74.95
2023-11-19,Green Onion,Vegetables,14.51,21.77,18.14
2023-11-19,Apple,Fruits,6.0,240.0,65.45
2023-11-19,Green Beans,Vegetables,10.0,80.0,43.66
2023-11-19,Banana,Fruits,5.0,72.0,28.35
2023-11-19,Barley,Grains,16.0,23.4,19.68
2023-11-19,Bell Pepper,Vegetables,6.0,100.0,31.01
2023-11-19,Black pepper,Herbs & Spices,498.0,650.0,563.33
2023-11-19,Cabbage,Vegetables,11.96,17.93,14.94
2023-11-19,Cantaloupe,Fruits,5.0,22.0,12.5
2023-11-19,Carrot,Vegetables,21.92,32.88,27.4
2023-11-19,Green Hot Pepper,Vegetables,5.0,300.0,35.58
2023-11-19,Corn,Grains,14.0,26.76,20.26
2023-11-19,Cucumber,Vegetables,3.0,80.0,23.46
2023-11-19,Eggplant,Vegetables,14.94,22.41,18.67
2023-11-19,Garlic,Vegetables,10.0,280.0,101.74
2023-11-19,Ginger,Herbs & Spices,8.5,270.0,84.46
2023-11-19,Grapes,Fruits,25.0,200.0,78.57
2023-11-19,Coriander Leaves,Herbs & Spices,13.43,20.14,16.79
2023-11-20,Guava,Fruits,8.0,80.0,30.3
2023-11-20,Lemon,Fruits,7.0,120.0,40.78
2023-11-20,Mango,Fruits,20.0,300.0,81.46
2023-11-20,Mint,Herbs & Spices,14.53,21.79,18.16
2023-11-20,Okra,Vegetables,24.51,36.76,30.63
2023-11-20,Onion,Vegetables,32.49,48.74,40.62
2023-11-20,Orange,Fruits,5.0,180.0,42.96
2023-11-20,Potato,Vegetables,11.62,17.43,14.52
2023-11-20,Pomegranate,Fruits,2.5,220.0,85.16
2023-11-20,Rice,Grains,10.0,160.0,33.96
2023-11-20,Tomato,Vegetables,2.0,220.8,30.44
2023-11-20,Turmeric,Herbs & Spices,19.0,127.49,89.59
2023-11-20,Watermelon,Fruits,13.39,20.09,16.74
2023-11-20,Green Onion,Vegetables,17.0,25.5,21.25
2023-11-20,Pear,Fruits,75.0,80.0,77.0
2023-11-20,Wheat,Grains,16.0,60.0,25.78
2023-11-20,Green Hot Pepper,Vegetables,28.19,42.28,35.24
2023-11-20,Grapes,Fruits,15.0,214.0,84.88
2023-11-20,Green Beans,Vegetables,10.0,405.8,53.78
2023-11-20,Apple,Fruits,6.1,180.0,63.79
2023-11-20,Banana,Fruits,25.5,38.25,31.87
2023-11-20,Barley,Grains,16.0,23.7,19.42
2023-11-20,Bell Pepper,Vegetables,7.0,400.8,31.99
2023-11-20,Cabbage,Vegetables,13.66,20.48,17.07
2023-11-20,Cantaloupe,Fruits,16.49,24.73,20.61
2023-11-20,Black pepper,Herbs & Spices,280.0,750.0,563.99
2023-11-20,Coriander Leaves,Herbs & Spices,20.68,31.02,25.85
2023-11-20,Corn,Grains,10.0,48.91,20.94
2023-11-20,Cucumber,Vegetables,19.91,29.87,24.89
2023-11-20,Cumin,Herbs & Spices,250.0,700.0,410.16
2023-11-20,Eggplant,Vegetables,15.4,23.09,19.24
2023-11-20,Garlic,Vegetables,5.0,1430.8,122.86
2023-11-20,Ginger,Herbs & Spices,72.71,109.07,90.89
2023-11-20,Carrot,Vegetables,23.55,35.33,29.44
2023-11-21,Onion,Vegetables,32.42,48.64,40.53
2023-11-21,Guava,Fruits,8.0,120.0,31.28
2023-11-21,Lemon,Fruits,10.0,100.0,41.54
2023-11-21,Mango,Fruits,20.0,300.0,83.81
2023-11-21,Mint,Herbs & Spices,9.9,14.85,12.37
2023-11-21,Okra,Vegetables,4.0,225.8,30.36
2023-11-21,Orange,Fruits,5.0,250.0,46.28
2023-11-21,Green Onion,Vegetables,13.42,20.14,16.78
2023-11-21,Pomegranate,Fruits,4.0,250.0,89.42
2023-11-21,Potato,Vegetables,11.62,17.44,14.53
2023-11-21,Wheat,Grains,15.0,60.0,25.93
2023-11-21,Rice,Grains,10.0,95.0,34.17
2023-11-21,Tomato,Vegetables,2.0,200.8,30.33
2023-11-21,Turmeric,Herbs & Spices,54.01,220.0,107.15
2023-11-21,Watermelon,Fruits,4.0,35.0,17.78
2023-11-21,Pear,Fruits,10.0,85.0,47.5
2023-11-21,Green Hot Pepper,Vegetables,5.0,300.0,34.89
2023-11-21,Black pepper,Herbs & Spices,280.0,750.0,553.81
2023-11-21,Grapes,Fruits,16.0,300.0,88.42
2023-11-21,Green Beans,Vegetables,10.0,90.0,48.9
2023-11-21,Apple,Fruits,6.1,245.0,65.89
2023-11-21,Banana,Fruits,4.0,200.0,31.18
2023-11-21,Barley,Grains,16.0,23.6,19.66
2023-11-21,Cabbage,Vegetables,13.02,19.53,16.28
2023-11-21,Cantaloupe,Fruits,5.0,50.0,19.19
2023-11-21,Carrot,Vegetables,22.49,33.73,28.11
2023-11-21,Bell Pepper,Vegetables,4.0,320.8,30.48
2023-11-21,Corn,Grains,16.77,25.16,20.97
2023-11-21,Cucumber,Vegetables,3.0,450.8,23.96
2023-11-21,Cumin,Herbs & Spices,285.0,700.0,428.98
2023-11-21,Eggplant,Vegetables,15.29,22.93,19.11
2023-11-21,Garlic,Vegetables,15.0,1300.8,121.14
2023-11-21,Ginger,Herbs & Spices,8.7,650.8,90.58
2023-11-21,Coriander Leaves,Herbs & Spices,19.57,29.35,24.46
2023-11-22,Orange,Fruits,5.0,180.0,43.35
2023-11-22,Lemon,Fruits,8.0,130.0,41.31
2023-11-22,Mango,Fruits,20.0,300.0,84.31
2023-11-22,Mint,Herbs & Spices,15.03,22.55,18.79
2023-11-22,Okra,Vegetables,4.0,180.8,30.72
2023-11-22,Onion,Vegetables,31.99,47.99,39.99
2023-11-22,Peach,Fruits,36.0,40.0,38.0
2023-11-22,Wheat,Grains,18.0,60.0,25.8
2023-11-22,Pomegranate,Fruits,2.5,225.0,84.21
2023-11-22,Potato,Vegetables,11.72,17.59,14.65
2023-11-22,Rice,Grains,10.0,88.0,33.78
2023-11-22,Tomato,Vegetables,2.0,325.8,30.61
2023-11-22,Turmeric,Herbs & Spices,55.08,200.0,105.85
2023-11-22,Watermelon,Fruits,4.0,40.0,19.24
2023-11-22,Guava,Fruits,5.0,4400.0,72.87
2023-11-22,Pear,Fruits,70.0,85.0,77.0
2023-11-22,Green Onion,Vegetables,14.06,21.09,17.57
2023-11-22,Green Hot Pepper,Vegetables,5.0,300.0,34.37
2023-11-22,Green Beans,Vegetables,10.0,425.8,52.73
2023-11-22,Banana,Fruits,4.0,94.0,31.12
2023-11-22,Barley,Grains,15.0,23.6,19.35
2023-11-22,Bell Pepper,Vegetables,5.0,350.8,31.59
2023-11-22,Black pepper,Herbs & Spices,280.0,750.0,562.67
2023-11-22,Cabbage,Vegetables,13.1,19.65,16.38
2023-11-22,Cantaloupe,Fruits,5.0,48.0,23.49
2023-11-22,Carrot,Vegetables,5.0,288.8,27.99
2023-11-22,Apple,Fruits,6.1,245.0,65.33
2023-11-22,Corn,Grains,16.88,25.32,21.1
2023-11-22,Cucumber,Vegetables,2.0,423.0,25.19
2023-11-22,Cumin,Herbs & Spices,215.0,700.0,414.91
2023-11-22,Eggplant,Vegetables,15.42,23.13,19.27
2023-11-22,Garlic,Vegetables,10.0,1140.8,121.85
2023-11-22,Ginger,Herbs & Spices,8.6,660.8,86.94
2023-11-22,Grapes,Fruits,15.0,220.0,89.29
2023-11-22,Coriander Leaves,Herbs & Spices,18.74,28.1,23.42
2023-11-23,Guava,Fruits,7.5,90.0,31.48
2023-11-23,Lemon,Fruits,8.0,100.0,40.91
2023-11-23,Mango,Fruits,55.0,100.0,76.6
2023-11-23,Mint,Herbs & Spices,9.71,14.56,12.13
2023-11-23,Okra,Vegetables,4.0,165.8,30.77
2023-11-23,Onion,Vegetables,31.85,47.78,39.81
2023-11-23,Orange,Fruits,5.0,180.0,47.15
2023-11-23,Potato,Vegetables,11.81,17.72,14.76
2023-11-23,Pear,Fruits,70.0,80.0,75.0
2023-11-23,Pomegranate,Fruits,4.0,220.0,84.71
2023-11-23,Rice,Grains,10.0,100.0,34.06
2023-11-23,Tomato,Vegetables,2.0,300.8,30.07
2023-11-23,Turmeric,Herbs & Spices,46.92,170.0,96.91
2023-11-23,Watermelon,Fruits,3.0,60.0,18.76
2023-11-23,Green Onion,Vegetables,14.34,21.51,17.92
2023-11-23,Peach,Fruits,35.0,50.0,40.0
2023-11-23,Green Hot Pepper,Vegetables,5.0,400.0,33.61
2023-11-23,Wheat,Grains,18.0,60.0,25.93
2023-11-23,Grapes,Fruits,15.0,200.0,89.07
2023-11-23,Green Beans,Vegetables,11.0,383.0,52.77
2023-11-23,Apple,Fruits,9.0,220.0,64.35
2023-11-23,Banana,Fruits,4.0,120.0,31.74
2023-11-23,Barley,Grains,16.0,23.7,19.38
2023-11-23,Bell Pepper,Vegetables,2.0,315.8,31.08
2023-11-23,Cabbage,Vegetables,13.12,19.68,16.4
2023-11-23,Cantaloupe,Fruits,5.0,80.0,29.78
2023-11-23,Black pepper,Herbs & Spices,280.0,750.0,537.54
2023-11-23,Coriander Leaves,Herbs & Spices,16.57,24.86,20.71
2023-11-23,Corn,Grains,12.95,48.0,20.95
2023-11-23,Cucumber,Vegetables,3.0,390.8,23.73
2023-11-23,Cumin,Herbs & Spices,215.05,700.0,416.89
2023-11-23,Eggplant,Vegetables,15.15,22.73,18.94
2023-11-23,Garlic,Vegetables,14.0,300.0,120.04
2023-11-23,Ginger,Herbs & Spices,14.0,605.8,89.01
2023-11-23,Carrot,Vegetables,22.0,33.0,27.5
2023-11-24,Onion,Vegetables,31.52,47.29,39.41
2023-11-24,Guava,Fruits,5.0,100.0,31.14
2023-11-24,Lemon,Fruits,8.0,100.0,41.0
2023-11-24,Mango,Fruits,19.44,300.0,92.22
2023-11-24,Mint,Herbs & Spices,10.24,15.36,12.8
2023-11-24,Okra,Vegetables,4.0,150.8,31.01
2023-11-24,Orange,Fruits,5.0,180.0,46.66
2023-11-24,Wheat,Grains,18.4,60.0,25.9
2023-11-24,Pear,Fruits,60.0,75.0,67.0
2023-11-24,Pomegranate,Fruits,4.0,300.0,85.44
2023-11-24,Potato,Vegetables,11.92,17.88,14.9
2023-11-24,Rice,Grains,10.0,88.0,33.09
2023-11-24,Tomato,Vegetables,2.0,275.8,30.29
2023-11-24,Turmeric,Herbs & Spices,58.0,200.0,103.59
2023-11-24,Green Onion,Vegetables,14.3,21.45,17.88
2023-11-24,Peach,Fruits,20.0,30.0,25.0
2023-11-24,Green Hot Pepper,Vegetables,4.0,300.0,33.41
2023-11-24,Watermelon,Fruits,3.0,40.0,17.94
2023-11-24,Grapes,Fruits,15.0,283.0,88.68
2023-11-24,Apple,Fruits,6.0,220.0,64.38
2023-11-24,Banana,Fruits,3.0,120.0,31.61
2023-11-24,Barley,Grains,15.6,25.35,20.1
2023-11-24,Bell Pepper,Vegetables,8.0,280.8,31.1
2023-11-24,Black pepper,Herbs & Spices,525.99,750.0,591.82
2023-11-24,Cabbage,Vegetables,12.87,19.31,16.09
2023-11-24,Cantaloupe,Fruits,5.0,48.0,18.59
2023-11-24,Green Beans,Vegetables,10.0,340.8,52.33
2023-11-24,Coriander Leaves,Herbs & Spices,17.42,26.13,21.78
2023-11-24,Corn,Grains,10.0,48.0,20.96
2023-11-24,Cucumber,Vegetables,2.0,358.0,24.37
2023-11-24,Cumin,Herbs & Spices,275.0,700.0,424.84
2023-11-24,Eggplant,Vegetables,15.51,23.26,19.38
2023-11-24,Garlic,Vegetables,12.0,250.0,117.56
2023-11-24,Ginger,Herbs & Spices,8.2,550.8,90.94
2023-11-24,Carrot,Vegetables,2.0,240.8,26.92
2023-11-25,Green Onion,Vegetables,15.8,23.7,19.75
2023-11-25,Guava,Fruits,8.0,90.0,29.97
2023-11-25,Lemon,Fruits,10.0,100.0,42.23
2023-11-25,Mango,Fruits,56.0,300.0,113.44
2023-11-25,Mint,Herbs & Spices,13.79,20.68,17.24
2023-11-25,Okra,Vegetables,4.0,208.8,31.29
2023-11-25,Onion,Vegetables,31.71,47.57,39.64
2023-11-25,Potato,Vegetables,2.0,228.0,14.56
2023-11-25,Peach,Fruits,20.0,32.0,25.0
2023-11-25,Pomegranate,Fruits,4.0,200.0,81.34
2023-11-25,Rice,Grains,10.0,88.0,31.66
2023-11-25,Tomato,Vegetables,2.0,293.0,29.9
2023-11-25,Turmeric,Herbs & Spices,60.41,115.0,81.59
2023-11-25,Watermelon,Fruits,14.91,22.36,18.63
2023-11-25,Green Hot Pepper,Vegetables,5.0,300.0,32.08
2023-11-25,Orange,Fruits,5.0,5000.0,114.82
2023-11-25,Wheat,Grains,17.27,60.0,25.56
2023-11-25,Green Beans,Vegetables,11.0,400.8,53.07
2023-11-25,Ginger,Herbs & Spices,8.2,660.8,88.0
2023-11-25,Grapes,Fruits,12.5,250.0,98.83
2023-11-25,Apple,Fruits,6.0,200.0,65.49
2023-11-25,Banana,Fruits,4.0,72.0,29.74
2023-11-25,Barley,Grains,16.8,23.7,20.42
2023-11-25,Black pepper,Herbs & Spices,280.0,650.0,549.44
2023-11-25,Cabbage,Vegetables,12.08,18.13,15.11
2023-11-25,Cantaloupe,Fruits,14.44,21.66,18.05
2023-11-25,Bell Pepper,Vegetables,4.0,350.8,33.38
2023-11-25,Coriander Leaves,Herbs & Spices,18.39,27.58,22.98
2023-11-25,Corn,Grains,10.0,27.55,20.55
2023-11-25,Cucumber,Vegetables,2.0,410.0,24.08
2023-11-25,Cumin,Herbs & Spices,300.0,460.0,413.62
2023-11-25,Eggplant,Vegetables,2.0,182.8,18.56
2023-11-25,Garlic,Vegetables,25.0,1140.8,124.02
2023-11-25,Carrot,Vegetables,22.18,33.27,27.73
2023-11-26,Orange,Fruits,5.0,80.0,31.66
2023-11-26,Lemon,Fruits,10.0,76.0,40.23
2023-11-26,Mango,Fruits,80.0,85.0,82.5
2023-11-26,Mint,Herbs & Spices,0.03,0.04,0.03
2023-11-26,Okra,Vegetables,4.0,90.0,29.37
2023-11-26,Onion,Vegetables,2.0,90.0,38.39
2023-11-26,Pear,Fruits,60.0,80.0,70.0
2023-11-26,Guava,Fruits,5.0,80.0,28.64
2023-11-26,Potato,Vegetables,2.0,50.0,13.27
2023-11-26,Rice,Grains,21.83,49.5,32.81
2023-11-26,Tomato,Vegetables,3.0,85.0,28.7
2023-11-26,Turmeric,Herbs & Spices,80.49,80.51,80.5
2023-11-26,Watermelon,Fruits,4.0,45.0,19.17
2023-11-26,Wheat,Grains,18.5,35.0,24.53
2023-11-26,Pomegranate,Fruits,12.0,205.0,75.15
2023-11-26,Green Onion,Vegetables,10.97,16.45,13.71
2023-11-26,Green Beans,Vegetables,18.0,80.0,46.76
2023-11-26,Green Hot Pepper,Vegetables,5.0,260.0,34.63
2023-11-26,Apple,Fruits,5.9,160.0,60.56
2023-11-26,Banana,Fruits,2.0,73.0,27.01
2023-11-26,Barley,Grains,17.0,23.0,20.2
2023-11-26,Bell Pepper,Vegetables,4.0,77.0,30.19
2023-11-26,Cabbage,Vegetables,12.58,18.87,15.72
2023-11-26,Cantaloupe,Fruits,5.5,20.0,8.94
2023-11-26,Carrot,Vegetables,2.1,90.0,26.12
2023-11-26,Black pepper,Herbs & Spices,570.0,650.0,600.0
2023-11-26,Corn,Grains,15.0,25.0,20.26
2023-11-26,Cucumber,Vegetables,2.0,61.0,22.48
2023-11-26,Eggplant,Vegetables,3.0,80.0,20.17
2023-11-26,Garlic,Vegetables,42.75,270.0,108.73
2023-11-26,Ginger,Herbs & Spices,8.3,160.0,77.35
2023-11-26,Grapes,Fruits,18.5,200.0,82.78
2023-11-26,Coriander Leaves,Herbs & Spices,11.28,16.92,14.1
2023-11-27,Orange,Fruits,5.0,160.0,45.46
2023-11-27,Lemon,Fruits,7.5,100.0,40.74
2023-11-27,Mango,Fruits,16.5,300.0,79.18
2023-11-27,Mint,Herbs & Spices,7.11,10.67,8.89
2023-11-27,Okra,Vegetables,25.16,37.74,31.45
2023-11-27,Onion,Vegetables,31.69,47.53,39.61
2023-11-27,Pear,Fruits,70.0,80.0,75.0
2023-11-27,Green Hot Pepper,Vegetables,4.0,300.0,34.07
2023-11-27,Potato,Vegetables,11.93,17.9,14.91
2023-11-27,Rice,Grains,10.0,700.0,34.04
2023-11-27,Tomato,Vegetables,2.0,270.8,30.35
2023-11-27,Turmeric,Herbs & Spices,50.0,200.0,103.19
2023-11-27,Watermelon,Fruits,4.0,41.9,18.94
2023-11-27,Wheat,Grains,16.0,60.0,25.41
2023-11-27,Guava,Fruits,5.0,70.0,28.74
2023-11-27,Pomegranate,Fruits,4.0,200.0,74.05
2023-11-27,Green Onion,Vegetables,12.88,19.32,16.1
2023-11-27,Eggplant,Vegetables,2.0,168.8,19.28
2023-11-27,Green Beans,Vegetables,11.0,360.8,52.35
2023-11-27,Apple,Fruits,10.0,235.0,66.73
2023-11-27,Banana,Fruits,4.0,120.0,30.32
2023-11-27,Barley,Grains,15.5,23.7,20.05
2023-11-27,Bell Pepper,Vegetables,7.0,315.8,30.98
2023-11-27,Black pepper,Herbs & Spices,275.0,650.0,541.43
2023-11-27,Cantaloupe,Fruits,5.0,50.0,21.11
2023-11-27,Carrot,Vegetables,2.1,270.8,27.24
2023-11-27,Cabbage,Vegetables,2.0,180.8,16.34
2023-11-27,Corn,Grains,10.0,48.0,20.94
2023-11-27,Cucumber,Vegetables,2.0,378.8,23.92
2023-11-27,Cumin,Herbs & Spices,300.0,465.55,401.46
2023-11-27,Garlic,Vegetables,20.0,1045.8,124.34
2023-11-27,Ginger,Herbs & Spices,10.0,605.8,88.03
2023-11-27,Grapes,Fruits,16.0,150.0,76.34
2023-11-27,Coriander Leaves,Herbs & Spices,15.55,23.32,19.43
2023-11-28,Guava,Fruits,8.0,80.0,29.74
2023-11-28,Onion,Vegetables,32.19,48.28,40.24
2023-11-28,Lemon,Fruits,5.0,100.0,40.36
2023-11-28,Mango,Fruits,20.0,300.0,87.86
2023-11-28,Mint,Herbs & Spices,11.74,17.61,14.68
2023-11-28,Okra,Vegetables,4.0,176.8,31.92
2023-11-28,Orange,Fruits,5.0,160.0,43.69
2023-11-28,Wheat,Grains,12.51,60.0,25.75
2023-11-28,Pear,Fruits,22.03,90.0,48.52
2023-11-28,Pomegranate,Fruits,10.0,200.0,83.16
2023-11-28,Rice,Grains,10.0,85.0,33.42
2023-11-28,Tomato,Vegetables,2.0,248.0,30.75
2023-11-28,Turmeric,Herbs & Spices,20.0,210.0,104.16
2023-11-28,Watermelon,Fruits,4.0,44.0,21.07
2023-11-28,Green Onion,Vegetables,14.42,21.62,18.02
2023-11-28,Peach,Fruits,30.0,35.0,32.0
2023-11-28,Green Hot Pepper,Vegetables,5.0,300.0,32.15
2023-11-28,Potato,Vegetables,11.53,17.3,14.41
2023-11-28,Grapes,Fruits,18.5,250.0,95.0
2023-11-28,Green Beans,Vegetables,7.0,320.8,50.67
2023-11-28,Banana,Fruits,5.5,120.0,30.58
2023-11-28,Barley,Grains,15.0,24.15,19.78
2023-11-28,Bell Pepper,Vegetables,4.0,280.8,31.08
2023-11-28,Black pepper,Herbs & Spices,280.0,850.0,565.52
2023-11-28,Cabbage,Vegetables,2.0,165.8,15.79
2023-11-28,Cantaloupe,Fruits,5.5,60.0,31.14
2023-11-28,Apple,Fruits,9.38,235.0,64.26
2023-11-28,Coriander Leaves,Herbs & Spices,18.7,28.05,23.37
2023-11-28,Corn,Grains,2.06,45.0,20.57
2023-11-28,Cucumber,Vegetables,2.0,347.0,23.2
2023-11-28,Cumin,Herbs & Spices,200.0,700.0,409.79
2023-11-28,Eggplant,Vegetables,2.0,154.8,19.0
2023-11-28,Garlic,Vegetables,10.0,950.8,128.09
2023-11-28,Carrot,Vegetables,21.63,32.44,27.03
2023-11-28,Ginger,Herbs & Spices,10.0,550.8,84.96
2023-11-29,Guava,Fruits,5.0,80.0,30.11
2023-11-29,Lemon,Fruits,7.5,100.0,39.28
2023-11-29,Mango,Fruits,20.0,300.0,89.98
2023-11-29,Mint,Herbs & Spices,18.81,28.21,23.51
2023-11-29,Okra,Vegetables,4.0,127.0,33.38
2023-11-29,Onion,Vegetables,32.22,48.32,40.27
2023-11-29,Orange,Fruits,5.0,160.0,43.96
2023-11-29,Rice,Grains,10.0,70.0,33.6
2023-11-29,Pomegranate,Fruits,20.0,260.0,85.9
2023-11-29,Tomato,Vegetables,25.39,38.08,31.74
2023-11-29,Turmeric,Herbs & Spices,47.19,138.0,102.86
2023-11-29,Watermelon,Fruits,4.0,38.63,20.05
2023-11-29,Green Onion,Vegetables,14.71,22.06,18.38
2023-11-29,Wheat,Grains,16.0,55.0,25.77
2023-11-29,Peach,Fruits,20.0,25.0,22.0
2023-11-29,Green Hot Pepper,Vegetables,2.0,300.0,33.95
2023-11-29,Potato,Vegetables,11.66,17.49,14.58
2023-11-29,Grapes,Fruits,18.5,220.0,84.02
2023-11-29,Green Beans,Vegetables,12.0,400.8,52.3
2023-11-29,Apple,Fruits,9.38,235.0,64.26
2023-11-29,Banana,Fruits,4.0,200.0,30.96
2023-11-29,Barley,Grains,16.0,23.7,19.57
2023-11-29,Bell Pepper,Vegetables,8.0,350.8,30.31
2023-11-29,Cabbage,Vegetables,2.0,168.8,15.66
2023-11-29,Cantaloupe,Fruits,4.2,55.0,30.9
2023-11-29,Black pepper,Herbs & Spices,280.0,650.0,533.43
2023-11-29,Coriander Leaves,Herbs & Spices,19.04,28.56,23.8
2023-11-29,Corn,Grains,2.01,40.0,20.75
2023-11-29,Cucumber,Vegetables,2.0,216.8,22.7
2023-11-29,Cumin,Herbs & Spices,125.0,578.5,407.98
2023-11-29,Eggplant,Vegetables,2.0,240.8,19.18
2023-11-29,Garlic,Vegetables,15.0,1200.8,132.66
2023-11-29,Ginger,Herbs & Spices,8.0,750.8,86.41
2023-11-29,Carrot,Vegetables,3.0,360.8,26.72
2023-11-30,Onion,Vegetables,31.87,47.81,39.84
2023-11-30,Guava,Fruits,8.0,90.0,30.92
2023-11-30,Lemon,Fruits,10.0,100.0,38.4
2023-11-30,Mango,Fruits,46.0,240.0,108.31
2023-11-30,Mint,Herbs & Spices,12.06,18.09,15.08
2023-11-30,Okra,Vegetables,4.0,120.0,33.39
2023-11-30,Orange,Fruits,5.0,160.0,46.29
2023-11-30,Wheat,Grains,17.0,55.0,25.58
2023-11-30,Pomegranate,Fruits,20.0,200.0,84.94
2023-11-30,Potato,Vegetables,11.43,17.15,14.29
2023-11-30,Rice,Grains,10.0,70.0,32.77
2023-11-30,Tomato,Vegetables,2.0,303.0,31.1
2023-11-30,Turmeric,Herbs & Spices,75.0,135.89,102.13
2023-11-30,Watermelon,Fruits,8.0,48.57,20.21
2023-11-30,Green Onion,Vegetables,10.94,16.41,13.68
2023-11-30,Peach,Fruits,20.0,25.0,22.0
2023-11-30,Green Hot Pepper,Vegetables,5.0,250.0,33.8
2023-11-30,Cumin,Herbs & Spices,274.5,542.5,411.12
2023-11-30,Grapes,Fruits,24.0,200.0,91.49
2023-11-30,Apple,Fruits,9.38,235.0,66.43
2023-11-30,Banana,Fruits,4.0,120.0,31.15
2023-11-30,Barley,Grains,16.0,23.5,19.6
2023-11-30,Green Beans,Vegetables,11.0,360.8,50.72
2023-11-30,Black pepper,Herbs & Spices,280.0,700.0,554.11
2023-11-30,Cabbage,Vegetables,12.98,19.46,16.22
2023-11-30,Cantaloupe,Fruits,3.83,61.0,35.48
2023-11-30,Bell Pepper,Vegetables,7.0,315.8,29.05
2023-11-30,Coriander Leaves,Herbs & Spices,17.05,25.58,21.32
2023-11-30,Corn,Grains,16.58,24.88,20.73
2023-11-30,Cucumber,Vegetables,3.0,198.8,22.79
2023-11-30,Eggplant,Vegetables,2.0,220.8,19.56
2023-11-30,Garlic,Vegetables,11.0,1100.8,136.93
2023-11-30,Ginger,Herbs & Spices,10.0,688.0,85.94
2023-11-30,Carrot,Vegetables,3.0,330.8,27.08
2023-12-01,Orange,Fruits,5.0,160.0,46.45
2023-12-01,Lemon,Fruits,9.8,230.0,40.23
2023-12-01,Mango,Fruits,20.0,300.0,87.63
2023-12-01,Mint,Herbs & Spices,10.0,400.0,93.6
2023-12-01,Okra,Vegetables,2.0,120.0,34.47
2023-12-01,Onion,Vegetables,3.02,255.8,40.55
2023-12-01,Peach,Fruits,18.0,20.0,19.0
2023-12-01,Guava,Fruits,8.0,80.0,29.7
2023-12-01,Pomegranate,Fruits,20.0,250.0,84.1
2023-12-01,Potato,Vegetables,11.55,17.32,14.43
2023-12-01,Rice,Grains,18.0,112.9,34.26
2023-12-01,Tomato,Vegetables,2.5,275.8,31.32
2023-12-01,Turmeric,Herbs & Spices,66.06,170.0,109.46
2023-12-01,Watermelon,Fruits,4.0,54.0,20.78
2023-12-01,Wheat,Grains,17.0,55.49,25.64
2023-12-01,Pear,Fruits,85.0,90.0,87.5
2023-12-01,Green Onion,Vegetables,8.0,38.0,21.17
2023-12-01,Green Beans,Vegetables,11.0,320.8,51.89
2023-12-01,Green Hot Pepper,Vegetables,5.0,400.0,33.02
2023-12-01,Banana,Fruits,4.0,125.0,31.63
2023-12-01,Barley,Grains,15.75,27.25,19.81
2023-12-01,Bell Pepper,Vegetables,5.0,280.8,31.26
2023-12-01,Black pepper,Herbs & Spices,280.0,612.34,543.26
2023-12-01,Cabbage,Vegetables,13.01,19.51,16.26
2023-12-01,Cantaloupe,Fruits,5.0,45.0,24.03
2023-12-01,Carrot,Vegetables,21.51,32.27,26.89
2023-12-01,Apple,Fruits,6.1,240.0,67.4
2023-12-01,Corn,Grains,16.66,24.98,20.82
2023-12-01,Cucumber,Vegetables,2.0,180.8,22.87
2023-12-01,Cumin,Herbs & Spices,215.0,495.0,399.58
2023-12-01,Eggplant,Vegetables,2.0,200.8,20.26
2023-12-01,Garlic,Vegetables,15.0,1000.8,136.3
2023-12-01,Ginger,Herbs & Spices,8.4,625.8,86.86
2023-12-01,Grapes,Fruits,18.5,200.0,86.37
2023-12-01,Coriander Leaves,Herbs & Spices,22.75,34.13,28.44
2023-12-02,Guava,Fruits,6.0,80.0,28.75
2023-12-02,Lemon,Fruits,9.8,100.0,39.29
2023-12-02,Mango,Fruits,16.67,300.0,81.78
2023-12-02,Mint,Herbs & Spices,4.0,52.0,30.33
2023-12-02,Okra,Vegetables,4.0,168.8,33.98
2023-12-02,Onion,Vegetables,4.0,332.0,39.72
2023-12-02,Orange,Fruits,5.0,100.0,41.43
2023-12-02,Potato,Vegetables,11.7,17.55,14.62
2023-12-02,Pear,Fruits,140.0,160.0,150.0
2023-12-02,Pomegranate,Fruits,10.0,250.0,83.25
2023-12-02,Rice,Grains,12.0,70.0,32.07
2023-12-02,Tomato,Vegetables,3.0,325.8,30.39
2023-12-02,Turmeric,Herbs & Spices,107.5,210.0,141.48
2023-12-02,Wheat,Grains,18.59,60.0,25.62
2023-12-02,Green Onion,Vegetables,5.0,33.0,18.62
2023-12-02,Peach,Fruits,20.0,25.0,22.0
2023-12-02,Green Hot Pepper,Vegetables,5.0,273.8,31.89
2023-12-02,Watermelon,Fruits,4.0,40.0,20.13
2023-12-02,Grapes,Fruits,12.5,200.0,87.24
2023-12-02,Banana,Fruits,4.0,76.0,29.91
2023-12-02,Barley,Grains,15.0,27.5,19.76
2023-12-02,Bell Pepper,Vegetables,4.0,300.8,31.07
2023-12-02,Black pepper,Herbs & Spices,488.0,650.0,569.35
2023-12-02,Cabbage,Vegetables,12.58,18.87,15.72
2023-12-02,Cantaloupe,Fruits,4.17,50.0,25.85
2023-12-02,Carrot,Vegetables,2.2,358.0,26.49
2023-12-02,Apple,Fruits,6.9,260.0,66.15
2023-12-02,Corn,Grains,16.64,24.96,20.8
2023-12-02,Coriander Leaves,Herbs & Spices,19.71,29.57,24.64
2023-12-02,Ginger,Herbs & Spices,8.1,660.8,88.3
2023-12-02,Garlic,Vegetables,10.0,1500.8,137.37
2023-12-02,Green Beans,Vegetables,11.0,375.8,50.73
2023-12-02,Cumin,Herbs & Spices,277.55,485.0,397.06
2023-12-02,Cucumber,Vegetables,3.0,228.0,22.69
2023-12-02,Eggplant,Vegetables,2.0,228.0,19.52
2023-12-03,Green Onion,Vegetables,12.62,18.93,15.78
2023-12-03,Guava,Fruits,8.0,80.0,25.29
2023-12-03,Lemon,Fruits,10.0,90.0,36.17
2023-12-03,Mango,Fruits,59.0,90.0,78.67
2023-12-03,Mint,Herbs & Spices,18.0,50.0,34.75
2023-12-03,Okra,Vegetables,4.0,100.0,29.77
2023-12-03,Onion,Vegetables,5.0,98.0,38.34
2023-12-03,Orange,Fruits,5.0,70.0,30.47
2023-12-03,Potato,Vegetables,2.0,47.0,12.83
2023-12-03,Tomato,Vegetables,2.55,80.0,27.59
2023-12-03,Turmeric,Herbs & Spices,107.5,108.5,107.95
2023-12-03,Watermelon,Fruits,4.0,35.0,18.57
2023-12-03,Green Hot Pepper,Vegetables,5.0,250.0,28.1
2023-12-03,Wheat,Grains,19.0,32.5,24.56
2023-12-03,Pomegranate,Fruits,16.0,190.0,75.34
2023-12-03,Rice,Grains,10.0,91.5,33.52
2023-12-03,Green Beans,Vegetables,11.0,90.0,43.79
2023-12-03,Ginger,Herbs & Spices,8.1,160.0,76.44
2023-12-03,Grapes,Fruits,12.5,180.0,81.53
2023-12-03,Apple,Fruits,6.8,180.0,64.18
2023-12-03,Banana,Fruits,4.0,125.0,26.24
2023-12-03,Barley,Grains,17.0,23.4,20.02
2023-12-03,Black pepper,Herbs & Spices,560.0,650.0,580.0
2023-12-03,Cabbage,Vegetables,11.41,17.11,14.26
2023-12-03,Bell Pepper,Vegetables,6.0,82.0,29.14
2023-12-03,Carrot,Vegetables,2.1,100.0,23.75
2023-12-03,Coriander Leaves,Herbs & Spices,13.8,20.7,17.25
2023-12-03,Corn,Grains,10.0,25.0,20.07
2023-12-03,Cucumber,Vegetables,2.0,65.0,19.88
2023-12-03,Eggplant,Vegetables,3.0,70.0,18.31
2023-12-03,Garlic,Vegetables,17.0,300.0,113.71
2023-12-03,Cantaloupe,Fruits,5.0,30.0,16.22
2023-12-04,Onion,Vegetables,31.71,47.57,39.64
2023-12-04,Guava,Fruits,8.0,128.57,30.38
2023-12-04,Lemon,Fruits,9.0,100.0,37.98
2023-12-04,Mango,Fruits,20.0,300.0,92.35
2023-12-04,Mint,Herbs & Spices,16.7,25.05,20.87
2023-12-04,Okra,Vegetables,4.0,154.8,35.81
2023-12-04,Orange,Fruits,5.0,160.0,43.67
2023-12-04,Wheat,Grains,2.52,60.0,25.95
2023-12-04,Pomegranate,Fruits,15.0,200.0,79.84
2023-12-04,Potato,Vegetables,11.37,17.06,14.22
2023-12-04,Rice,Grains,10.0,70.0,33.47
2023-12-04,Tomato,Vegetables,2.0,300.8,29.71
2023-12-04,Turmeric,Herbs & Spices,20.0,170.0,104.35
2023-12-04,Watermelon,Fruits,4.0,47.0,21.0
2023-12-04,Green Onion,Vegetables,14.05,21.08,17.56
2023-12-04,Pear,Fruits,170.0,170.0,170.0
2023-12-04,Green Hot Pepper,Vegetables,5.0,252.8,30.89
2023-12-04,Apple,Fruits,6.9,235.0,63.33
2023-12-04,Grapes,Fruits,12.5,258.0,85.93
2023-12-04,Banana,Fruits,4.0,140.0,31.15
2023-12-04,Barley,Grains,15.92,24.0,19.82
2023-12-04,Bell Pepper,Vegetables,8.0,270.8,32.31
2023-12-04,Black pepper,Herbs & Spices,280.0,650.0,551.12
2023-12-04,Cabbage,Vegetables,12.56,18.84,15.7
2023-12-04,Cantaloupe,Fruits,5.0,40.0,24.45
2023-12-04,Carrot,Vegetables,5.0,330.8,25.71
2023-12-04,Green Beans,Vegetables,14.0,338.0,51.16
2023-12-04,Corn,Grains,4.35,51.9,21.02
2023-12-04,Cucumber,Vegetables,2.0,210.8,21.67
2023-12-04,Cumin,Herbs & Spices,215.0,700.0,413.19
2023-12-04,Eggplant,Vegetables,15.64,23.46,19.55
2023-12-04,Garlic,Vegetables,10.0,1375.8,144.45
2023-12-04,Ginger,Herbs & Spices,18.1,605.8,87.71
2023-12-04,Coriander Leaves,Herbs & Spices,17.41,26.11,21.76
2023-12-05,Guava,Fruits,7.5,80.0,27.8
2023-12-05,Lemon,Fruits,10.0,90.0,39.13
2023-12-05,Mango,Fruits,55.0,300.0,104.46
2023-12-05,Mint,Herbs & Spices,15.15,22.73,18.94
2023-12-05,Okra,Vegetables,4.0,140.8,35.33
2023-12-05,Onion,Vegetables,31.18,46.77,38.97
2023-12-05,Orange,Fruits,5.0,150.0,45.02
2023-12-05,Potato,Vegetables,11.28,16.92,14.1
2023-12-05,Pomegranate,Fruits,15.0,275.0,80.28
2023-12-05,Rice,Grains,10.0,70.0,33.39
2023-12-05,Tomato,Vegetables,22.38,33.57,27.97
2023-12-05,Turmeric,Herbs & Spices,62.16,210.0,110.78
2023-12-05,Watermelon,Fruits,3.0,36.0,19.5
2023-12-05,Green Onion,Vegetables,12.84,19.26,16.05
2023-12-05,Pear,Fruits,10.0,180.0,95.5
2023-12-05,Wheat,Grains,13.02,72.75,25.91
2023-12-05,Green Hot Pepper,Vegetables,4.0,250.0,30.85
2023-12-05,Grapes,Fruits,16.0,180.0,79.58
2023-12-05,Green Beans,Vegetables,11.0,300.8,50.02
2023-12-05,Apple,Fruits,6.1,235.0,67.29
2023-12-05,Banana,Fruits,4.0,140.0,30.52
2023-12-05,Barley,Grains,16.0,23.6,19.78
2023-12-05,Black pepper,Herbs & Spices,280.0,850.0,560.21
2023-12-05,Cabbage,Vegetables,12.1,18.14,15.12
2023-12-05,Cantaloupe,Fruits,5.0,48.0,27.95
2023-12-05,Bell Pepper,Vegetables,6.0,240.8,32.19
2023-12-05,Coriander Leaves,Herbs & Spices,15.17,22.76,18.97
2023-12-05,Corn,Grains,2.03,45.0,21.0
2023-12-05,Cucumber,Vegetables,3.0,193.0,21.12
2023-12-05,Cumin,Herbs & Spices,220.0,700.0,415.2
2023-12-05,Eggplant,Vegetables,2.5,193.0,19.34
2023-12-05,Garlic,Vegetables,11.0,1250.8,140.05
2023-12-05,Ginger,Herbs & Spices,5.0,550.8,84.62
2023-12-05,Carrot,Vegetables,3.0,303.0,25.42
2023-12-06,Orange,Fruits,5.0,100.0,38.37
2023-12-06,Guava,Fruits,7.5,100.0,29.15
2023-12-06,Lemon,Fruits,10.0,100.0,37.6
2023-12-06,Mango,Fruits,20.0,300.0,87.13
2023-12-06,Mint,Herbs & Spices,17.81,26.71,22.26
2023-12-06,Okra,Vegetables,4.0,163.0,36.72
2023-12-06,Onion,Vegetables,30.96,46.44,38.7
2023-12-06,Peach,Fruits,18.0,25.0,22.0
2023-12-06,Wheat,Grains,12.0,56.24,25.8
2023-12-06,Pomegranate,Fruits,11.0,350.0,81.45
2023-12-06,Potato,Vegetables,11.32,16.98,14.15
2023-12-06,Rice,Grains,10.0,81.0,33.14
2023-12-06,Tomato,Vegetables,2.5,358.0,27.64
2023-12-06,Turmeric,Herbs & Spices,54.0,210.0,112.49
2023-12-06,Watermelon,Fruits,3.0,36.0,20.47
2023-12-06,Green Onion,Vegetables,12.98,19.47,16.22
2023-12-06,Pear,Fruits,150.0,150.0,150.0
2023-12-06,Green Hot Pepper,Vegetables,4.0,300.8,31.38
2023-12-06,Eggplant,Vegetables,15.79,23.68,19.73
2023-12-06,Grapes,Fruits,12.5,280.0,86.26
2023-12-06,Apple,Fruits,6.2,185.0,65.51
2023-12-06,Banana,Fruits,4.0,113.0,30.05
2023-12-06,Barley,Grains,14.0,23.6,19.66
2023-12-06,Bell Pepper,Vegetables,2.0,350.8,30.88
2023-12-06,Cabbage,Vegetables,11.8,17.7,14.75
2023-12-06,Cantaloupe,Fruits,3.69,52.0,26.8
2023-12-06,Carrot,Vegetables,19.24,28.87,24.06
2023-12-06,Black pepper,Herbs & Spices,280.0,850.0,562.87
2023-12-06,Corn,Grains,14.0,45.0,20.95
2023-12-06,Cucumber,Vegetables,2.0,163.0,20.88
2023-12-06,Cumin,Herbs & Spices,262.5,700.0,393.65
2023-12-06,Green Beans,Vegetables,7.5,400.8,51.96
2023-12-06,Garlic,Vegetables,15.0,1800.8,143.3
2023-12-06,Ginger,Herbs & Spices,7.8,720.8,85.18
2023-12-06,Coriander Leaves,Herbs & Spices,15.04,22.56,18.8
2023-12-07,Orange,Fruits,5.0,84.0,36.35
2023-12-07,Lemon,Fruits,8.0,100.0,38.75
2023-12-07,Mango,Fruits,20.0,300.0,86.33
2023-12-07,Mint,Herbs & Spices,17.68,26.52,22.1
2023-12-07,Okra,Vegetables,4.0,150.8,36.6
2023-12-07,Onion,Vegetables,31.31,46.97,39.14
2023-12-07,Peach,Fruits,15.0,30.0,21.5
2023-12-07,Wheat,Grains,10.0,52.5,25.78
2023-12-07,Pomegranate,Fruits,15.0,275.0,78.41
2023-12-07,Potato,Vegetables,10.93,16.39,13.66
2023-12-07,Rice,Grains,10.0,70.0,32.64
2023-12-07,Tomato,Vegetables,21.38,32.07,26.72
2023-12-07,Turmeric,Herbs & Spices,61.09,210.0,112.79
2023-12-07,Watermelon,Fruits,3.0,40.0,20.1
2023-12-07,Guava,Fruits,4.0,80.0,28.13
2023-12-07,Pear,Fruits,100.0,130.0,120.0
2023-12-07,Green Onion,Vegetables,13.13,19.69,16.41
2023-12-07,Green Hot Pepper,Vegetables,4.0,275.8,29.92
2023-12-07,Green Beans,Vegetables,11.0,360.8,49.55
2023-12-07,Banana,Fruits,24.82,37.22,31.02
2023-12-07,Barley,Grains,15.5,24.0,19.62
2023-12-07,Bell Pepper,Vegetables,2.0,315.8,30.65
2023-12-07,Black pepper,Herbs & Spices,488.0,850.0,583.46
2023-12-07,Cabbage,Vegetables,11.5,17.24,14.37
2023-12-07,Cantaloupe,Fruits,5.0,55.0,33.33
2023-12-07,Carrot,Vegetables,2.0,275.8,22.77
2023-12-07,Apple,Fruits,8.75,220.0,67.5
2023-12-07,Corn,Grains,14.0,45.0,20.84
2023-12-07,Cucumber,Vegetables,2.0,150.8,21.11
2023-12-07,Cumin,Herbs & Spices,175.0,700.0,383.32
2023-12-07,Eggplant,Vegetables,2.0,300.8,19.53
2023-12-07,Garlic,Vegetables,15.0,1650.8,145.64
2023-12-07,Ginger,Herbs & Spices,12.0,660.8,86.08
2023-12-07,Grapes,Fruits,10.0,180.0,80.91
2023-12-07,Coriander Leaves,Herbs & Spices,15.91,23.87,19.89
2023-12-08,Guava,Fruits,6.0,100.0,27.53
2023-12-08,Lemon,Fruits,9.0,100.0,38.77
2023-12-08,Mango,Fruits,45.0,120.0,79.83
2023-12-08,Mint,Herbs & Spices,16.77,25.16,20.96
2023-12-08,Okra,Vegetables,4.0,138.0,36.52
2023-12-08,Onion,Vegetables,30.41,45.61,38.01
2023-12-08,Orange,Fruits,5.0,150.0,40.74
2023-12-08,Potato,Vegetables,10.96,16.44,13.7
2023-12-08,Pear,Fruits,120.0,154.0,130.0
2023-12-08,Wheat,Grains,14.3,49.31,25.69
2023-12-08,Rice,Grains,10.0,90.0,33.22
2023-12-08,Tomato,Vegetables,21.57,32.35,26.96
2023-12-08,Turmeric,Herbs & Spices,19.0,210.0,100.95
2023-12-08,Watermelon,Fruits,3.0,36.0,20.81
2023-12-08,Green Onion,Vegetables,13.23,19.85,16.54
2023-12-08,Peach,Fruits,12.0,20.0,18.0
2023-12-08,Green Hot Pepper,Vegetables,24.45,36.68,30.56
2023-12-08,Pomegranate,Fruits,14.0,400.0,81.73
2023-12-08,Grapes,Fruits,10.0,220.0,82.5
2023-12-08,Apple,Fruits,6.0,200.0,65.86
2023-12-08,Banana,Fruits,4.0,94.0,30.39
2023-12-08,Barley,Grains,10.0,25.0,19.69
2023-12-08,Bell Pepper,Vegetables,2.0,100.0,28.82
2023-12-08,Green Beans,Vegetables,7.0,320.8,49.51
2023-12-08,Cabbage,Vegetables,11.37,17.05,14.21
2023-12-08,Cantaloupe,Fruits,5.0,52.0,35.47
2023-12-08,Black pepper,Herbs & Spices,409.69,850.0,578.35
2023-12-08,Coriander Leaves,Herbs & Spices,14.91,22.37,18.64
2023-12-08,Corn,Grains,12.09,45.0,21.11
2023-12-08,Cucumber,Vegetables,16.65,24.98,20.82
2023-12-08,Cumin,Herbs & Spices,212.5,1400.0,401.58
2023-12-08,Eggplant,Vegetables,16.0,24.0,20.0
2023-12-08,Garlic,Vegetables,10.0,1500.8,142.36
2023-12-08,Ginger,Herbs & Spices,68.91,103.36,86.14
2023-12-08,Carrot,Vegetables,18.4,27.59,22.99
2023-12-09,Guava,Fruits,8.0,100.0,25.41
2023-12-09,Lemon,Fruits,10.0,110.0,37.07
2023-12-09,Mango,Fruits,40.0,300.0,110.06
2023-12-09,Mint,Herbs & Spices,16.95,25.43,21.19
2023-12-09,Okra,Vegetables,4.0,90.0,36.28
2023-12-09,Onion,Vegetables,29.46,44.19,36.82
2023-12-09,Orange,Fruits,5.0,150.0,38.28
2023-12-09,Wheat,Grains,18.44,58.69,25.61
2023-12-09,Potato,Vegetables,10.52,15.78,13.15
2023-12-09,Rice,Grains,10.0,100.0,32.83
2023-12-09,Tomato,Vegetables,2.0,80.0,24.13
2023-12-09,Turmeric,Herbs & Spices,62.0,210.0,112.88
2023-12-09,Watermelon,Fruits,3.0,35.0,21.65
2023-12-09,Green Onion,Vegetables,13.6,20.4,17.0
2023-12-09,Pear,Fruits,120.0,120.0,120.0
2023-12-09,Green Hot Pepper,Vegetables,4.0,250.0,30.71
2023-12-09,Pomegranate,Fruits,15.0,200.0,75.25
2023-12-09,Grapes,Fruits,18.5,170.0,80.29
2023-12-09,Green Beans,Vegetables,7.0,85.0,47.6
2023-12-09,Apple,Fruits,8.75,220.0,65.7
2023-12-09,Banana,Fruits,4.0,125.0,30.68
2023-12-09,Barley,Grains,16.0,23.5,19.59
2023-12-09,Bell Pepper,Vegetables,2.0,100.0,28.88
2023-12-09,Cabbage,Vegetables,10.92,16.37,13.65
2023-12-09,Cantaloupe,Fruits,5.0,52.0,34.66
2023-12-09,Black pepper,Herbs & Spices,488.0,850.0,591.25
2023-12-09,Coriander Leaves,Herbs & Spices,12.85,19.28,16.06
2023-12-09,Corn,Grains,12.09,45.0,21.15
2023-12-09,Cucumber,Vegetables,3.0,72.0,19.45
2023-12-09,Cumin,Herbs & Spices,170.0,450.05,337.48
2023-12-09,Eggplant,Vegetables,2.3,85.0,19.81
2023-12-09,Garlic,Vegetables,17.0,300.0,128.62
2023-12-09,Ginger,Herbs & Spices,16.0,204.0,81.49
2023-12-09,Carrot,Vegetables,2.0,100.0,22.39
2023-12-10,Okra,Vegetables,3.0,100.0,34.87
2023-12-10,Guava,Fruits,8.0,60.0,23.2
2023-12-10,Lemon,Fruits,10.0,80.0,37.2
2023-12-10,Mango,Fruits,20.0,120.0,79.2
2023-12-10,Mint,Herbs & Spices,9.27,13.9,11.59
2023-12-10,Onion,Vegetables,4.0,98.0,36.39
2023-12-10,Wheat,Grains,18.5,36.0,24.79
2023-12-10,Pomegranate,Fruits,18.0,200.0,71.97
2023-12-10,Potato,Vegetables,2.0,100.01,12.77
2023-12-10,Rice,Grains,10.0,70.0,32.05
2023-12-10,Tomato,Vegetables,2.5,70.0,22.55
2023-12-10,Turmeric,Herbs & Spices,70.0,108.6,95.75
2023-12-10,Watermelon,Fruits,3.0,38.0,21.53
2023-12-10,Green Onion,Vegetables,10.58,15.87,13.23
2023-12-10,Orange,Fruits,5.0,70.0,31.06
2023-12-10,Green Hot Pepper,Vegetables,4.0,260.0,28.43
2023-12-10,Cucumber,Vegetables,3.0,72.0,20.24
2023-12-10,Grapes,Fruits,18.5,180.0,71.68
2023-12-10,Apple,Fruits,17.0,180.0,63.95
2023-12-10,Banana,Fruits,4.0,75.0,26.85
2023-12-10,Barley,Grains,16.75,23.2,19.82
2023-12-10,Green Beans,Vegetables,11.0,80.0,45.65
2023-12-10,Black pepper,Herbs & Spices,488.0,650.0,545.0
2023-12-10,Cabbage,Vegetables,10.57,15.85,13.21
2023-12-10,Bell Pepper,Vegetables,4.0,95.2,30.28
2023-12-10,Carrot,Vegetables,17.06,25.58,21.32
2023-12-10,Coriander Leaves,Herbs & Spices,10.29,15.44,12.87
2023-12-10,Corn,Grains,15.0,27.0,20.32
2023-12-10,Eggplant,Vegetables,2.9,103.0,19.18
2023-12-10,Garlic,Vegetables,15.0,340.0,120.73
2023-12-10,Ginger,Herbs & Spices,12.8,184.0,79.22
2023-12-10,Cantaloupe,Fruits,5.0,15.0,6.94
2023-12-11,Okra,Vegetables,3.0,110.0,38.0
2023-12-11,Guava,Fruits,5.0,80.0,27.4
2023-12-11,Lemon,Fruits,10.0,100.0,37.9
2023-12-11,Mango,Fruits,19.0,300.0,107.96
2023-12-11,Wheat,Grains,8.51,48.0,25.6
2023-12-11,Mint,Herbs & Spices,16.25,24.38,20.32
2023-12-11,Onion,Vegetables,28.76,43.14,35.95
2023-12-11,Green Onion,Vegetables,13.37,20.05,16.71
2023-12-11,Pear,Fruits,120.0,127.0,123.0
2023-12-11,Pomegranate,Fruits,16.0,300.0,77.11
2023-12-11,Potato,Vegetables,10.74,16.11,13.42
2023-12-11,Rice,Grains,10.0,90.0,33.46
2023-12-11,Tomato,Vegetables,2.0,80.0,24.04
2023-12-11,Turmeric,Herbs & Spices,20.0,170.0,92.98
2023-12-11,Watermelon,Fruits,3.0,38.0,21.74
2023-12-11,Orange,Fruits,5.0,150.0,40.08
2023-12-11,Green Hot Pepper,Vegetables,4.0,250.0,30.4
2023-12-11,Cumin,Herbs & Spices,55.0,700.0,353.67
2023-12-11,Grapes,Fruits,12.5,291.0,89.33
2023-12-11,Apple,Fruits,6.2,235.0,66.89
2023-12-11,Banana,Fruits,4.0,100.0,28.93
2023-12-11,Barley,Grains,13.0,29.05,20.16
2023-12-11,Bell Pepper,Vegetables,2.0,120.0,30.08
2023-12-11,Black pepper,Herbs & Spices,478.99,850.0,578.4
2023-12-11,Cabbage,Vegetables,11.15,16.72,13.93
2023-12-11,Cantaloupe,Fruits,6.0,55.0,31.78
2023-12-11,Green Beans,Vegetables,7.0,92.0,43.64
2023-12-11,Coriander Leaves,Herbs & Spices,14.59,21.88,18.23
2023-12-11,Corn,Grains,3.55,45.0,21.15
2023-12-11,Cucumber,Vegetables,3.0,72.0,20.82
2023-12-11,Eggplant,Vegetables,16.5,24.75,20.62
2023-12-11,Garlic,Vegetables,13.0,340.0,137.4
2023-12-11,Ginger,Herbs & Spices,8.0,245.0,82.0
2023-12-11,Carrot,Vegetables,17.5,26.25,21.87
2023-12-12,Lemon,Fruits,8.0,100.0,38.01
2023-12-12,Mango,Fruits,53.0,300.0,115.96
2023-12-12,Mint,Herbs & Spices,16.32,24.47,20.4
2023-12-12,Okra,Vegetables,3.0,110.0,37.88
2023-12-12,Onion,Vegetables,2.0,98.0,34.63
2023-12-12,Orange,Fruits,5.0,100.0,36.41
2023-12-12,Pear,Fruits,15.0,150.0,80.0
2023-12-12,Rice,Grains,10.0,70.0,32.48
2023-12-12,Potato,Vegetables,10.27,15.4,12.83
2023-12-12,Tomato,Vegetables,18.19,27.28,22.73
2023-12-12,Turmeric,Herbs & Spices,61.5,210.0,107.25
2023-12-12,Watermelon,Fruits,3.0,50.0,23.05
2023-12-12,Wheat,Grains,18.5,47.46,25.24
2023-12-12,Guava,Fruits,5.0,130.0,28.35
2023-12-12,Pomegranate,Fruits,14.0,200.0,78.52
2023-12-12,Green Onion,Vegetables,11.99,17.99,14.99
2023-12-12,Green Hot Pepper,Vegetables,4.0,250.0,29.84
2023-12-12,Apple,Fruits,6.3,200.0,66.79
2023-12-12,Green Beans,Vegetables,7.0,85.0,43.24
2023-12-12,Banana,Fruits,4.0,126.0,29.98
2023-12-12,Barley,Grains,16.0,25.0,20.11
2023-12-12,Bell Pepper,Vegetables,2.0,100.0,30.46
2023-12-12,Black pepper,Herbs & Spices,488.0,850.0,577.38
2023-12-12,Cantaloupe,Fruits,6.0,52.0,28.94
2023-12-12,Carrot,Vegetables,16.88,25.32,21.1
2023-12-12,Cabbage,Vegetables,11.29,16.93,14.11
2023-12-12,Corn,Grains,11.5,45.0,20.92
2023-12-12,Cucumber,Vegetables,3.0,62.0,20.48
2023-12-12,Cumin,Herbs & Spices,250.0,800.0,366.06
2023-12-12,Eggplant,Vegetables,2.0,85.0,20.92
2023-12-12,Garlic,Vegetables,11.0,300.0,139.58
2023-12-12,Ginger,Herbs & Spices,7.9,200.0,78.83
2023-12-12,Grapes,Fruits,12.5,300.0,90.77
2023-12-12,Coriander Leaves,Herbs & Spices,14.9,22.35,18.63
2023-12-13,Onion,Vegetables,26.8,40.2,33.5
2023-12-13,Guava,Fruits,5.0,90.0,26.75
2023-12-13,Lemon,Fruits,10.0,90.0,36.97
2023-12-13,Mango,Fruits,50.0,300.0,103.98
2023-12-13,Mint,Herbs & Spices,20.12,30.18,25.15
2023-12-13,Okra,Vegetables,3.0,130.8,38.16
2023-12-13,Orange,Fruits,5.0,100.0,39.42
2023-12-13,Green Onion,Vegetables,12.99,19.48,16.24
2023-12-13,Pomegranate,Fruits,15.0,200.0,78.09
2023-12-13,Potato,Vegetables,10.5,15.75,13.12
2023-12-13,Rice,Grains,10.0,73.0,33.63
2023-12-13,Tomato,Vegetables,17.91,26.86,22.39
2023-12-13,Turmeric,Herbs & Spices,61.45,170.0,107.54
2023-12-13,Watermelon,Fruits,3.0,40.88,21.34
2023-12-13,Wheat,Grains,15.0,60.14,25.36
2023-12-13,Pear,Fruits,289.0,289.0,289.0
2023-12-13,Green Hot Pepper,Vegetables,4.0,260.8,31.2
2023-12-13,Apple,Fruits,6.2,200.0,66.92
2023-12-13,Grapes,Fruits,18.75,200.0,83.54
2023-12-13,Green Beans,Vegetables,7.0,400.8,46.39
2023-12-13,Banana,Fruits,4.0,125.0,29.51
2023-12-13,Barley,Grains,15.5,23.75,19.8
2023-12-13,Bell Pepper,Vegetables,2.0,440.8,32.4
2023-12-13,Cabbage,Vegetables,11.54,17.31,14.43
2023-12-13,Cantaloupe,Fruits,6.0,52.0,32.28
2023-12-13,Carrot,Vegetables,16.93,25.4,21.16
2023-12-13,Black pepper,Herbs & Spices,488.0,850.0,578.71
2023-12-13,Corn,Grains,12.0,45.0,21.1
2023-12-13,Cucumber,Vegetables,2.0,130.8,20.65
2023-12-13,Cumin,Herbs & Spices,225.0,700.0,365.15
2023-12-13,Eggplant,Vegetables,17.85,26.78,22.31
2023-12-13,Garlic,Vegetables,15.0,1950.8,154.74
2023-12-13,Ginger,Herbs & Spices,8.0,715.8,83.11
2023-12-13,Coriander Leaves,Herbs & Spices,14.76,22.14,18.45
2023-12-14,Onion,Vegetables,26.65,39.98,33.32
2023-12-14,Guava,Fruits,6.0,100.0,27.86
2023-12-14,Lemon,Fruits,10.0,90.0,36.32
2023-12-14,Mango,Fruits,55.0,300.0,110.96
2023-12-14,Mint,Herbs & Spices,12.31,18.46,15.38
2023-12-14,Okra,Vegetables,2.0,140.0,40.26
2023-12-14,Orange,Fruits,5.0,120.0,41.58
2023-12-14,Wheat,Grains,16.9,67.55,25.34
2023-12-14,Pomegranate,Fruits,13.0,375.0,76.23
2023-12-14,Potato,Vegetables,10.66,15.99,13.32
2023-12-14,Rice,Grains,10.0,91.5,33.94
2023-12-14,Tomato,Vegetables,17.59,26.38,21.99
2023-12-14,Turmeric,Herbs & Spices,68.0,210.0,111.24
2023-12-14,Watermelon,Fruits,3.0,43.0,23.0
2023-12-14,Green Onion,Vegetables,11.73,17.6,14.66
2023-12-14,Pear,Fruits,120.0,140.0,130.0
2023-12-14,Green Hot Pepper,Vegetables,4.0,350.0,31.89
2023-12-14,Apple,Fruits,8.75,180.0,65.65
2023-12-14,Grapes,Fruits,12.5,180.0,80.33
2023-12-14,Banana,Fruits,5.0,125.0,30.13
2023-12-14,Barley,Grains,16.3,23.6,20.05
2023-12-14,Bell Pepper,Vegetables,4.0,400.8,30.73
2023-12-14,Black pepper,Herbs & Spices,488.0,850.0,578.31
2023-12-14,Cabbage,Vegetables,12.15,18.23,15.19
2023-12-14,Cantaloupe,Fruits,6.0,50.0,31.16
2023-12-14,Carrot,Vegetables,3.0,282.8,22.82
2023-12-14,Green Beans,Vegetables,7.0,85.0,42.78
2023-12-14,Corn,Grains,14.5,46.4,21.07
2023-12-14,Cucumber,Vegetables,3.0,120.8,21.69
2023-12-14,Cumin,Herbs & Spices,20.69,700.0,354.86
2023-12-14,Eggplant,Vegetables,3.0,360.8,23.22
2023-12-14,Garlic,Vegetables,16.0,1800.8,153.92
2023-12-14,Ginger,Herbs & Spices,12.5,660.8,84.35
2023-12-14,Coriander Leaves,Herbs & Spices,16.05,24.07,20.06
2023-12-15,Guava,Fruits,6.0,85.0,27.28
2023-12-15,Lemon,Fruits,8.0,100.0,37.75
2023-12-15,Mango,Fruits,20.0,300.0,110.48
2023-12-15,Mint,Herbs & Spices,17.04,25.57,21.31
2023-12-15,Okra,Vegetables,4.0,120.0,40.32
2023-12-15,Onion,Vegetables,25.95,38.92,32.44
2023-12-15,Orange,Fruits,5.0,120.0,40.78
2023-12-15,Potato,Vegetables,10.55,15.83,13.19
2023-12-15,Pear,Fruits,140.0,140.0,140.0
2023-12-15,Pomegranate,Fruits,16.0,420.0,79.06
2023-12-15,Rice,Grains,10.0,91.5,33.24
2023-12-15,Tomato,Vegetables,17.09,25.63,21.36
2023-12-15,Turmeric,Herbs & Spices,61.5,210.0,107.96
2023-12-15,Green Onion,Vegetables,13.46,20.19,16.82
2023-12-15,Wheat,Grains,16.0,49.01,25.24
2023-12-15,Peach,Fruits,15.0,20.0,18.0
2023-12-15,Watermelon,Fruits,3.0,50.0,21.82
2023-12-15,Green Hot Pepper,Vegetables,3.0,270.0,30.47
2023-12-15,Grapes,Fruits,15.0,180.0,71.73
2023-12-15,Green Beans,Vegetables,7.0,320.8,47.57
2023-12-15,Apple,Fruits,6.5,250.0,68.38
2023-12-15,Banana,Fruits,5.0,200.0,29.56
2023-12-15,Barley,Grains,16.0,23.7,19.67
2023-12-15,Bell Pepper,Vegetables,4.0,360.8,33.31
2023-12-15,Cabbage,Vegetables,11.75,17.63,14.69
2023-12-15,Cantaloupe,Fruits,6.0,55.0,31.96
2023-12-15,Black pepper,Herbs & Spices,280.0,850.0,566.43
2023-12-15,Coriander Leaves,Herbs & Spices,15.47,23.2,19.33
2023-12-15,Corn,Grains,11.55,45.0,21.19
2023-12-15,Cucumber,Vegetables,3.0,110.8,21.34
2023-12-15,Cumin,Herbs & Spices,175.0,700.0,364.67
2023-12-15,Eggplant,Vegetables,2.0,330.8,23.45
2023-12-15,Garlic,Vegetables,15.0,1500.8,152.74
2023-12-15,Ginger,Herbs & Spices,7.9,605.8,84.32
2023-12-15,Carrot,Vegetables,17.76,26.64,22.2
2023-12-16,Onion,Vegetables,25.15,37.73,31.44
2023-12-16,Guava,Fruits,5.0,75.0,27.12
2023-12-16,Lemon,Fruits,9.0,100.0,37.72
2023-12-16,Mango,Fruits,70.0,300.0,135.3
2023-12-16,Mint,Herbs & Spices,20.04,30.06,25.05
2023-12-16,Okra,Vegetables,4.0,180.8,40.89
2023-12-16,Orange,Fruits,5.0,160.0,37.89
2023-12-16,Green Onion,Vegetables,13.17,19.75,16.46
2023-12-16,Pomegranate,Fruits,15.0,385.0,77.81
2023-12-16,Potato,Vegetables,10.36,15.54,12.95
2023-12-16,Rice,Grains,10.0,100.0,32.88
2023-12-16,Tomato,Vegetables,16.27,24.41,20.34
2023-12-16,Turmeric,Herbs & Spices,20.0,210.0,97.31
2023-12-16,Watermelon,Fruits,3.0,80.0,23.34
2023-12-16,Wheat,Grains,15.0,55.09,24.97
2023-12-16,Pear,Fruits,120.0,120.0,120.0
2023-12-16,Green Hot Pepper,Vegetables,4.0,300.8,31.28
2023-12-16,Grapes,Fruits,12.5,180.0,82.67
2023-12-16,Apple,Fruits,6.1,270.0,69.08
2023-12-16,Green Beans,Vegetables,7.0,480.8,50.03
2023-12-16,Banana,Fruits,4.0,125.0,28.34
2023-12-16,Barley,Grains,15.01,26.85,20.03
2023-12-16,Bell Pepper,Vegetables,5.0,420.8,32.79
2023-12-16,Cabbage,Vegetables,11.9,17.85,14.88
2023-12-16,Cantaloupe,Fruits,6.0,50.0,30.16
2023-12-16,Carrot,Vegetables,17.93,26.89,22.41
2023-12-16,Black pepper,Herbs & Spices,280.0,850.0,564.37
2023-12-16,Corn,Grains,10.0,45.0,20.97
2023-12-16,Cucumber,Vegetables,3.0,98.0,21.37
2023-12-16,Cumin,Herbs & Spices,250.0,700.0,370.41
2023-12-16,Eggplant,Vegetables,3.0,360.8,23.48
2023-12-16,Garlic,Vegetables,12.0,1620.8,149.88
2023-12-16,Ginger,Herbs & Spices,18.0,780.8,85.36
2023-12-16,Coriander Leaves,Herbs & Spices,15.98,23.97,19.97
2023-12-17,Orange,Fruits,5.0,60.0,25.32
2023-12-17,Lemon,Fruits,10.0,80.0,38.02
2023-12-17,Mango,Fruits,63.0,80.0,70.0
2023-12-17,Mint,Herbs & Spices,9.88,14.83,12.36
2023-12-17,Okra,Vegetables,6.0,100.0,36.96
2023-12-17,Onion,Vegetables,2.0,85.0,29.66
2023-12-17,Pomegranate,Fruits,18.0,185.0,69.03
2023-12-17,Green Hot Pepper,Vegetables,4.0,250.0,29.49
2023-12-17,Rice,Grains,10.0,91.7,33.07
2023-12-17,Tomato,Vegetables,14.89,22.33,18.61
2023-12-17,Turmeric,Herbs & Spices,99.99,108.75,104.12
2023-12-17,Watermelon,Fruits,3.0,40.0,23.39
2023-12-17,Wheat,Grains,18.5,40.0,24.57
2023-12-17,Guava,Fruits,5.0,55.0,24.0
2023-12-17,Potato,Vegetables,2.0,52.0,11.68
2023-12-17,Green Onion,Vegetables,10.75,16.13,13.44
2023-12-17,Eggplant,Vegetables,2.0,112.0,24.09
2023-12-17,Green Beans,Vegetables,13.0,70.0,42.5
2023-12-17,Apple,Fruits,14.0,160.0,65.77
2023-12-17,Banana,Fruits,4.0,72.0,26.64
2023-12-17,Barley,Grains,16.5,23.0,19.74
2023-12-17,Bell Pepper,Vegetables,10.0,95.2,31.28
2023-12-17,Black pepper,Herbs & Spices,560.0,650.0,600.0
2023-12-17,Cantaloupe,Fruits,6.0,12.0,8.0
2023-12-17,Carrot,Vegetables,3.0,80.0,20.59
2023-12-17,Cabbage,Vegetables,10.62,15.94,13.28
2023-12-17,Corn,Grains,15.0,26.4,20.7
2023-12-17,Cucumber,Vegetables,3.0,81.0,20.83
2023-12-17,Garlic,Vegetables,17.0,340.0,134.17
2023-12-17,Ginger,Herbs & Spices,12.4,150.0,74.16
2023-12-17,Grapes,Fruits,12.5,150.0,68.27
2023-12-17,Coriander Leaves,Herbs & Spices,12.34,18.51,15.42
2023-12-18,Lemon,Fruits,10.0,100.0,36.16
2023-12-18,Orange,Fruits,5.0,120.0,39.16
2023-12-18,Mango,Fruits,20.0,300.0,96.78
2023-12-18,Mint,Herbs & Spices,15.82,23.73,19.78
2023-12-18,Okra,Vegetables,6.0,165.8,43.02
2023-12-18,Onion,Vegetables,23.24,34.86,29.05
2023-12-18,Peach,Fruits,13.0,18.0,15.0
2023-12-18,Rice,Grains,10.0,70.0,33.2
2023-12-18,Pomegranate,Fruits,10.0,415.0,76.25
2023-12-18,Potato,Vegetables,10.16,15.24,12.7
2023-12-18,Tomato,Vegetables,15.92,23.89,19.91
2023-12-18,Turmeric,Herbs & Spices,35.0,145.63,104.05
2023-12-18,Watermelon,Fruits,3.0,43.61,21.39
2023-12-18,Wheat,Grains,17.0,53.15,25.19
2023-12-18,Guava,Fruits,5.0,70.0,27.75
2023-12-18,Pear,Fruits,65.0,65.0,65.0
2023-12-18,Green Onion,Vegetables,13.64,20.46,17.05
2023-12-18,Banana,Fruits,4.0,80.0,29.01
2023-12-18,Green Beans,Vegetables,7.0,440.8,50.83
2023-12-18,Apple,Fruits,6.2,250.0,68.42
2023-12-18,Green Hot Pepper,Vegetables,4.0,275.8,30.54
2023-12-18,Barley,Grains,16.5,23.5,19.82
2023-12-18,Bell Pepper,Vegetables,5.0,385.8,35.71
2023-12-18,Black pepper,Herbs & Spices,451.19,850.0,574.88
2023-12-18,Cantaloupe,Fruits,6.0,55.0,37.06
2023-12-18,Carrot,Vegetables,3.0,330.8,22.27
2023-12-18,Cabbage,Vegetables,11.96,17.93,14.94
2023-12-18,Corn,Grains,16.83,25.25,21.04
2023-12-18,Cucumber,Vegetables,3.0,90.8,20.6
2023-12-18,Cumin,Herbs & Spices,220.0,700.0,365.89
2023-12-18,Eggplant,Vegetables,2.0,330.8,24.52
2023-12-18,Garlic,Vegetables,15.0,1485.8,158.95
2023-12-18,Ginger,Herbs & Spices,12.0,720.8,81.98
2023-12-18,Grapes,Fruits,12.5,350.0,79.46
2023-12-18,Coriander Leaves,Herbs & Spices,16.41,24.62,20.51
2023-12-19,Onion,Vegetables,27.77,41.66,34.71
2023-12-19,Guava,Fruits,5.0,80.0,27.04
2023-12-19,Lemon,Fruits,8.0,90.0,36.74
2023-12-19,Mango,Fruits,20.0,300.0,101.43
2023-12-19,Mint,Herbs & Spices,17.33,25.99,21.66
2023-12-19,Okra,Vegetables,5.0,150.8,39.86
2023-12-19,Orange,Fruits,5.0,120.0,39.14
2023-12-19,Green Onion,Vegetables,13.57,20.35,16.96
2023-12-19,Pomegranate,Fruits,10.0,355.0,76.73
2023-12-19,Potato,Vegetables,10.15,15.22,12.68
2023-12-19,Rice,Grains,10.0,85.0,33.48
2023-12-19,Tomato,Vegetables,15.62,23.42,19.52
2023-12-19,Turmeric,Herbs & Spices,42.16,210.0,102.88
2023-12-19,Watermelon,Fruits,2.5,40.0,23.0
2023-12-19,Wheat,Grains,13.01,83.02,25.32
2023-12-19,Peach,Fruits,15.0,20.0,18.0
2023-12-19,Green Hot Pepper,Vegetables,4.0,250.8,32.13
2023-12-19,Apple,Fruits,6.3,180.0,67.91
2023-12-19,Grapes,Fruits,13.5,250.0,81.55
2023-12-19,Green Beans,Vegetables,7.0,400.8,49.73
2023-12-19,Banana,Fruits,23.09,34.64,28.87
2023-12-19,Barley,Grains,14.8,23.5,19.76
2023-12-19,Bell Pepper,Vegetables,5.0,100.0,33.42
2023-12-19,Black pepper,Herbs & Spices,280.0,850.0,573.7
2023-12-19,Cantaloupe,Fruits,6.0,49.0,25.04
2023-12-19,Carrot,Vegetables,2.0,303.0,21.95
2023-12-19,Cabbage,Vegetables,11.88,17.82,14.85
2023-12-19,Corn,Grains,12.51,45.0,20.92
2023-12-19,Cucumber,Vegetables,3.0,83.0,20.87
2023-12-19,Cumin,Herbs & Spices,280.05,700.0,359.85
2023-12-19,Eggplant,Vegetables,2.0,300.8,24.66
2023-12-19,Garlic,Vegetables,18.0,1350.8,157.36
2023-12-19,Ginger,Herbs & Spices,16.0,660.8,84.95
2023-12-19,Coriander Leaves,Herbs & Spices,17.17,25.76,21.46
2023-12-20,Okra,Vegetables,6.0,180.8,43.57
2023-12-20,Guava,Fruits,6.0,70.0,28.24
2023-12-20,Lemon,Fruits,10.0,100.0,38.43
2023-12-20,Mango,Fruits,19.0,300.0,103.54
2023-12-20,Mint,Herbs & Spices,18.21,27.31,22.76
2023-12-20,Onion,Vegetables,23.19,34.79,28.99
2023-12-20,Wheat,Grains,14.77,54.27,25.14
2023-12-20,Pomegranate,Fruits,10.0,182.5,73.5
2023-12-20,Potato,Vegetables,10.9,16.35,13.63
2023-12-20,Rice,Grains,10.0,88.0,33.45
2023-12-20,Tomato,Vegetables,15.86,23.79,19.82
2023-12-20,Turmeric,Herbs & Spices,21.0,210.0,98.17
2023-12-20,Watermelon,Fruits,2.5,40.0,21.56
2023-12-20,Green Onion,Vegetables,14.63,21.94,18.29
2023-12-20,Orange,Fruits,5.0,120.0,41.84
2023-12-20,Green Hot Pepper,Vegetables,5.0,330.8,32.21
2023-12-20,Cumin,Herbs & Spices,230.05,700.0,356.98
2023-12-20,Grapes,Fruits,18.5,180.0,80.95
2023-12-20,Apple,Fruits,8.0,162.0,68.85
2023-12-20,Banana,Fruits,4.0,125.0,28.98
2023-12-20,Barley,Grains,16.0,23.4,19.98
2023-12-20,Green Beans,Vegetables,7.0,480.8,51.72
2023-12-20,Black pepper,Herbs & Spices,488.0,850.0,579.93
2023-12-20,Cabbage,Vegetables,11.98,17.97,14.98
2023-12-20,Cantaloupe,Fruits,6.0,48.0,28.07
2023-12-20,Bell Pepper,Vegetables,5.0,390.8,35.95
2023-12-20,Coriander Leaves,Herbs & Spices,18.05,27.08,22.57
2023-12-20,Corn,Grains,12.0,45.0,21.11
2023-12-20,Cucumber,Vegetables,3.0,240.8,22.67
2023-12-20,Eggplant,Vegetables,2.0,360.8,25.67
2023-12-20,Garlic,Vegetables,13.0,1680.8,157.99
2023-12-20,Ginger,Herbs & Spices,16.0,660.8,86.64
2023-12-20,Carrot,Vegetables,3.0,312.8,23.08
2023-12-21,Okra,Vegetables,7.5,165.8,44.81
2023-12-21,Wheat,Grains,15.0,49.51,24.96
2023-12-21,Guava,Fruits,5.0,70.0,28.31
2023-12-21,Lemon,Fruits,10.0,100.0,37.92
2023-12-21,Mango,Fruits,20.0,300.0,108.2
2023-12-21,Mint,Herbs & Spices,12.68,19.02,15.85
2023-12-21,Onion,Vegetables,22.19,33.29,27.74
2023-12-21,Green Onion,Vegetables,14.15,21.22,17.68
2023-12-21,Peach,Fruits,20.0,25.0,22.0
2023-12-21,Pomegranate,Fruits,10.0,360.0,74.1
2023-12-21,Potato,Vegetables,10.17,15.25,12.71
2023-12-21,Rice,Grains,10.0,88.0,33.48
2023-12-21,Tomato,Vegetables,15.67,23.51,19.59
2023-12-21,Turmeric,Herbs & Spices,45.49,210.0,109.54
2023-12-21,Watermelon,Fruits,2.5,40.0,24.93
2023-12-21,Orange,Fruits,5.0,120.0,41.23
2023-12-21,Green Hot Pepper,Vegetables,5.0,303.0,33.14
2023-12-21,Ginger,Herbs & Spices,18.1,605.8,85.93
2023-12-21,Grapes,Fruits,18.5,220.0,78.7
2023-12-21,Green Beans,Vegetables,16.0,440.8,52.54
2023-12-21,Apple,Fruits,8.75,162.0,68.49
2023-12-21,Banana,Fruits,5.5,95.0,28.77
2023-12-21,Barley,Grains,15.5,23.4,20.45
2023-12-21,Black pepper,Herbs & Spices,280.0,850.0,564.33
2023-12-21,Cabbage,Vegetables,12.14,18.22,15.18
2023-12-21,Cantaloupe,Fruits,6.0,47.0,27.74
2023-12-21,Bell Pepper,Vegetables,6.0,358.0,34.86
2023-12-21,Coriander Leaves,Herbs & Spices,21.99,32.99,27.49
2023-12-21,Corn,Grains,2.18,45.0,20.97
2023-12-21,Cucumber,Vegetables,4.0,220.8,21.9
2023-12-21,Cumin,Herbs & Spices,175.0,700.0,353.21
2023-12-21,Eggplant,Vegetables,2.5,330.8,26.36
2023-12-21,Garlic,Vegetables,5.0,2210.0,156.29
2023-12-21,Carrot,Vegetables,4.0,286.8,21.7
2023-12-22,Orange,Fruits,5.0,120.0,38.96
2023-12-22,Lemon,Fruits,10.0,80.0,37.27
2023-12-22,Mango,Fruits,20.0,300.0,123.3
2023-12-22,Mint,Herbs & Spices,15.57,23.36,19.46
2023-12-22,Okra,Vegetables,7.5,165.0,45.85
2023-12-22,Onion,Vegetables,21.35,32.02,26.68
2023-12-22,Peach,Fruits,18.0,21.0,20.0
2023-12-22,Wheat,Grains,11.0,54.19,24.76
2023-12-22,Pomegranate,Fruits,10.0,180.0,70.85
2023-12-22,Potato,Vegetables,10.18,15.26,12.72
2023-12-22,Rice,Grains,10.0,88.0,32.72
2023-12-22,Tomato,Vegetables,15.45,23.17,19.31
2023-12-22,Turmeric,Herbs & Spices,45.0,210.0,110.61
2023-12-22,Watermelon,Fruits,2.5,40.0,22.11
2023-12-22,Guava,Fruits,7.0,80.0,28.52
2023-12-22,Pear,Fruits,200.0,200.0,200.0
2023-12-22,Green Onion,Vegetables,14.51,21.76,18.13
2023-12-22,Green Hot Pepper,Vegetables,5.0,275.8,31.32
2023-12-22,Green Beans,Vegetables,15.0,400.8,51.71
2023-12-22,Banana,Fruits,5.5,126.0,29.56
2023-12-22,Barley,Grains,16.6,25.91,20.36
2023-12-22,Bell Pepper,Vegetables,8.0,320.8,36.44
2023-12-22,Black pepper,Herbs & Spices,487.0,850.0,582.05
2023-12-22,Cabbage,Vegetables,11.82,17.73,14.77
2023-12-22,Cantaloupe,Fruits,6.0,47.0,27.74
2023-12-22,Carrot,Vegetables,3.0,260.8,21.84
2023-12-22,Apple,Fruits,8.75,225.0,68.09
2023-12-22,Corn,Grains,12.22,46.5,20.92
2023-12-22,Cucumber,Vegetables,17.9,26.86,22.38
2023-12-22,Cumin,Herbs & Spices,250.0,700.0,357.83
2023-12-22,Eggplant,Vegetables,3.0,300.8,26.68
2023-12-22,Garlic,Vegetables,10.0,1400.8,154.7
2023-12-22,Ginger,Herbs & Spices,18.2,550.8,88.46
2023-12-22,Grapes,Fruits,12.5,200.0,74.36
2023-12-22,Coriander Leaves,Herbs & Spices,20.89,31.34,26.12
2023-12-23,Guava,Fruits,6.0,60.0,27.67
2023-12-23,Lemon,Fruits,10.0,100.0,37.01
2023-12-23,Mango,Fruits,38.5,300.0,123.9
2023-12-23,Mint,Herbs & Spices,18.07,27.11,22.59
2023-12-23,Okra,Vegetables,6.0,390.8,47.07
2023-12-23,Onion,Vegetables,21.5,32.25,26.88
2023-12-23,Orange,Fruits,5.0,120.0,37.75
2023-12-23,Rice,Grains,20.0,91.5,32.03
2023-12-23,Pomegranate,Fruits,15.0,180.0,69.62
2023-12-23,Potato,Vegetables,9.72,14.58,12.15
2023-12-23,Wheat,Grains,15.29,58.17,24.86
2023-12-23,Turmeric,Herbs & Spices,63.0,110.0,96.12
2023-12-23,Watermelon,Fruits,2.5,40.0,22.48
2023-12-23,Green Onion,Vegetables,16.52,24.79,20.66
2023-12-23,Peach,Fruits,18.0,21.0,20.0
2023-12-23,Green Hot Pepper,Vegetables,4.0,358.0,31.84
2023-12-23,Tomato,Vegetables,2.3,293.0,18.63
2023-12-23,Grapes,Fruits,12.5,220.0,78.48
2023-12-23,Green Beans,Vegetables,15.0,480.8,57.13
2023-12-23,Banana,Fruits,5.5,126.0,29.33
2023-12-23,Barley,Grains,16.5,23.3,20.4
2023-12-23,Bell Pepper,Vegetables,10.0,480.8,37.49
2023-12-23,Black pepper,Herbs & Spices,488.0,650.0,561.67
2023-12-23,Cabbage,Vegetables,11.68,17.52,14.6
2023-12-23,Cantaloupe,Fruits,6.0,55.0,35.23
2023-12-23,Apple,Fruits,8.75,200.0,66.66
2023-12-23,Coriander Leaves,Herbs & Spices,19.55,29.33,24.44
2023-12-23,Corn,Grains,15.0,29.0,20.46
2023-12-23,Cucumber,Vegetables,4.0,390.8,22.54
2023-12-23,Cumin,Herbs & Spices,150.0,430.0,328.76
2023-12-23,Eggplant,Vegetables,3.0,480.8,26.54
2023-12-23,Garlic,Vegetables,20.0,1820.8,161.71
2023-12-23,Ginger,Herbs & Spices,14.0,840.8,88.78
2023-12-23,Carrot,Vegetables,3.0,338.8,21.69
2023-12-24,Guava,Fruits,10.0,42.5,22.52
2023-12-24,Lemon,Fruits,15.0,100.0,39.87
2023-12-24,Mango,Fruits,38.5,122.0,66.83
2023-12-24,Mint,Herbs & Spices,0.03,0.05,0.04
2023-12-24,Okra,Vegetables,14.0,90.0,45.7
2023-12-24,Onion,Vegetables,2.0,550.0,29.9
2023-12-24,Rice,Grains,24.8,50.0,33.67
2023-12-24,Pomegranate,Fruits,17.0,120.0,61.44
2023-12-24,Potato,Vegetables,9.41,14.11,11.76
2023-12-24,Tomato,Vegetables,3.3,70.0,18.22
2023-12-24,Watermelon,Fruits,2.5,30.0,14.0
2023-12-24,Wheat,Grains,20.0,39.11,24.29
2023-12-24,Green Onion,Vegetables,11.39,17.08,14.23
2023-12-24,Orange,Fruits,5.0,50.0,26.0
2023-12-24,Green Hot Pepper,Vegetables,3.5,150.0,33.3
2023-12-24,Green Beans,Vegetables,22.0,64.0,42.71
2023-12-24,Grapes,Fruits,12.5,100.0,56.0
2023-12-24,Apple,Fruits,16.5,180.0,66.63
2023-12-24,Banana,Fruits,7.0,71.0,26.35
2023-12-24,Barley,Grains,16.0,22.7,20.05
2023-12-24,Black pepper,Herbs & Spices,560.0,650.0,600.0
2023-12-24,Cabbage,Vegetables,2.0,45.0,14.2
2023-12-24,Carrot,Vegetables,3.0,80.0,20.19
2023-12-24,Bell Pepper,Vegetables,10.0,80.0,28.87
2023-12-24,Corn,Grains,16.0,26.0,20.25
2023-12-24,Cucumber,Vegetables,3.0,61.0,21.81
2023-12-24,Eggplant,Vegetables,5.0,135.0,27.7
2023-12-24,Garlic,Vegetables,70.0,282.0,142.61
2023-12-24,Ginger,Herbs & Spices,18.2,174.0,79.4
2023-12-24,Coriander Leaves,Herbs & Spices,11.73,17.59,14.66
2023-12-25,Okra,Vegetables,10.0,390.7,50.62
2023-12-25,Green Onion,Vegetables,10.48,15.72,13.1
2023-12-25,Guava,Fruits,8.0,60.0,26.18
2023-12-25,Lemon,Fruits,10.0,80.0,35.7
2023-12-25,Mango,Fruits,58.0,90.0,72.5
2023-12-25,Mint,Herbs & Spices,12.71,19.07,15.89
2023-12-25,Onion,Vegetables,21.79,32.69,27.24
2023-12-25,Wheat,Grains,18.0,38.0,24.46
2023-12-25,Pomegranate,Fruits,15.0,385.0,80.57
2023-12-25,Potato,Vegetables,10.04,15.06,12.55
2023-12-25,Rice,Grains,17.0,100.0,35.85
2023-12-25,Tomato,Vegetables,2.0,293.0,18.9
2023-12-25,Watermelon,Fruits,2.5,26.0,17.5
2023-12-25,Green Hot Pepper,Vegetables,2.5,358.0,38.1
2023-12-25,Orange,Fruits,5.0,160.0,40.82
2023-12-25,Green Beans,Vegetables,20.0,480.8,69.72
2023-12-25,Apple,Fruits,16.5,220.0,70.1
2023-12-25,Ginger,Herbs & Spices,13.5,840.8,90.29
2023-12-25,Grapes,Fruits,12.5,120.0,67.97
2023-12-25,Banana,Fruits,7.0,70.0,26.27
2023-12-25,Barley,Grains,17.25,22.7,20.6
2023-12-25,Bell Pepper,Vegetables,10.0,480.8,43.1
2023-12-25,Cabbage,Vegetables,3.0,182.7,15.24
2023-12-25,Cantaloupe,Fruits,5.0,12.0,7.5
2023-12-25,Black pepper,Herbs & Spices,498.0,650.0,564.12
2023-12-25,Coriander Leaves,Herbs & Spices,13.97,20.96,17.47
2023-12-25,Corn,Grains,15.0,27.0,20.66
2023-12-25,Cucumber,Vegetables,2.0,390.8,23.49
2023-12-25,Cumin,Herbs & Spices,225.0,386.25,328.39
2023-12-25,Eggplant,Vegetables,3.0,480.7,32.4
2023-12-25,Garlic,Vegetables,50.0,1820.8,189.98
2023-12-25,Carrot,Vegetables,4.0,338.8,23.85
2023-12-26,Onion,Vegetables,20.0,30.0,25.0
2023-12-26,Guava,Fruits,8.0,80.0,29.54
2023-12-26,Lemon,Fruits,7.0,130.0,39.18
2023-12-26,Mango,Fruits,44.0,300.0,111.66
2023-12-26,Mint,Herbs & Spices,26.57,39.86,33.22
2023-12-26,Okra,Vegetables,7.5,360.8,47.0
2023-12-26,Orange,Fruits,5.0,128.0,44.21
2023-12-26,Watermelon,Fruits,2.5,45.0,24.45
2023-12-26,Pomegranate,Fruits,10.0,350.0,73.71
2023-12-26,Potato,Vegetables,9.85,14.77,12.31
2023-12-26,Rice,Grains,18.0,91.6,33.57
2023-12-26,Tomato,Vegetables,15.55,23.33,19.44
2023-12-26,Turmeric,Herbs & Spices,50.48,210.0,111.44
2023-12-26,Wheat,Grains,18.15,325.71,24.93
2023-12-26,Peach,Fruits,20.0,28.0,25.0
2023-12-26,Green Hot Pepper,Vegetables,5.0,330.8,34.53
2023-12-26,Green Onion,Vegetables,15.26,22.88,19.07
2023-12-26,Grapes,Fruits,12.5,200.0,80.36
2023-12-26,Apple,Fruits,6.4,220.0,69.14
2023-12-26,Banana,Fruits,23.17,34.76,28.97
2023-12-26,Barley,Grains,16.71,23.8,20.49
2023-12-26,Bell Pepper,Vegetables,5.0,440.8,39.23
2023-12-26,Black pepper,Herbs & Spices,275.0,850.0,561.54
2023-12-26,Cabbage,Vegetables,12.28,18.41,15.34
2023-12-26,Cantaloupe,Fruits,5.0,61.0,35.84
2023-12-26,Green Beans,Vegetables,20.0,440.8,52.75
2023-12-26,Coriander Leaves,Herbs & Spices,23.35,35.02,29.18
2023-12-26,Corn,Grains,16.73,25.09,20.91
2023-12-26,Cucumber,Vegetables,2.0,360.8,22.3
2023-12-26,Cumin,Herbs & Spices,160.0,700.0,351.41
2023-12-26,Eggplant,Vegetables,3.0,440.8,27.34
2023-12-26,Garlic,Vegetables,5.0,1680.8,158.59
2023-12-26,Ginger,Herbs & Spices,7.7,770.8,86.4
2023-12-26,Carrot,Vegetables,17.46,26.19,21.82
2023-12-27,Guava,Fruits,8.0,70.0,29.03
2023-12-27,Lemon,Fruits,10.0,100.0,38.1
2023-12-27,Mango,Fruits,59.0,300.0,125.76
2023-12-27,Mint,Herbs & Spices,11.2,16.81,14.0
2023-12-27,Okra,Vegetables,5.0,403.8,48.32
2023-12-27,Onion,Vegetables,20.53,30.8,25.66
2023-12-27,Orange,Fruits,5.0,128.0,42.77
2023-12-27,Rice,Grains,18.0,88.0,33.89
2023-12-27,Pomegranate,Fruits,10.0,180.0,70.72
2023-12-27,Potato,Vegetables,9.98,14.98,12.48
2023-12-27,Tomato,Vegetables,2.0,312.8,19.22
2023-12-27,Turmeric,Herbs & Spices,56.65,210.0,106.88
2023-12-27,Watermelon,Fruits,2.5,45.0,22.78
2023-12-27,Wheat,Grains,14.27,54.29,24.89
2023-12-27,Green Onion,Vegetables,15.22,22.83,19.03
2023-12-27,Peach,Fruits,16.0,18.0,17.0
2023-12-27,Green Hot Pepper,Vegetables,5.0,377.8,34.24
2023-12-27,Green Beans,Vegetables,15.0,450.8,52.64
2023-12-27,Grapes,Fruits,12.5,180.0,72.01
2023-12-27,Banana,Fruits,5.0,96.0,28.68
2023-12-27,Barley,Grains,15.5,24.0,20.17
2023-12-27,Bell Pepper,Vegetables,4.0,488.0,39.38
2023-12-27,Black pepper,Herbs & Spices,500.0,850.0,580.25
2023-12-27,Cabbage,Vegetables,12.17,18.26,15.22
2023-12-27,Cantaloupe,Fruits,5.0,50.0,33.84
2023-12-27,Carrot,Vegetables,2.0,325.8,21.36
2023-12-27,Apple,Fruits,6.3,220.0,68.93
2023-12-27,Corn,Grains,11.0,48.07,21.15
2023-12-27,Cucumber,Vegetables,2.0,403.8,22.39
2023-12-27,Cumin,Herbs & Spices,176.25,700.0,321.13
2023-12-27,Eggplant,Vegetables,3.0,488.0,28.08
2023-12-27,Garlic,Vegetables,5.0,1885.8,157.58
2023-12-27,Ginger,Herbs & Spices,7.6,943.0,87.14
2023-12-27,Coriander Leaves,Herbs & Spices,22.27,33.4,27.84
2023-12-28,Guava,Fruits,7.0,70.0,28.68
2023-12-28,Lemon,Fruits,6.0,95.0,37.69
2023-12-28,Mango,Fruits,60.0,240.0,112.27
2023-12-28,Mint,Herbs & Spices,34.89,52.34,43.62
2023-12-28,Okra,Vegetables,6.5,372.8,47.94
2023-12-28,Onion,Vegetables,19.88,29.82,24.85
2023-12-28,Orange,Fruits,5.0,100.0,38.92
2023-12-28,Potato,Vegetables,9.76,14.63,12.19
2023-12-28,Pomegranate,Fruits,10.0,320.0,70.21
2023-12-28,Rice,Grains,10.0,110.0,34.16
2023-12-28,Tomato,Vegetables,15.73,23.59,19.66
2023-12-28,Turmeric,Herbs & Spices,63.8,210.0,111.64
2023-12-28,Wheat,Grains,15.0,52.76,24.99
2023-12-28,Green Onion,Vegetables,13.6,20.41,17.01
2023-12-28,Peach,Fruits,18.0,20.0,19.0
2023-12-28,Green Hot Pepper,Vegetables,3.5,400.0,36.56
2023-12-28,Watermelon,Fruits,2.5,80.0,24.56
2023-12-28,Grapes,Fruits,12.5,220.0,72.24
2023-12-28,Green Beans,Vegetables,16.0,413.0,52.84
2023-12-28,Apple,Fruits,13.0,280.0,71.98
2023-12-28,Banana,Fruits,5.5,120.0,30.07
2023-12-28,Barley,Grains,16.5,23.5,20.46
2023-12-28,Bell Pepper,Vegetables,6.0,450.8,40.32
2023-12-28,Cabbage,Vegetables,2.0,150.8,15.37
2023-12-28,Cantaloupe,Fruits,5.0,55.0,33.58
2023-12-28,Black pepper,Herbs & Spices,280.0,850.0,570.27
2023-12-28,Coriander Leaves,Herbs & Spices,24.59,36.88,30.73
2023-12-28,Corn,Grains,12.22,45.0,21.09
2023-12-28,Cucumber,Vegetables,2.0,372.8,21.99
2023-12-28,Cumin,Herbs & Spices,150.0,700.0,295.12
2023-12-28,Eggplant,Vegetables,3.0,450.8,27.85
2023-12-28,Garlic,Vegetables,7.01,1740.8,158.57
2023-12-28,Ginger,Herbs & Spices,13.0,870.8,89.32
2023-12-28,Carrot,Vegetables,4.0,300.8,22.96
2023-12-29,Onion,Vegetables,19.36,29.05,24.2
2023-12-29,Guava,Fruits,7.0,70.0,28.4
2023-12-29,Lemon,Fruits,10.0,85.0,36.18
2023-12-29,Mango,Fruits,20.0,240.0,110.81
2023-12-29,Mint,Herbs & Spices,11.96,17.94,14.95
2023-12-29,Okra,Vegetables,7.5,372.8,47.02
2023-12-29,Orange,Fruits,5.0,128.0,39.32
2023-12-29,Wheat,Grains,5.0,51.17,25.02
2023-12-29,Pomegranate,Fruits,10.0,360.0,70.01
2023-12-29,Potato,Vegetables,9.62,14.43,12.02
2023-12-29,Rice,Grains,10.0,90.0,33.51
2023-12-29,Tomato,Vegetables,15.67,23.5,19.59
2023-12-29,Turmeric,Herbs & Spices,51.0,210.0,103.15
2023-12-29,Green Onion,Vegetables,13.72,20.57,17.15
2023-12-29,Peach,Fruits,16.0,18.0,17.0
2023-12-29,Green Hot Pepper,Vegetables,2.0,348.8,34.65
2023-12-29,Watermelon,Fruits,2.5,50.0,20.42
2023-12-29,Grapes,Fruits,12.5,220.0,76.17
2023-12-29,Green Beans,Vegetables,15.0,375.8,52.24
2023-12-29,Apple,Fruits,13.33,225.0,71.46
2023-12-29,Banana,Fruits,23.72,35.59,29.66
2023-12-29,Barley,Grains,15.11,24.0,20.16
2023-12-29,Bell Pepper,Vegetables,8.0,450.8,40.45
2023-12-29,Cabbage,Vegetables,2.0,150.8,14.56
2023-12-29,Cantaloupe,Fruits,5.0,52.0,28.75
2023-12-29,Black pepper,Herbs & Spices,290.0,850.0,546.66
2023-12-29,Coriander Leaves,Herbs & Spices,21.31,31.97,26.64
2023-12-29,Corn,Grains,14.0,45.0,21.06
2023-12-29,Cucumber,Vegetables,2.0,372.8,21.67
2023-12-29,Cumin,Herbs & Spices,105.69,700.0,282.98
2023-12-29,Eggplant,Vegetables,21.48,32.22,26.85
2023-12-29,Garlic,Vegetables,5.0,1740.8,162.81
2023-12-29,Ginger,Herbs & Spices,9.93,870.8,88.1
2023-12-29,Carrot,Vegetables,4.0,300.8,21.64
2023-12-30,Okra,Vegetables,7.5,390.8,47.28
2023-12-30,Green Onion,Vegetables,13.56,20.34,16.95
2023-12-30,Guava,Fruits,7.0,65.0,28.34
2023-12-30,Lemon,Fruits,7.0,80.0,37.5
2023-12-30,Mango,Fruits,38.5,240.0,138.02
2023-12-30,Mint,Herbs & Spices,13.68,20.52,17.1
2023-12-30,Onion,Vegetables,18.89,28.34,23.62
2023-12-30,Wheat,Grains,13.57,53.39,24.9
2023-12-30,Pear,Fruits,20.0,20.0,20.0
2023-12-30,Pomegranate,Fruits,10.0,180.0,67.52
2023-12-30,Potato,Vegetables,9.61,14.42,12.02
2023-12-30,Rice,Grains,10.0,80.0,33.0
2023-12-30,Tomato,Vegetables,15.32,22.98,19.15
2023-12-30,Turmeric,Herbs & Spices,63.3,210.0,106.25
2023-12-30,Watermelon,Fruits,2.5,50.0,24.11
2023-12-30,Orange,Fruits,5.0,100.0,35.33
2023-12-30,Green Hot Pepper,Vegetables,5.0,358.0,34.94
2023-12-30,Grapes,Fruits,12.5,160.0,67.21
2023-12-30,Ginger,Herbs & Spices,7.5,975.8,89.21
2023-12-30,Green Beans,Vegetables,15.0,420.8,56.28
2023-12-30,Apple,Fruits,6.4,200.0,70.34
2023-12-30,Banana,Fruits,5.5,120.0,29.22
2023-12-30,Barley,Grains,16.5,25.0,20.37
2023-12-30,Bell Pepper,Vegetables,6.0,455.8,39.58
2023-12-30,Cabbage,Vegetables,11.58,17.38,14.48
2023-12-30,Cantaloupe,Fruits,5.0,52.0,28.25
2023-12-30,Black pepper,Herbs & Spices,290.0,850.0,571.42
2023-12-30,Coriander Leaves,Herbs & Spices,22.19,33.28,27.73
2023-12-30,Corn,Grains,16.59,24.89,20.74
2023-12-30,Cucumber,Vegetables,17.93,26.89,22.41
2023-12-30,Cumin,Herbs & Spices,36.69,700.0,279.61
2023-12-30,Eggplant,Vegetables,3.0,455.8,27.15
2023-12-30,Garlic,Vegetables,5.0,1885.8,161.24
2023-12-30,Carrot,Vegetables,17.24,25.86,21.55
2023-12-31,Mint,Herbs & Spices,10.73,16.1,13.42
2023-12-31,Green Onion,Vegetables,11.92,17.87,14.89
2023-12-31,Guava,Fruits,7.0,45.0,23.98
2023-12-31,Lemon,Fruits,15.0,85.0,39.3
2023-12-31,Mango,Fruits,50.0,90.0,76.67
2023-12-31,Okra,Vegetables,10.0,100.0,44.61
2023-12-31,Green Hot Pepper,Vegetables,5.0,150.0,31.93
2023-12-31,Orange,Fruits,5.0,60.0,30.31
2023-12-31,Pomegranate,Fruits,15.0,180.0,64.05
2023-12-31,Potato,Vegetables,2.0,50.0,11.32
2023-12-31,Rice,Grains,10.0,511.11,31.23
2023-12-31,Tomato,Vegetables,14.22,21.32,17.77
2023-12-31,Turmeric,Herbs & Spices,107.25,108.5,107.85
2023-12-31,Onion,Vegetables,18.64,27.97,23.31
2023-12-31,Green Beans,Vegetables,25.0,95.0,48.15
2023-12-31,Watermelon,Fruits,2.5,40.0,23.39
2023-12-31,Ginger,Herbs & Spices,12.0,290.0,83.08
2023-12-31,Apple,Fruits,16.5,180.0,71.82
2023-12-31,Banana,Fruits,5.5,75.0,28.34
2023-12-31,Barley,Grains,13.0,23.3,20.24
2023-12-31,Bell Pepper,Vegetables,10.0,82.0,38.31
2023-12-31,Black pepper,Herbs & Spices,518.0,650.0,560.0
2023-12-31,Cabbage,Vegetables,2.5,57.0,14.68
2023-12-31,Grapes,Fruits,12.5,127.0,64.62
2023-12-31,Cantaloupe,Fruits,5.0,12.0,7.5
2023-12-31,Coriander Leaves,Herbs & Spices,15.54,23.31,19.42
2023-12-31,Corn,Grains,15.0,27.5,20.72
2023-12-31,Cucumber,Vegetables,2.0,72.0,20.39
2023-12-31,Cumin,Herbs & Spices,230.3,334.0,282.2
2023-12-31,Eggplant,Vegetables,4.0,100.0,27.47
2023-12-31,Garlic,Vegetables,45.0,300.0,148.05
2023-12-31,Carrot,Vegetables,4.0,85.0,20.89
2023-12-31,Wheat,Grains,19.0,65.7,24.36
